Nombre serie,Unidades,Tema dataset,Frecuencia,Cantidad,Detalles,IDs
Exportaciones por provincia y por país de destino. Valores anuales,Millones de dolares,Sector Externo,A,336,Datos exportaciones caba Alemania | Datos exportaciones caba Brasil | Datos exportaciones caba Chile | Datos exportaciones caba Espania | Datos exportaciones caba Estados Unidos,357.1_CABA_ALEMANIA__13 | 357.1_CABA_BRASISIL__11 | 357.1_CABA_CHILEILE__10 | 357.1_CABA_ESPANNIA__12 | 357.1_CABA_ESTADDOS__19
Situación Patrimonial del sistema financiero. Datos anual,Millones de pesos corrientes,Dinero y Bancos,A,247,Bancos Privados Extranjeros. Activo. Préstamos. Sector Privado | Bancos Privados Extranjeros. Pasivo. Depósitos Sector Privado | Bancos Privados Nacionales. Pasivo. Depósitos Sector Privado | Bancos Privados Extranjeros. Activo neteado | Bancos Privados. Pasivo. Depósitos Sector Privado,334.1_BCOS_PRIV_ADO11__53 | 334.1_BCOS_PRIV_ADO29__53 | 334.1_BCOS_PRIV_ADO2__53 | 334.1_BCOS_PRIV_ADO95__28 | 334.1_BCOS_PRIV_ADO_III__49
Situación Patrimonial del sistema financiero. Datos mensuales,Millones de pesos corrientes,Dinero y Bancos,M,247,Bancos Privados Extranjeros. Activo. Préstamos. Sector Privado | Bancos Privados Extranjeros. Pasivo. Depósitos Sector Privado | Bancos Privados Nacionales. Pasivo. Depósitos Sector Privado | Bancos Privados Extranjeros. Activo neteado | Bancos Privados. Pasivo. Depósitos Sector Privado,334.2_BCOS_PRIV_ADO11__53 | 334.2_BCOS_PRIV_ADO29__53 | 334.2_BCOS_PRIV_ADO2__53 | 334.2_BCOS_PRIV_ADO95__28 | 334.2_BCOS_PRIV_ADO_III__49
Cuenta Corriente del Balance de Pagos. Flujos monetarios. Datos anuales,Millones de dólares,Economía Internacional,A,194,Cuenta corriente de balance de pago Afganistán | Cuenta corriente de balance de pago Albania | Cuenta corriente de balance de pago Alemania | Cuenta corriente de balance de pago Angola | Cuenta corriente de balance de pago Anguila,339.1_AFGANISTANTAN__10 | 339.1_ALBANIANIA__7 | 339.1_ALEMANIANIA__8 | 339.1_ANGOLAOLA__6 | 339.1_ANGUILAILA__7
Cuenta Corriente del Balance de Pagos. En porcentaje del producto. Datos anuales,En porcentaje del PIB,Economía Internacional,A,193,Cuenta corriente de balance de pago Afganistán | Cuenta corriente de balance de pago Albania | Cuenta corriente de balance de pago Alemania | Cuenta corriente de balance de pago Angola | Cuenta corriente de balance de pago Anguila,340.1_AFGANISTANTAN__10 | 340.1_ALBANIANIA__7 | 340.1_ALEMANIANIA__8 | 340.1_ANGOLAOLA__6 | 340.1_ANGUILAILA__7
Índice de Precios al Consumidor GBA - Base 1988,Índice base 100,Precios,M,191,"Azúcar | Azúcar, dulces y cacao | Aparatos de radio y TV | Artículos de tocador | Artículos de belleza",176.1_AARCAR_1988_0_6 | 176.1_AAR_DULCAO_1988_0_19 | 176.1_AATOS_R_TV_1988_0_17 | 176.1_ACULOS_DOR_1988_0_17 | 176.1_ACULOS_EZA_1988_0_17
Flujos monetarios netos de Inversión Extranjera Directa. Datos anuales,Millones de dólares,Economía Internacional,A,172,Flujos netos de inversión extranjera directa Afganistán | Flujos netos de inversión extranjera directa Albania | Flujos netos de inversión extranjera directa Alemania | Flujos netos de inversión extranjera directa Angola | Flujos netos de inversión extranjera directa Antillas Holandesas,337.1_AFGANISTANTAN__10 | 337.1_ALBANIANIA__7 | 337.1_ALEMANIANIA__8 | 337.1_ANGOLAOLA__6 | 337.1_ANTILLAS_HSAS__19
Flujos porcentuales netos de Inversión Extranjera Directa. Datos anuales,En porcentaje del PIB,Economía Internacional,A,170,Flujos netos de inversión extranjera directa Afganistán | Flujos netos de inversión extranjera directa Albania | Flujos netos de inversión extranjera directa Alemania | Flujos netos de inversión extranjera directa Angola | Flujos netos de inversión extranjera directa Antillas Holandesas,338.1_AFGANISTANTAN__10 | 338.1_ALBANIANIA__7 | 338.1_ALEMANIANIA__8 | 338.1_ANGOLAOLA__6 | 338.1_ANTILLAS_HSAS__19
Incidencia absoluta mensual por región y por capítulo,Índice,Precios,M,144,Cuyo alimentos bebidas no alcoholicas acumulada | Cuyo alimentos bebidas no alcoholicas mensual | Cuyo bebidas alcoholicas tabaco acumulada | Cuyo bebidas alcoholicas tabaco mensual | Cuyo comunicaciones acumulada,345.1_CUYO_ALIMEADA__47 | 345.1_CUYO_ALIMEUAL__45 | 345.1_CUYO_BEBIDADA__41 | 345.1_CUYO_BEBIDUAL__39 | 345.1_CUYO_COMUNADA__29
Exportaciones por provincia y rubro. Datos anuales,Millones de dólares,Sector Externo,A,140,Exportaciones buenos aires cye | Exportaciones buenos aires moa | Exportaciones buenos aires moi | Exportaciones buenos aires total buenos aires | Exportaciones buenos aires pp,350.1_BUENOS_AIRCYE__16 | 350.1_BUENOS_AIRMOA__16 | 350.1_BUENOS_AIRMOI__16 | 350.1_BUENOS_AIRRES__31 | 350.1_BUENOS_AIR_PP__15
Rentabilidad del sistema financiero. Datos anuales,En millones de pesos,Dinero y Bancos,A,126,Bancos ext priv resultado total integrado | Bancos ext priv resultado total integrado ajustado | Bancos ext priv margen financ | Bancos ext priv margen financ ajustes cer cvs | Bancos ext priv cargos por incobrabilidad,333.1_BANCOS_EXTADO_A_42 | 333.1_BANCOS_EXTADO_A_51 | 333.1_BANCOS_EXTANC_A_30 | 333.1_BANCOS_EXTCVS_A_46 | 333.1_BANCOS_EXTDAD_A_42
Rentabilidad del sistema financiero. Datos mensuales,En millones de pesos,Dinero y Bancos,M,126,Bancos ext priv resultado total integrado | Bancos ext priv resultado total integrado ajustado | Bancos ext priv margen financ | Bancos ext priv margen financ ajustes cer cvs | Bancos ext priv cargos por incobrabilidad,333.2_BANCOS_EXTADO_M_42 | 333.2_BANCOS_EXTADO_M_51 | 333.2_BANCOS_EXTANC_M_30 | 333.2_BANCOS_EXTCVS_M_46 | 333.2_BANCOS_EXTDAD_M_42
Índice de Precios Internos Básicos al por Mayor IProducto Interno Bruto a cuatro dígitos. Datos anuales. Base 1993,Índice 1993=100,Precios,A,122,Alimentos balanceados índice anual | Aparatos de distribución y control eléctrico (II) índice anual | Aparatos de distribución y control eléctrico índice anual | Alimentos diversos n.c.e.p. índice anual | Alcohol etílico y bebidas alcohólicas destiladas índice anual,125.1_AB_1993_0_21 | 125.1_ADCEA_1993_0_42 | 125.1_ADCE_1993_0_39 | 125.1_AD_1993_0_18 | 125.1_AEBAD_1993_0_46
Índice de Precios Internos Básicos al por Mayor IProducto Interno Bruto a cuatro dígitos. Datos mensuales. Base 1993,Índice 1993=100,Precios,M,122,Alimentos balanceados índice mensual IPIB | Aparatos de distribución y control eléctrico (II) índice mensual IPIB | Aparatos de distribución y control eléctrico índice mensual IPIB | Alimentos diversos n.c.e.p. índice mensual IPIB | Alcohol etílico y bebidas alcohólicas destiladas índice mensual IPIB,125.2_AB_1993_0_23 | 125.2_ADCEA_1993_0_44 | 125.2_ADCE_1993_0_41 | 125.2_AD_1993_0_20 | 125.2_AEBAD_1993_0_48
Índice de Precios Internos al por Mayor IPIM desagregado hasta cuatro dígitos. Datos anuales. Base 1993,Índice 1993=100,Precios,A,122,Alimentos balanceados índice anual IPIB | Aparatos de distribución y control eléctrico (ii) índice anual IPIB | Aparatos de distribución y control eléctrico índice anual IPIB | Alimentos diversos n.c.e.p. índice anual IPIB | Alcohol etílico y bebidas alcohólicas destiladas índice anual IPIB,126.1_AB_1993_0_21 | 126.1_ADCEA_1993_0_42 | 126.1_ADCE_1993_0_39 | 126.1_AD_1993_0_18 | 126.1_AEBAD_1993_0_46
Índice de Precios Internos al por Mayor IPIM desagregado hasta cuatro dígitos. Datos mensuales. Base 1993,Índice 1993=100,Precios,M,122,Alimentos balanceados índice mensual IPIM | Aparatos de distribución y control eléctrico (ii) índice mensual IPIM | Aparatos de distribución y control eléctrico índice mensual IPIM | Alimentos diversos n.c.e.p. índice mensual IPIM | Alcohol etílico y bebidas alcohólicas destiladas índice mensual IPIM,126.2_AB_1993_0_23 | 126.2_ADCEA_1993_0_44 | 126.2_ADCE_1993_0_41 | 126.2_AD_1993_0_20 | 126.2_AEBAD_1993_0_48
Relevamiento de Expectativas de Mercado (REM). Datos mensuales,Variación Porcentual,Precios,M,117,REM: Mediana IPC Nacional var ia 2016 | REM: Mediana Tipo de Cambio Nominal var ia 2016 | REM: Mediana IPC GBA var ia 2016 | REM: Mediana IPC GBA núcleo var ia 2016 | REM:Mediana Tasa de Interés var ia 2016,430.1_MEDIANA_IP016_M_0_0_27_16 | 430.1_MEDIANA_IP016_M_0_0_27_25 | 430.1_MEDIANA_IP016_M_0_0_27_81 | 430.1_MEDIANA_IP016_M_0_0_34_80 | 430.1_MEDIANA_IP016_M_0_0_37_40
Títulos Públicos de Deuda. Merval,Años,Mercados Financieros,D,110,Bono de la Nación Argentina Bonar 2025 - A2E2. Dur | Bono de la Nación Argentina Bonar 2025 - A2E2. Promedio ponderado de vida | Bono de la Nación Argentina Bonar 2025 - A2E3. Dur | Bono de la Nación Argentina Bonar 2025 - A2E3. Promedio ponderado de vida | Bono de la Nación Argentina Bonar 2027 - A2E7. Dur,179.1_A2E2_DURDUR_0_0_8 | 179.1_A2E2_PPVEIOS_0_0_17 | 179.1_A2E3_DURDUR_0_0_8_49 | 179.1_A2E3_PPV_EIOS_0_0_17_67 | 179.1_A2E7_DURDUR_0_0_8
"Exportaciones por sector de actividad, saldo comercial y rangos de exportación de la empresa exportadora. Datos mensuales",Millones de dólares,Sector Externo,M,109,"Exportaciones, en M de USD* | Detalle por rangos de exportación, en M de USD Exportan > USD 100 M | Detalle por rangos de exportación, en M de USD Entre USD 5 M y USD 20 M | Detalle por rangos de exportación, en M de USD Más de USD 500 M | Detalle por rangos de exportación, en M de USDTotal > USD 100 M",361.1_EXPORTACIOUSD__19 | 361.1_RANGOS_EXP0_M_IIE__39 | 361.1_RANGOS_EXP0_M_II__39 | 361.1_RANGOS_EXP0_M__30 | 361.1_RANGOS_EXP0_M__35
Principales Indicadores del Sistema Financiero. Datos anuales,En millones de pesos,Dinero y Bancos,A,102,Bancos Privados irregularidad cartera privada | Bancos Privados extranjeros irregularidad cartera privada | Bancos Privados nacionales irregularidad cartera privada | Bancos Privados Exposición patrimonial sector privado | Bancos Privados Crédito sector privado,332.1_BANCOS_PRIADA__51 | 332.1_BANCOS_PRIADA__52 | 332.1_BANCOS_PRIADA__59 | 332.1_BANCOS_PRIADO__33 | 332.1_BANCOS_PRIADO__43
Principales Indicadores del Sistema Financiero. Datos mensuales,En millones de pesos,Dinero y Bancos,M,102,Bancos Privados irregularidad cartera privada | Bancos Privados extranjeros irregularidad cartera privada | Bancos Privados nacionales irregularidad cartera privada | Bancos Privados Exposición patrimonial sector privado | Bancos Privados Crédito sector privado,332.2_BANCOS_PRIADA__51 | 332.2_BANCOS_PRIADA__52 | 332.2_BANCOS_PRIADA__59 | 332.2_BANCOS_PRIADO__33 | 332.2_BANCOS_PRIADO__43
Componentes del VAB por sector de actividad económica. Datos trimestrales.,En millones de pesos,Actividad,T,100,"A - Agricultura, ganaderia, caza y silvicultura Impuestos netos de subsidios a la actividad | A - Agricultura, ganaderia, caza y silvicultura Remuneracion al trabajo asalariado | A - Agricultura, ganaderia, caza y silvicultura Excedente de explotacion bruto | A - Agricultura, ganaderia, caza y silvicultura Ingreso bruto mixto | A - Agricultura, ganaderia, caza y silvicultura Valor Agregado Bruto pb",323.1_A_AGRICULTACT__57 | 323.1_A_AGRICULTADO__50 | 323.1_A_AGRICULTUTO__53 | 323.1_A_AGRICULTUTO__55 | 323.1_A_AGRICULT_PB__48
"Exportaciones según Nomenclador Común del Mercosur (NCM), a 2 dígitos. Datos anuales",Millones de dólares,Sector Externo,A,98,"Exportaciones. Reactores nucleares, calderas, máquinas, aparatos y artefactos mecánicos, partes de éstos artículos, de metal común. Millones de USD. Anual. | Exportaciones plantas vivas. Millones de USD. Anual. | Exportaciones. Aparatos de relojería y sus partes. Millones de USD. Anual. | Exportaciones. Grasas y aceites animales o vegetales. Millones de USD. Anual. | Exportaciones. Plástico y sus manufacturas. Millones de USD. Anual.",162.1_XACTORETOS_0_0_48 | 162.1_XANTAS_URA_0_0_38 | 162.1_XARATOSTES_0_0_27 | 162.1_XASAS_ALES_0_0_35 | 162.1_XASTICORAS_0_0_23
"Exportaciones según Nomenclador Común del Mercosur (NCM), a 2 dígitos. Datos mensuales",Millones de dólares,Sector Externo,M,98,"Exportaciones. Reactores nucleares, calderas, máquinas, aparatos y artefactos mecánicos, partes de éstos artículos, de metal común. Millones de USD. Mensual. | Exportaciones plantas vivas. Millones de USD. Mensual. | Exportaciones. Aparatos de relojería y sus partes. Millones de USD. Mensual. | Exportaciones. Grasas y aceites animales o vegetales. Millones de USD. Mensual. | Exportaciones. Plástico y sus manufacturas. Millones de USD. Mensual.",162.3_XACTORENAS_0_0_39 | 162.3_XANTAS_URA_0_0_38 | 162.3_XARATOSTES_0_0_27 | 162.3_XASAS_ALES_0_0_35 | 162.3_XASTICORAS_0_0_23
"Exportaciones según Nomenclador Común del Mercosur (NCM), a 2 dígitos. Datos trimestrales",Millones de dólares,Sector Externo,T,98,"Exportaciones. Reactores nucleares, calderas, máquinas, aparatos y artefactos mecánicos, partes de éstos artículos, de metal común. Millones de USD. Trimestral. | Exportaciones plantas vivas. Millones de USD. Trimestral. | Exportaciones. Aparatos de relojería y sus partes. Millones de USD. Trimestral. | Exportaciones. Grasas y aceites animales o vegetales. Millones de USD. Trimestral. | Exportaciones. Plástico y sus manufacturas. Millones de USD. Trimestral.",162.2_XACTORENAS_0_0_39 | 162.2_XANTAS_URA_0_0_38 | 162.2_XARATOSTES_0_0_27 | 162.2_XASAS_ALES_0_0_35 | 162.2_XASTICORAS_0_0_23
"Importaciones según el Nomenclador Común del Mercosur (NCM), a 2 dígitos. Datos anuales",Millones de dólares,Sector Externo,A,98,"Importaciones. Reactores nucleares, calderas, máquinas, aparatos y artefactos mecánicos, partes de éstos artículos, de metal común. Millones de USD. Anual. | Importaciones plantas vivas. Millones de USD. Anual. | Importaciones. Aparatos de relojería y sus partes. Millones de USD. Anual. | Importaciones. Grasas y aceites animales o vegetales. Millones de USD. Anual. | Importaciones. Plástico y sus manufacturas. Millones de USD. Anual.",163.1_MACTORENAS_0_0_39 | 163.1_MANTAS_URA_0_0_38 | 163.1_MARATOSTES_0_0_27 | 163.1_MASAS_AES_0_0_36 | 163.1_MASTICORAS_0_0_23
"Importaciones según el Nomenclador Común del Mercosur (NCM), a 2 dígitos. Datos mensuales",Millones de dólares,Sector Externo,M,98,"Importaciones. Reactores nucleares, calderas, máquinas, aparatos y artefactos mecánicos, partes de éstos artículos, de metal común. Millones de USD. Mensual. | Importaciones plantas vivas. Millones de USD. Mensual. | Importaciones. Aparatos de relojería y sus partes. Millones de USD. Mensual. | Importaciones. Grasas y aceites animales o vegetales. Millones de USD. Mensual. | Importaciones. Plástico y sus manufacturas. Millones de USD. Mensual.",163.3_MACTORENAS_0_0_39 | 163.3_MANTAS_URA_0_0_38 | 163.3_MARATOSTES_0_0_27 | 163.3_MASAS_AES_0_0_36 | 163.3_MASTICORAS_0_0_23
"Importaciones según el Nomenclador Común del Mercosur (NCM), a 2 dígitos. Datos trimestrales",Millones de dólares,Sector Externo,T,98,"Importaciones. Reactores nucleares, calderas, máquinas, aparatos y artefactos mecánicos, partes de éstos artículos, de metal común. Millones de USD. Trimestral. | Importaciones plantas vivas. Millones de USD. Trimestral. | Importaciones. Aparatos de relojería y sus partes. Millones de USD. Trimestral. | Importaciones. Grasas y aceites animales o vegetales. Millones de USD. Trimestral. | Importaciones. Plástico y sus manufacturas. Millones de USD. Trimestral.",163.2_MACTORENAS_0_0_39 | 163.2_MANTAS_URA_0_0_38 | 163.2_MARATOSTES_0_0_27 | 163.2_MASAS_AES_0_0_36 | 163.2_MASTICORAS_0_0_23
"Saldo comercial según Nomenclador Común del Mercosur NCM, a 2 dígitos. Datos anuales",Millones de dólares,Sector Externo,A,98,"Saldo comercial. Tabaco y sucedáneos. Millones de USD. Anual. | Saldo comercial. Jabón, preparaciones para lavar, productos de limpieza. Millones de USD. Anual. | Saldo comercial. Cacao y sus preparaciones. Millones de USD. Anual. | Saldo comercial. Madera, carbón vegetal, y manufacturas de madera. Millones de USD. Anual. | Saldo comercial. Café, té, yerba mate y especias. Millones de USD. Anual.",164.1_SABACO_DOS_0_0_38 | 164.1_SABON_AVAR_0_0_57 | 164.1_SACAO_PNES_0_0_22 | 164.1_SADERA_ERA_0_0_44 | 164.1_SAFE_TEIAS_0_0_30
"Saldo comercial según Nomenclador Común del Mercosur NCM, a 2 dígitos. Datos mensuales",Millones de dólares,Sector Externo,M,98,"Saldo comercial. Tabaco y sucedáneos. Millones de USD. Mensual. | Saldo comercial. Jabón, preparaciones para lavar, productos de limpieza. Millones de USD. Mensual. | Saldo comercial. Cacao y sus preparaciones. Millones de USD. Mensual. | Saldo comercial. Madera, carbón vegetal, y manufacturas de madera. Millones de USD. Mensual. | Saldo comercial. Café, té, yerba mate y especias. Millones de USD. Mensual.",164.3_SABACO_DOS_0_0_38 | 164.3_SABON_AVAR_0_0_57 | 164.3_SACAO_PNES_0_0_22 | 164.3_SADERA_ERA_0_0_44 | 164.3_SAFE_TEIAS_0_0_30
"Saldo comercial según Nomenclador Común del Mercosur NCM, a 2 dígitos. Datros trimestrales",Millones de dólares,Sector Externo,T,98,"Saldo comercial. Tabaco y sucedáneos. Millones de USD. Trimestral. | Saldo comercial. Jabón, preparaciones para lavar, productos de limpieza. Millones de USD. Trimestral. | Saldo comercial. Cacao y sus preparaciones. Millones de USD. Trimestral. | Saldo comercial. Madera, carbón vegetal, y manufacturas de madera. Millones de USD. Trimestral. | Saldo comercial. Café, té, yerba mate y especias. Millones de USD. Trimestral.",164.2_SABACO_DOS_0_0_38 | 164.2_SABON_AVAR_0_0_57 | 164.2_SACAO_PNES_0_0_22 | 164.2_SADERA_ERA_0_0_44 | 164.2_SAFE_TEIAS_0_0_30
"Índice de Precios al Consumidor, por capítulos. Base diciembre 2016. Valores trimestrales",Índice,Precios,T,97,IPC. Alimentos y bebidas no alcohólicas. Región pampeana. Base dic 2016. Trimestral. | IPC. Alimentos y bebidas no alcohólicas. GBA. Base dic 2016. Trimestral. | IPC. Alimentos y bebidas no alcohólicas. Nacional. Base dic 2016. Trimestral. | IPC. Alimentos y bebidas no alcohólicas. Región noreste. Base dic 2016. Trimestral. | IPC. Alimentos y bebidas no alcohólicas. Patagonia. Base dic 2016. Trimestral.,146.1_IPC_ALIMENANA_DICI_T_45 | 146.1_IPC_ALIMENGBA_DICI_T_40 | 146.1_IPC_ALIMENNAL_DICI_T_45 | 146.1_IPC_ALIMENNEA_DICI_T_40 | 146.1_IPC_ALIMENNIA_DICI_T_46
Estado Resumido de Activos y Pasivos del BCRA. Valores mensuales en miles de pesos,Miles de pesos,Dinero y Bancos,M,90,Apertura activo. Adelantos transitorios al Gobierno Nacional. | Apertura activo. Apertura de adelantos transitorios al Gobierno Nacional. Otras Aplicaciones | Apertura activo. Apertura de adelantos transitorios al Gobierno Nacional. Pago Obligaciones con Organismos Internacionales. | Apertura activo. Aportes a organismos internacionales | Apertura activo. Contrapartida del uso del tramo de reservas fondos transferidos al Gobierno Nacional por colocaciones al FMI,300.1_AP_ACT_ADENAC_0_M_37 | 300.1_AP_ACT_ADENES_0_M_56 | 300.1_AP_ACT_ADETER_0_M_58 | 300.1_AP_ACT_APOTER_0_M_31 | 300.1_AP_ACT_CONFMI_0_M_60
Posición de inversión nacional. Base 1991. Valores anuales.,Millones de dólares,Sector Externo,A,87,Atrasos (excluido atrasos de títulos) de gob locales y otros entes pub | Atrasos (excluido atrasos de títulos) | Activos externos del BCRA | Activos externos de gob locales y otros entes publicos locales | Activos externos de otras entidades financieras,86.1_AEATEPL_1991_A_55 | 86.1_AEAT_1991_A_32 | 86.1_AEB_1991_A_21 | 86.1_AEEPL_1991_A_39 | 86.1_AEO_1991_A_20
Sector Público Nacional. Valores anuales 1993-2006,Millones de pesos,Finanzas Públicas,A,85,Aplicaciones financieras amort.deudas y dism. otros pasivos disminución otros pasivos . Metodología 1993 - 2006 | Aplicaciones financieras amort.deudas y dism. otros pasivos amortización deuda externa . Metodología 1993 - 2006 | Aplicaciones financieras amort.deudas y dism. otros pasivos amortización en moneda local . Metodología 1993 - 2006 | Aplicaciones financieras amort.deudas y dism. otros pasivos amortización en moneda extranjera . Metodología 1993 - 2006 | Aplicaciones financieras amort.deudas y dism. otros pasivos amortización deuda interna . Metodología 1993 - 2006,379.1_AP_FIN_AMO006_II_0_A_55_34 | 379.1_AP_FIN_AMO006_I_0_A_57_80 | 379.1_AP_FIN_AMO006__55_8 | 379.1_AP_FIN_AMO006__57_36 | 379.1_AP_FIN_CAM006__58_32
Precios al consumidor de un conjunto de elementos de la canasta del IPC según regiones.,Índice,Precios,M,84,Precios del consumidor cuyo aceite de girasol 1 litro medio | Precios del consumidor cuyo arroz blanco simple kg | Precios del consumidor cuyo azucar kg | Precios del consumidor cuyo carne picada comun kg | Precios del consumidor cuyo detergente liquido 750 cc,348.1_CUYO_ACEITDIO__36 | 348.1_CUYO_ARROZ_KG__27 | 348.1_CUYO_AZUCA_KG__14 | 348.1_CUYO_CARNE_KG__26 | 348.1_CUYO_DETER_CC__30
Índice de Precios al Consumidor GBA - Base 1974,Índice base 100,Precios,M,84,"Azúcar, dulce, golosinas, cacao y derivados | Aparatos y accesorios terapéuticos | Atención medica y gastos para la salud | Art. textiles para el hogar | art. y servicios p/cuidado personal",177.1_AAR_DULDOS_1974_0_38 | 177.1_AATOS_ACOS_1974_0_32 | 177.1_ACION_MLUD_1974_0_33 | 177.1_ACULOS_GAR_1974_0_29 | 177.1_ACULOS_NAL_1974_0_36
"Índice de Precios al Consumidor, por capítulos. Base diciembre 2016. Valores mensuales",Índice,Precios,M,84,IPC. Alimentos y bebidas no alcohólicas. Región pampeana. Base dic 2016. Mensual. | IPC. Alimentos y bebidas no alcohólicas. GBA. Base dic 2016. Mensual. | IPC. Alimentos y bebidas no alcohólicas. Nacional. Base dic 2016. Mensual. | IPC. Alimentos y bebidas no alcohólicas. Región noreste. Base dic 2016. Mensual. | IPC. Alimentos y bebidas no alcohólicas. Patagonia. Base dic 2016. Mensual.,146.3_IALIMENANA_DICI_M_45 | 146.3_IALIMENGBA_DICI_M_40 | 146.3_IALIMENNAL_DICI_M_45 | 146.3_IALIMENNEA_DICI_M_40 | 146.3_IALIMENNIA_DICI_M_46
Índice de Producción Industrial Manufacturero (IPI). Divisiones y subclases,Índice 2004 = 100,Actividad,M,84,IPI Divisiones y Subclases Agroquímicos | IPI Divisiones y Subclases Alimentos y bebidas | IPI Divisiones y Subclases Aluminio y otros metales no ferrosos | IPI Divisiones y Subclases Aparatos de uso doméstico | IPI Divisiones y Subclases Artículos de cemento y de yeso,453.2_AGROQUIMICCOS_0_0_12_6 | 453.2_ALIMENTOS_DAS_0_0_17_18 | 453.2_ALUMINIO_OSOS_0_0_34_69 | 453.2_APARATOS_UICO_0_0_22_48 | 453.2_ARTICULOS_ESO_0_0_22_22
Finanzas Públicas. Cuenta A.I.F. - Base devengado. Sector Público Argentino (1990-1992),Variación Porcentual,Finanzas Públicas,A,82,Ahorro | Aumentos Pasivos Financiento netos | Erogaciones de capital . Inversión financiera | Erogaciones de capital . Inversión bienes preexistentes | Erogaciones de capital . Inversión real . Construcciones,439.3_AHORRORRO_DEVE_0_6_47 | 439.3_AUM_PAS_FITOS_DEVE_0_17_48 | 439.3_EROG_CAP_IANC_DEVE_0_19_28 | 439.3_EROG_CAP_IIST_DEVE_0_23_22 | 439.3_EROG_CAP_ISTR_DEVE_0_24_8
Sector Público Nacional. Valores mensuales 1993-2006,Millones de pesos,Finanzas Públicas,M,80,Aplicaciones financieras amort.deudas y dism. otros pasivos amortización deuda externa . Metodología 1993 - 2006 | Aplicaciones financieras amort.deudas y dism. otros pasivos disminución otros pasivos . Metodología 1993 - 2006 | Aplicaciones financieras amort.deudas y dism. otros pasivos amortización en moneda local . Metodología 1993 - 2006 | Aplicaciones financieras amort.deudas y dism. otros pasivos amortización en moneda extranjera . Metodología 1993 - 2006 | Aplicaciones financieras amort.deudas y dism. otros pasivos amortización deuda interna . Metodología 1993 - 2006,379.7_AP_FIN_AMO006_1_0_M_57_16 | 379.7_AP_FIN_AMO006_2_0_M_55_75 | 379.7_AP_FIN_AMO006__55_19 | 379.7_AP_FIN_AMO006__57_62 | 379.7_AP_FIN_CAM006__58_29
Estado Resumido de Activos y Pasivos del BCRA. Valores anuales en miles de pesos,Miles de pesos,Dinero y Bancos,A,79,Apertura activo. Adelantos transitorios al Gobierno Nacional. | Apertura activo. Apertura de adelantos transitorios al Gobierno Nacional. Otras Aplicaciones | Apertura activo. Apertura de adelantos transitorios al Gobierno Nacional. Pago Obligaciones con Organismos Internacionales. | Apertura activo. Aportes a organismos internacionales | Apertura activo. Contrapartida del uso del tramo de reservas fondos transferidos al Gobierno Nacional por colocaciones al FMI,300.2_AP_ACT_ADENAC_0_A_37 | 300.2_AP_ACT_ADENES_0_A_56 | 300.2_AP_ACT_ADETER_0_A_58 | 300.2_AP_ACT_APOTER_0_A_31 | 300.2_AP_ACT_CONFMI_0_A_60
Administración Pública Nacional. Valores trimestrales 1993-2006,Millones de pesos,Finanzas Públicas,T,76,Aplicaciones financieras amort.deudas y dism. otros pasivos disminución otros pasivos. Metodología 1993 - 2006 | Aplicaciones financieras amort.deudas y dism. otros pasivos amortización deuda externa. Metodología 1993 - 2006 | Aplicaciones financieras amort.deudas y dism. otros pasivos amortización en moneda local. Metodología 1993 - 2006 | Aplicaciones financieras amort.deudas y dism. otros pasivos amortización en moneda extranjera. Metodología 1993 - 2006 | Aplicaciones financieras amort.deudas y dism. otros pasivos amortización deuda interna. Metodología 1993 - 2006,372.4_AP_FIN_AMO006_0_T_55_25 | 372.4_AP_FIN_AMO006_0_T_57_76 | 372.4_AP_FIN_AMO006__55_12 | 372.4_AP_FIN_AMO006__57_57 | 372.4_AP_FIN_CAM006__58_60
Sector Público Nacional. Valores trimestrales 1993-2006,Millones de pesos,Finanzas Públicas,T,75,Aplicaciones financieras amort.deudas y dism. otros pasivos disminución otros pasivos . Metodología 1993 - 2006 | Aplicaciones financieras amort.deudas y dism. otros pasivos amortización deuda externa . Metodología 1993 - 2006 | Aplicaciones financieras amort.deudas y dism. otros pasivos amortización en moneda local . Metodología 1993 - 2006 | Aplicaciones financieras amort.deudas y dism. otros pasivos amortización en moneda extranjera . Metodología 1993 - 2006 | Aplicaciones financieras amort.deudas y dism. otros pasivos amortización deuda interna . Metodología 1993 - 2006,379.4_AP_FIN_AMO006_II_0_T_55_57 | 379.4_AP_FIN_AMO006_I_0_T_57_86 | 379.4_AP_FIN_AMO006__55_86 | 379.4_AP_FIN_AMO006__57_31 | 379.4_AP_FIN_CAM006__58_23
Administración Pública Nacional. Valores mensuales 1993-2006,Millones de pesos,Finanzas Públicas,M,73,Aplicaciones financieras amort.deudas y dism. otros pasivos disminución otros pasivos . Metodología 1993 - 2006 | Aplicaciones financieras amort.deudas y dism. otros pasivos amortización deuda externa . Metodología 1993 - 2006 | Aplicaciones financieras amort.deudas y dism. otros pasivos amortización en moneda local . Metodología 1993 - 2006 | Aplicaciones financieras amort.deudas y dism. otros pasivos amortización en moneda extranjera . Metodología 1993 - 2006 | Aplicaciones financieras amort.deudas y dism. otros pasivos amortización deuda interna . Metodología 1993 - 2006,372.7_AP_FIN_AMO006_0_M_55_10 | 372.7_AP_FIN_AMO006_0_M_57_65 | 372.7_AP_FIN_AMO006__55_48 | 372.7_AP_FIN_AMO006__57_89 | 372.7_AP_FIN_CAM006__58_85
Administración Pública Nacional. Valores anuales 1993-2006,Millones de pesos,Finanzas Públicas,A,72,Aplicaciones financieras amort.deudas y dism. otros pasivos disminución otros pasivos . Metodología 1993 - 2006 | Aplicaciones financieras amort.deudas y dism. otros pasivos amortización deuda externa . Metodología 1993 - 2006 | Aplicaciones financieras amort.deudas y dism. otros pasivos amortización en moneda local . Metodología 1993 - 2006 | Aplicaciones financieras amort.deudas y dism. otros pasivos amortización en moneda extranjera . Metodología 1993 - 2006 | Aplicaciones financieras amort.deudas y dism. otros pasivos amortización deuda interna . Metodología 1993 - 2006,372.1_AP_FIN_AMO006_II_0_A_55_43 | 372.1_AP_FIN_AMO006_I_0_A_57_28 | 372.1_AP_FIN_AMO006__55_93 | 372.1_AP_FIN_AMO006__57_60 | 372.1_AP_FIN_CAM006__58_86
Insumo de mano de obra por sector de actividad económica. Datos trimestrales.,En millones de pesos,Actividad,T,71,a agricultura ganaderia caza silv puestos trabajo | a agricultura ganaderia caza silv asalariados no reg | a agricultura gan caza silv puestos trabajo asalariado reg | a agricultura ganaderia caza silv puestos trab no asal | b pesca asalariados no reg,324.1_A_AGRICULTAJO__49 | 324.1_A_AGRICULTREG__52 | 324.1_A_AGRICULTREG__58 | 324.1_A_AGRICULTSAL__54 | 324.1_B_PESCA_ASREG__26
"Estadisticas de servicios públicos, series de insumos e índices. Valores semanales",2004=100,Actividad,M,70,"Correos. Correo postal en miles de unidades | Correos. Envios monetarios en miles de unidades | Correos. Telegraficos en miles de unidades | Electricidad, gas y agua. Energía electrica en Gwh | Electricidad, gas y agua. Agua de red en miles de m3",302.3_CORREOS_COS_U_0_S_29 | 302.3_CORREOS_ENS_U_0_S_33 | 302.3_CORREOS_TES_U_0_S_28 | 302.3_ELEC_GAS_AGWH_0_S_35 | 302.3_ELEC_GAS_A_M3_0_S_30
"Estadisticas de servicios públicos, series de insumos e índices. Valores anuales",2004=100,Actividad,A,69,"Correos. Correo postal en miles de unidades | Correos. Envios monetarios en miles de unidades | Correos. Telegraficos en miles de unidades | Electricidad, gas y agua. Energía electrica en Gwh | Electricidad, gas y agua. Agua de red en miles de m3",302.1_CORREOS_COS_U_0_A_29 | 302.1_CORREOS_ENS_U_0_A_33 | 302.1_CORREOS_TES_U_0_A_28 | 302.1_ELEC_GAS_AGWH_0_A_35 | 302.1_ELEC_GAS_A_M3_0_A_31
"Estadisticas de servicios públicos, series de insumos e índices. Valores mensuales",2004=100,Actividad,T,69,"Correos. Correo postal en miles de unidades | Correos. Envios monetarios en miles de unidades | Correos. Telegraficos en miles de unidades | Electricidad, gas y agua. Energía electrica en Gwh | Electricidad, gas y agua. Agua de red en miles de m3",302.2_CORREOS_COS_U_0_M_29 | 302.2_CORREOS_ENS_U_0_M_33 | 302.2_CORREOS_TES_U_0_M_28 | 302.2_ELEC_GAS_AGWH_0_M_35 | 302.2_ELEC_GAS_A_M3_0_M_30
VAP - Valor Agregado Bruto a precios básicos por rama de actividad económica. Valores anuales a precios corrientes,Millones de pesos corrientes,Actividad,A,68,"Resto | Actividades inmobiliarias, empresariales y de alquiler. Total | Servicios inmobiliarios con bienes propios y arrendados | Administración pública y defensa; planes de seguridad social de afiliación obligatoria | Agricultura, ganaderia, caza. Total",305.1_ACT_INMOBISTO_0_36 | 305.1_ACT_INMOBITAL_0_36 | 305.1_ACT_INMO_EDOS_0_56 | 305.1_ADM_PUB_DERIA_0_59 | 305.1_AGRI_GANADTAL_0_A_27
VAP - Valor Agregado Bruto a precios básicos por rama de actividad económica. Valores trimestrales a precios corrientes,Millones de pesos corrientes,Actividad,T,68,"Resto | Actividades inmobiliarias, empresariales y de alquiler. Total | Servicios inmobiliarios con bienes propios y arrendados | Administración pública y defensa; planes de seguridad social de afiliación obligatoria | Agricultura, ganaderia, caza. Total",305.2_ACT_INMOBISTO_0_36 | 305.2_ACT_INMOBITAL_0_36 | 305.2_ACT_INMO_EDOS_0_56 | 305.2_ADM_PUB_DERIA_0_59 | 305.2_AGRI_GANADTAL_0_27
Valor Agregado Bruto a precios básicos por rama de actividad económica. Valores anuales a precios constantes,millones de pesos corrientes,Actividad,A,68,"Valor agregado bruto a precios básicos del sector actividades inmobiliarias empresariales y alquiler | Valor agregado bruto a precios básicos del sector administracion publica y defensa | Valor agregado bruto a precios básicos del sector agricultura, ganaderia, caza y silvicultura | Valor agregado bruto a precios básicos del sector agricultura, ganaderia, caza y servicios conexos | Valor agregado bruto a precios básicos del sector asociaciones",307.1_ACTIVIDADETAL_0_A_54 | 307.1_ADMINISTRANSA_0_A_30 | 307.1_AGRICULTURTAL_0_A_45 | 307.1_AGRICULTURXOS_0_A_44 | 307.1_ASOCIACIONNES_0_A_12
Valor Agregado Bruto a precios básicos por rama de actividad económica. Valores trimestrales a precios constantes,millones de pesos corrientes,Actividad,T,68,"Valor agregado bruto a precios básicos del sector actividades inmobiliarias empresariales y alquiler | Valor agregado bruto a precios básicos del sector administracion publica y defensa | Valor agregado bruto a precios básicos del sector agricultura, ganaderia, caza y silvicultura | Valor agregado bruto a precios básicos del sector agricultura, ganaderia, caza y servicios conexos | Valor agregado bruto a precios básicos del sector asociaciones",307.2_ACTIVIDADETAL_0_T_54 | 307.2_ADMINISTRANSA_0_T_30 | 307.2_AGRICULTURTAL_0_T_45 | 307.2_AGRICULTURXOS_0_T_44 | 307.2_ASOCIACIONNES_0_T_12
Valor Bruto de Producción a precios básicos por rama de actividad económica. En  millones de pesos corrientes,Millones de pesos,Actividad,A,68,"Administración pública y defensa; planes de seguridad social de afiliación obligatoria | Asociaciones | Captación, depuración y distribución de agua | Caza, repoblación de animales de caza y servicios conexos | Comercio mayorista, minorista y reparaciones",441.1_ADMI_PUBLIRIA_0_0_52_94 | 441.1_ASOCIACIONNES_0_0_12_48 | 441.1_CAPTACION_GUA_0_0_38_99 | 441.1_CAZA_REPOBXOS_0_0_48_32 | 441.1_COMERCIO_MNES_0_0_41_97
Valor Bruto de Producción a precios básicos por rama de actividad económica. En millones de pesos de 2004,Millones de pesos,Actividad,A,68,"Administración pública y defensa; planes de seguridad social de afiliación obligatoria | Asociaciones | Captación, depuración y distribución de agua | Caza, repoblación de animales de caza y servicios conexos | Comercio mayorista, minorista y reparaciones",440.1_ADMI_PUBLIRIA_2004_0_52_35 | 440.1_ASOCIACIONNES_2004_0_12_19 | 440.1_CAPTACION_GUA_2004_0_38_74 | 440.1_CAZA_REPOBXOS_2004_0_48_43 | 440.1_COMERCIO_MNES_2004_0_41_20
Índice de Precios Implícitos del Valor Agregado Bruto por rama de actividad económica. Valores anuales,2004=100,Actividad,A,68,"Índice de Precios Implícitos del Valor Agregado Bruto de Actividades inmobiliarias empresariales y alquiler | Índice de Precios Implícitos del Valor Agregado Bruto de Administracion Publica y Defensa | Índice de Precios Implícitos del Valor Agregado Bruto de Agricultura, ganaderia, caza y silvicultura | Índice de Precios Implícitos del Valor Agregado Bruto de Agricultura, ganaderia, caza y servicios conexos | Índice de Precios Implícitos del Valor Agregado Bruto de Asociaciones",306.1_ACTIVIDADETAL_0_A_54 | 306.1_ADMINISTRANSA_0_A_30 | 306.1_AGRICULTURTAL_0_A_45 | 306.1_AGRICULTURXOS_0_A_44 | 306.1_ASOCIACIONNES_0_A_12
Índice de Precios Implícitos del Valor Agregado Bruto por rama de actividad económica. Valores trimestrales,2004=100,Actividad,T,68,"Índice de Precios Implícitos del Valor Agregado Bruto de Actividades inmobiliarias empresariales y alquiler | Índice de Precios Implícitos del Valor Agregado Bruto de Administracion Publica y Defensa | Índice de Precios Implícitos del Valor Agregado Bruto de Agricultura, ganaderia, caza y silvicultura | Índice de Precios Implícitos del Valor Agregado Bruto de Agricultura, ganaderia, caza y servicios conexos | Índice de Precios Implícitos del Valor Agregado Bruto de Asociaciones",306.2_ACTIVIDADETAL_0_0_54 | 306.2_ADMINISTRANSA_0_0_30 | 306.2_AGRICULTURTAL_0_0_45 | 306.2_AGRICULTURXOS_0_0_44 | 306.2_ASOCIACIONNES_0_0_12
"Índice de precios al consumidor GBA, principales aperturas. Base 1999. Datos anuales",Índice 1999=100,Precios,A,68,Alimentos y bebidas índice anual | Alimentos para consumir en el hogar índice anual | Aves frescas y congeladas índice anual | Aceites y grasas índice anual | Aceite mezcla índice anual,122.1_AB_1999_0_17 | 122.1_ACH_1999_0_24 | 122.1_AFC_1999_0_23 | 122.1_AG_1999_0_14 | 122.1_AM_1999_0_13
"Índice de precios al consumidor GBA, principales aperturas. Base 1999. Datos trimestrales",Índice 1999=100,Precios,M,68,Alimentos y bebidas índice mensual | Alimentos para consumir en el hogar índice mensual | Aves frescas y congeladas índice mensual | Aceites y grasas índice mensual | Aceite mezcla índice mensual,122.2_AB_1999_0_17 | 122.2_ACH_1999_0_24 | 122.2_AFC_1999_0_23 | 122.2_AG_1999_0_14 | 122.2_AM_1999_0_13
Sector Público Nacional. Valores anuales 2007-2014,Millones de pesos,Finanzas Públicas,A,67,Aplicaciones financieras amort.deudas y dism. otros pasivos disminución otros pasivos . Metodología 2007 - 2014 | Aplicaciones financieras amort.deudas y dism. otros pasivos amortización en moneda local . Metodología 2007 - 2014 | Aplicaciones financieras amort.deudas y dism. otros pasivos amortización en moneda extranjera . Metodología 2007 - 2014 | Aplicaciones financieras inversión financiera . Metodología 2007 - 2014 | Aplicaciones financieras disminucion del patrimonio . Metodología 2007 - 2014,379.2_AP_FIN_AMO014_II_0_A_55_54 | 379.2_AP_FIN_AMO014__55_45 | 379.2_AP_FIN_AMO014__57_61 | 379.2_AP_FIN_CIN014__25_52 | 379.2_AP_FIN_DIS014__24_6
Sector Público Nacional. Valores trimestrales 2007-2014,Millones de pesos,Finanzas Públicas,T,66,Aplicaciones financieras amort.deudas y dism. otros pasivos disminución otros pasivos . Metodología 2007 - 2014 | Aplicaciones financieras amort.deudas y dism. otros pasivos amortización en moneda local . Metodología 2007 - 2014 | Aplicaciones financieras amort.deudas y dism. otros pasivos amortización en moneda extranjera . Metodología 2007 - 2014 | Aplicaciones financieras inversión financiera . Metodología 2007 - 2014 | Aplicaciones financieras disminucion del patrimonio . Metodología 2007 - 2014,379.5_AP_FIN_AMO014_2_0_T_55_43 | 379.5_AP_FIN_AMO014__55_9 | 379.5_AP_FIN_AMO014__57_76 | 379.5_AP_FIN_CIN014__25_97 | 379.5_AP_FIN_DIS014__24_66
Tesoro Nacional. Valores mensuales 1993-2006,Millones de pesos,Finanzas Públicas,M,66,Aplicaciones financieras amort.deudas y dism. otros pasivos disminución otros pasivos . Metodología 1993 - 2006 | Aplicaciones financieras amort.deudas y dism. otros pasivos amortización deuda externa . Metodología 1993 - 2006 | Aplicaciones financieras amort.deudas y dism. otros pasivos amortización en moneda local . Metodología 1993 - 2006 | Aplicaciones financieras amort.deudas y dism. otros pasivos amortización en moneda extranjera . Metodología 1993 - 2006 | Aplicaciones financieras amort.deudas y dism. otros pasivos amortización deuda interna . Metodología 1993 - 2006,373.7_AP_FIN_AMO006_0_M_55_39 | 373.7_AP_FIN_AMO006_0_M_57_0 | 373.7_AP_FIN_AMO006__55_89 | 373.7_AP_FIN_AMO006__57_93 | 373.7_AP_FIN_CAM006__58_99
Costo salarial por sector de actividad económica en el sector privado. Datos anuales.,Pesos,Actividad,A,65,"Actividades inmobiliarias, empresariales y de alquiler | Administración pública y defensa; planes de seguridad social de afiliación obligatoria | Agricultura, ganadería, caza y silvicultura | Agricultura, ganadería, caza y servicios conexos | Asociaciones",326.1_ACT_INMOBILER__40 | 326.1_ADM_PUBLICRIA__57 | 326.1_AGRI_GANADURA__32 | 326.1_AGRI_GANADXOS__32 | 326.1_ASOCIACIONNES__12
Costo salarial por sector de actividad económica en el sector privado. Datos trimestrales.,Pesos,Actividad,T,65,"actividades inmobiliarias, empresariales y de alquiler | administración pública y defensa; planes de seguridad social de afiliación obligatoria | agricultura, ganadería, caza y silvicultura | agricultura, ganadería, caza y servicios conexos | asociaciones",326.2_ACT_INMOBILER__40 | 326.2_ADM_PUBLICRIA__57 | 326.2_AGRI_GANADURA__32 | 326.2_AGRI_GANADXOS__32 | 326.2_ASOCIACIONNES__12
Puestos de trabajo registrados por sector de actividad económica en el sector privado. Datos anuales.,En millones de pesos,Actividad,A,65,"actividades inmobiliarias, empresariales y de alquiler | administración pública y defensa; planes de seguridad social de afiliación obligatoria | agricultura, ganadería, caza y silvicultura | agricultura, ganadería, caza y servicios conexos | asociaciones",325.1_ACTIVIDADELER__50 | 325.1_ADM_PUBLICLIG__44 | 325.1_AGRICULTURURA__39 | 325.1_AGRICULTURXOS__44 | 325.1_ASOCIACIONNES__12
Puestos de trabajo registrados por sector de actividad económica en el sector privado. Datos trimestrales.,En millones de pesos,Actividad,T,65,"actividades inmobiliarias, empresariales y de alquiler | administración pública y defensa; planes de seguridad social de afiliación obligatoria | agricultura, ganadería, caza y silvicultura | agricultura, ganadería, caza y servicios conexos | asociaciones",325.2_ACTIVIDADELER__50 | 325.2_ADM_PUBLICLIG__44 | 325.2_AGRICULTURURA__39 | 325.2_AGRICULTURXOS__44 | 325.2_ASOCIACIONNES__12
Remuneración neta por sector de actividad económica en el sector privado. Datos anuales.,Pesos,Actividad,A,65,"actividades inmobiliarias, empresariales y de alquiler | administración pública y defensa; planes de seguridad social de afiliación obligatoria | agricultura, ganadería, caza y silvicultura | agricultura, ganadería, caza y servicios conexos | asociaciones",328.1_ACT_INMOBILER__40 | 328.1_ADM_PUBLICRIA__57 | 328.1_AGRI_GANADURA__32 | 328.1_AGRI_GANADXOS__32 | 328.1_ASOCIACIONNES__12
Remuneración neta por sector de actividad económica en el sector privado. Datos trimestrales.,Pesos,Actividad,T,65,"actividades inmobiliarias, empresariales y de alquiler | administración pública y defensa; planes de seguridad social de afiliación obligatoria | agricultura, ganadería, caza y silvicultura | agricultura, ganadería, caza y servicios conexos | asociaciones",328.2_ACT_INMOBILER__40 | 328.2_ADM_PUBLICRIA__57 | 328.2_AGRI_GANADURA__32 | 328.2_AGRI_GANADXOS__32 | 328.2_ASOCIACIONNES__12
Remuneración total por sector de actividad económica en el sector privado. Datos anuales.,Pesos,Actividad,A,65,"actividades inmobiliarias, empresariales y de alquiler | administración pública y defensa; planes de seguridad social de afiliación obligatoria | agricultura, ganadería, caza y silvicultura | agricultura, ganadería, caza y servicios conexos | asociaciones",327.1_ACT_INMOBILER__40 | 327.1_ADM_PUBLICRIA__57 | 327.1_AGRI_GANADURA__32 | 327.1_AGRI_GANADXOS__32 | 327.1_ASOCIACIONNES__12
Remuneración total por sector de actividad económica en el sector privado. Datos trimestrales.,Pesos,Actividad,T,65,"actividades inmobiliarias, empresariales y de alquiler | administración pública y defensa; planes de seguridad social de afiliación obligatoria | agricultura, ganadería, caza y silvicultura | agricultura, ganadería, caza y servicios conexos | asociaciones",327.2_ACT_INMOBILER__40 | 327.2_ADM_PUBLICRIA__57 | 327.2_AGRI_GANADURA__32 | 327.2_AGRI_GANADXOS__32 | 327.2_ASOCIACIONNES__12
Tesoro Nacional. Valores trimestrales 1993-2006,Millones de pesos,Finanzas Públicas,T,64,Aplicaciones financieras amort.deudas y dism. otros pasivos disminución otros pasivos . Metodología 1993 - 2006 | Aplicaciones financieras amort.deudas y dism. otros pasivos amortización deuda externa . Metodología 1993 - 2006 | Aplicaciones financieras amort.deudas y dism. otros pasivos amortización en moneda local . Metodología 1993 - 2006 | Aplicaciones financieras amort.deudas y dism. otros pasivos amortización en moneda extranjera . Metodología 1993 - 2006 | Aplicaciones financieras amort.deudas y dism. otros pasivos amortización deuda interna . Metodología 1993 - 2006,373.4_AP_FIN_AMO006_0_T_55_38 | 373.4_AP_FIN_AMO006_0_T_57_18 | 373.4_AP_FIN_AMO006__55_62 | 373.4_AP_FIN_AMO006__57_4 | 373.4_AP_FIN_CAM006__58_81
Organismos Descentralizados. Valores anuales 1993-2006,Millones de pesos,Finanzas Públicas,A,63,Aplicaciones financieras amort.deudas y dism. otros pasivos disminución otros pasivos . Metodología 1993 - 2006 | Aplicaciones financieras amort.deudas y dism. otros pasivos amortización en moneda local . Metodología 1993 - 2006 | Aplicaciones financieras amort.deudas y dism. otros pasivos amortización en moneda extranjera . Metodología 1993 - 2006 | Aplicaciones financieras amort.deudas y dism. otros pasivos amortización deuda interna . Metodología 1993 - 2006 | Aplicaciones financieras inversión financiera . Metodología 1993 - 2006,375.1_AP_FIN_AMO006_0_A_55_1 | 375.1_AP_FIN_AMO006__55_14 | 375.1_AP_FIN_AMO006__57_41 | 375.1_AP_FIN_CAM006__58_92 | 375.1_AP_FIN_CIN006__25_16
Sector Público Nacional. Valores anuales 2017,Millones de pesos,Finanzas Públicas,A,63,Aplicaciones financieras amort.deudas y dism. otros pasivos disminución otros pasivos . Metodología 2017 | Aplicaciones financieras amort.deudas y dism. otros pasivos amortización en moneda local . Metodología 2017 | Aplicaciones financieras amort.deudas y dism. otros pasivos amortización en moneda extranjera . Metodología 2017 | Aplicaciones financieras inversión financiera . Metodología 2017 | Aplicaciones financieras gastos figurat. para aplic. financ. . Metodología 2017,379.3_AP_FIN_AMO017_II_0_A_50_25 | 379.3_AP_FIN_AMO017__50_1 | 379.3_AP_FIN_AMO017__52_59 | 379.3_AP_FIN_CIN017__20_5 | 379.3_AP_FIN_GTO017__39_63
"Empresas Públicas, PAMI, Fondos Fiduciarios y Otros. Valores mensuales 2007-2014",Millones de pesos,Finanzas Públicas,M,62,Aplicaciones financieras amort.deudas y dism. otros pasivos disminución otros pasivos . Metodología 2007 - 2014 | Aplicaciones financieras amort.deudas y dism. otros pasivos amortización en moneda local . Metodología 2007 - 2014 | Aplicaciones financieras amort.deudas y dism. otros pasivos amortización en moneda extranjera . Metodología 2007 - 2014 | Aplicaciones financieras inversión financiera . Metodología 2007 - 2014 | Aplicaciones financieras disminucion del patrimonio . Metodología 2007 - 2014,378.8_AP_FIN_AMO014_II_0_M_55_39 | 378.8_AP_FIN_AMO014__55_28 | 378.8_AP_FIN_AMO014__57_55 | 378.8_AP_FIN_CIN014__25_69 | 378.8_AP_FIN_DIS014__24_17
Organismos Descentralizados. Valores trimestrales 1993-2006,Millones de pesos,Finanzas Públicas,T,62,Aplicaciones financieras amort.deudas y dism. otros pasivos disminución otros pasivos . Metodología 1993 - 2006 | Aplicaciones financieras amort.deudas y dism. otros pasivos amortización en moneda local . Metodología 1993 - 2006 | Aplicaciones financieras amort.deudas y dism. otros pasivos amortización en moneda extranjera . Metodología 1993 - 2006 | Aplicaciones financieras amort.deudas y dism. otros pasivos amortización deuda interna . Metodología 1993 - 2006 | Aplicaciones financieras inversión financiera . Metodología 1993 - 2006,375.4_AP_FIN_AMO006_0_T_55_14 | 375.4_AP_FIN_AMO006__55_8 | 375.4_AP_FIN_AMO006__57_4 | 375.4_AP_FIN_CAM006__58_89 | 375.4_AP_FIN_CIN006__25_14
Recursos Afectados. Valores anuales 1993-2006,Millones de pesos,Finanzas Públicas,A,62,Aplicaciones financieras amort.deudas y dism. otros pasivos disminución otros pasivos . Metodología 1993 - 2006 | Aplicaciones financieras amort.deudas y dism. otros pasivos amortización deuda externa . Metodología 1993 - 2006 | Aplicaciones financieras amort.deudas y dism. otros pasivos amortización en moneda extranjera . Metodología 1993 - 2006 | Aplicaciones financieras inversión financiera . Metodología 1993 - 2006 | Aplicaciones financieras gastos figurat. para aplic. financ. . Metodología 1993 - 2006,374.1_AP_FIN_AMO006_0_A_55_99 | 374.1_AP_FIN_AMO006_0_A_57_88 | 374.1_AP_FIN_AMO006__57_8 | 374.1_AP_FIN_CIN006__25_26 | 374.1_AP_FIN_GTO006__44_2
Sector Público Nacional. Valores mensuales 2007-2014,Millones de pesos,Finanzas Públicas,M,62,Aplicaciones financieras amort.deudas y dism. otros pasivos disminución otros pasivos . Metodología 2007 - 2014 | Aplicaciones financieras amort.deudas y dism. otros pasivos amortización en moneda local . Metodología 2007 - 2014 | Aplicaciones financieras amort.deudas y dism. otros pasivos amortización en moneda extranjera . Metodología 2007 - 2014 | Aplicaciones financieras inversión financiera . Metodología 2007 - 2014 | Aplicaciones financieras disminucion del patrimonio . Metodología 2007 - 2014,379.8_AP_FIN_AMO014_2_0_M_55_72 | 379.8_AP_FIN_AMO014__55_37 | 379.8_AP_FIN_AMO014__57_63 | 379.8_AP_FIN_CIN014__25_96 | 379.8_AP_FIN_DIS014__24_36
Tesoro Nacional. Valores anuales 1993-2006,Millones de pesos,Finanzas Públicas,A,62,Aplicaciones financieras amort.deudas y dism. otros pasivos disminución otros pasivos . Metodología 1993 - 2006 | Aplicaciones financieras amort.deudas y dism. otros pasivos amortización deuda externa . Metodología 1993 - 2006 | Aplicaciones financieras amort.deudas y dism. otros pasivos amortización en moneda local . Metodología 1993 - 2006 | Aplicaciones financieras amort.deudas y dism. otros pasivos amortización en moneda extranjera . Metodología 1993 - 2006 | Aplicaciones financieras amort.deudas y dism. otros pasivos amortización deuda interna . Metodología 1993 - 2006,373.1_AP_FIN_AMO006_0_A_55_2 | 373.1_AP_FIN_AMO006_0_A_57_81 | 373.1_AP_FIN_AMO006__55_89 | 373.1_AP_FIN_AMO006__57_94 | 373.1_AP_FIN_CAM006__58_80
Administración Pública Nacional. Valores mensuales 2017,Millones de pesos,Finanzas Públicas,M,61,Aplicaciones financieras amort.deudas y dism. otros pasivos disminución otros pasivos . Metodología 2017 | Aplicaciones financieras amort.deudas y dism. otros pasivos amortización en moneda local . Metodología 2017 | Aplicaciones financieras amort.deudas y dism. otros pasivos amortización en moneda extranjera . Metodología 2017 | Aplicaciones financieras inversión financiera . Metodología 2017 | Aplicaciones financieras gastos figurat. para aplic. financ. . Metodología 2017,372.9_AP_FIN_AMO017_0_M_50_32 | 372.9_AP_FIN_AMO017__50_29 | 372.9_AP_FIN_AMO017__52_90 | 372.9_AP_FIN_CIN017__20_58 | 372.9_AP_FIN_GTO017__39_63
Organismos Descentralizados. Valores mensuales 2007-2014,Millones de pesos,Finanzas Públicas,M,61,Aplicaciones financieras amort.deudas y dism. otros pasivos disminución otros pasivos . Metodología 2007 - 2014 | Aplicaciones financieras amort.deudas y dism. otros pasivos amortización en moneda local . Metodología 2007 - 2014 | Aplicaciones financieras amort.deudas y dism. otros pasivos amortización en moneda extranjera . Metodología 2007 - 2014 | Aplicaciones financieras inversión financiera . Metodología 2007 - 2014 | Aplicaciones financieras gastos figurat. para aplic. financ. . Metodología 2007 - 2014,375.8_AP_FIN_AMO014_0_M_55_87 | 375.8_AP_FIN_AMO014__55_64 | 375.8_AP_FIN_AMO014__57_48 | 375.8_AP_FIN_CIN014__25_81 | 375.8_AP_FIN_GTO014__44_87
Sector Público Nacional. Valores mensuales 2017,Millones de pesos,Finanzas Públicas,M,61,Aplicaciones financieras amort.deudas y dism. otros pasivos disminución otros pasivos . Metodología 2017 | Aplicaciones financieras amort.deudas y dism. otros pasivos amortización en moneda local . Metodología 2017 | Aplicaciones financieras amort.deudas y dism. otros pasivos amortización en moneda extranjera . Metodología 2017 | Aplicaciones financieras inversión financiera . Metodología 2017 | Aplicaciones financieras gastos figurat. para aplic. financ. . Metodología 2017,379.9_AP_FIN_AMO017_II_0_M_50_74 | 379.9_AP_FIN_AMO017__50_49 | 379.9_AP_FIN_AMO017__52_70 | 379.9_AP_FIN_CIN017__20_5 | 379.9_AP_FIN_GTO017__39_68
Sector Público Nacional. Valores trimestrales 2017,Millones de pesos,Finanzas Públicas,T,61,Aplicaciones financieras amort.deudas y dism. otros pasivos disminución otros pasivos . Metodología 2017 | Aplicaciones financieras amort.deudas y dism. otros pasivos amortización en moneda local . Metodología 2017 | Aplicaciones financieras amort.deudas y dism. otros pasivos amortización en moneda extranjera . Metodología 2017 | Aplicaciones financieras inversión financiera . Metodología 2017 | Aplicaciones financieras gastos figurat. para aplic. financ. . Metodología 2017,379.6_AP_FIN_AMO017_II_0_T_50_77 | 379.6_AP_FIN_AMO017__50_14 | 379.6_AP_FIN_AMO017__52_39 | 379.6_AP_FIN_CIN017__20_72 | 379.6_AP_FIN_GTO017__39_12
Exportaciones e importaciones por Intensidad tecnológica. Valores anuales,Millones de dólares,Sector Externo,A,60,Lall Exportaciones Manufacturas de alta tecnología Otras | Lall Exportaciones Total Manufacturas de baja tecnología | Lall Exportaciones Total Manufacturas de media tecnología | Lall Exportaciones Total Manufacturas de alta tecnología | Lall Exportaciones Productos primarios,181.1_LALL_EXPORAS_0_A_54 | 181.1_LALL_EXPORGIA_0_A_53 | 181.1_LALL_EXPORGIA_0_A_54 | 181.1_LALL_EXPORGIA_TEC_0_A_53 | 181.1_LALL_EXPORIOS_0_A_38
Organismos Descentralizados. Valores mensuales 1993-2006,Millones de pesos,Finanzas Públicas,M,60,Aplicaciones financieras amort.deudas y dism. otros pasivos disminución otros pasivos . Metodología 1993 - 2006 | Aplicaciones financieras amort.deudas y dism. otros pasivos amortización en moneda local . Metodología 1993 - 2006 | Aplicaciones financieras amort.deudas y dism. otros pasivos amortización en moneda extranjera . Metodología 1993 - 2006 | Aplicaciones financieras amort.deudas y dism. otros pasivos amortización deuda interna . Metodología 1993 - 2006 | Aplicaciones financieras inversión financiera . Metodología 1993 - 2006,375.7_AP_FIN_AMO006_0_M_55_95 | 375.7_AP_FIN_AMO006__55_69 | 375.7_AP_FIN_AMO006__57_6 | 375.7_AP_FIN_CAM006__58_60 | 375.7_AP_FIN_CIN006__25_31
Precios al consumidor de un conjunto de alimentos y bebidas. Base diciembre 2016. Valores mensuales,Pesos,Precios,M,60,IPC-GBA. Precios. Arroz blanco simple. Mensual | IPC-GBA. Precios. Aceite de girasol. Mensual | IPC-GBA. Precios. Aceite mezcla. Mensual | IPC-GBA. Precios. Agua sin gas. Mensual | IPC-GBA. Precios. Arvejas secas remojadas. Mensual,105.1_I2ABS_2016_M_28 | 105.1_I2AG_2016_M_23 | 105.1_I2AM_2016_M_22 | 105.1_I2ASG_2016_M_21 | 105.1_I2ASR_2016_M_32
Precios al consumidor de un conjunto de alimentos y bebidas. Base diciembre 2016. Valores trimestrales,Índice,Precios,T,60,IPC-GBA. Asado. Base dic 2016. Trimestral | IPC-GBA. Azúcar. Base dic 2016. Trimestral | IPC-GBA. Aceite mezcla. Base dic 2016. Trimestral | IPC-GBA. Arvejas secas remojadas. Base dic 2016. Trimestral | IPC-GBA. Algodón. Base dic 2016. Trimestral,105.2_I2016_AADO_2016_T_14 | 105.2_I2016_ACAR_2016_T_15 | 105.2_I2016_ACLA_2016_T_22 | 105.2_I2016_ADAS_2016_T_32 | 105.2_I2016_ADON_2016_T_16
Recursos Afectados. Valores mensuales 2017,Millones de pesos,Finanzas Públicas,M,60,Aplicaciones financieras amort.deudas y dism. otros pasivos disminución otros pasivos . Metodología 2017 | Aplicaciones financieras amort.deudas y dism. otros pasivos amortización en moneda local . Metodología 2017 | Aplicaciones financieras amort.deudas y dism. otros pasivos amortización en moneda extranjera . Metodología 2017 | Aplicaciones financieras inversión financiera . Metodología 2017 | Aplicaciones financieras gastos figurat. para aplic. financ. . Metodología 2017,374.9_AP_FIN_AMO017_0_M_50_29 | 374.9_AP_FIN_AMO017__50_84 | 374.9_AP_FIN_AMO017__52_46 | 374.9_AP_FIN_CIN017__20_57 | 374.9_AP_FIN_GTO017__39_58
Administración Pública Nacional. Valores trimestrales 2007-2014,Millones de pesos,Finanzas Públicas,T,59,Aplicaciones financieras amort.deudas y dism. otros pasivos disminución otros pasivos. Metodología 2007 - 2014 | Aplicaciones financieras amort.deudas y dism. otros pasivos amortización en moneda local. Metodología 2007 - 2014 | Aplicaciones financieras amort.deudas y dism. otros pasivos amortización en moneda extranjera. Metodología 2007 - 2014 | Aplicaciones financieras inversión financiera. Metodología 2007 - 2014 | Aplicaciones financieras gastos figurat. para aplic. financ.. Metodología 2007 - 2014,372.5_AP_FIN_AMO014_0_T_55_72 | 372.5_AP_FIN_AMO014__55_95 | 372.5_AP_FIN_AMO014__57_26 | 372.5_AP_FIN_CIN014__25_21 | 372.5_AP_FIN_GTO014__44_5
Cobros y pagos por bienes sectorial. Valores mensuales,Millones de dólares,Sector Externo,M,59,"Bienes Cobros Alimentos, Bebidas y Tabaco | Bienes Cobros Comercio | Bienes Cobros Productos Minerales no Metálicos (Cementos, Cerámicos y Otros) | Bienes Cobros Industria Textil y Curtidos | Bienes Cobros Otros Industria Manufacturera",184.1_BIENES_COBACO_0_M_39 | 184.1_BIENES_COBCIO_0_M_22 | 184.1_BIENES_COBCOS_0_M_39 | 184.1_BIENES_COBDOS_0_M_39 | 184.1_BIENES_COBERA_0_M_43
Administración Pública Nacional. Valores anuales 2007-2014,Millones de pesos,Finanzas Públicas,A,58,Aplicaciones financieras amort.deudas y dism. otros pasivos disminución otros pasivos . Metodología 2007 - 2014 | Aplicaciones financieras amort.deudas y dism. otros pasivos amortización en moneda local . Metodología 2007 - 2014 | Aplicaciones financieras amort.deudas y dism. otros pasivos amortización en moneda extranjera . Metodología 2007 - 2014 | Aplicaciones financieras inversión financiera . Metodología 2007 - 2014 | Aplicaciones financieras gastos figurat. para aplic. financ. . Metodología 2007 - 2014,372.2_AP_FIN_AMO014_0_A_55_73 | 372.2_AP_FIN_AMO014__55_55 | 372.2_AP_FIN_AMO014__57_96 | 372.2_AP_FIN_CIN014__25_40 | 372.2_AP_FIN_GTO014__44_23
Exportaciones por país y región. Valores anuales,Dólares,Sector Externo,A,58,Exportaciones a ALADI. En  dólares FOB | Exportaciones a ASEAN. En  dólares FOB | Exportaciones a Egipto. En  dólares FOB | Exportaciones a Angola. En  dólares FOB | Exportaciones a Argelia En  dólares FOB,77.1_IEAL_0_A_23 | 77.1_IEA_0_A_23 | 77.1_IEA_0_A_24_72 | 77.1_IEA_0_A_24_91 | 77.1_IEA_0_A_25_0
Exportaciones por país y región. Valores mensuales,Dólares,Sector Externo,M,58,Exportaciones a ALADI. En  dólares FOB | Exportaciones a ASEAN. En  dólares FOB | Exportaciones a Egipto. En  dólares FOB | Exportaciones a Angola. En  dólares FOB | Exportaciones a Argelia En  dólares FOB,77.3_IEAL_0_A_23 | 77.3_IEA_0_A_23 | 77.3_IEA_0_A_24_72 | 77.3_IEA_0_A_24_91 | 77.3_IEA_0_A_25_0
Exportaciones por país y región. Valores trimestrales,Dólares,Sector Externo,T,58,Exportaciones a ALADI. En  dólares FOB | Exportaciones a ASEAN. En  dólares FOB | Exportaciones a Egipto. En  dólares FOB | Exportaciones a Angola. En  dólares FOB | Exportaciones a Argelia En  dólares FOB,77.2_IEAL_0_A_23 | 77.2_IEA_0_A_23 | 77.2_IEA_0_A_24_72 | 77.2_IEA_0_A_24_91 | 77.2_IEA_0_A_25_0
Importaciones por país y región. Valores mensuales,Dólares,Sector Externo,M,58,Importaciones a ASEAN. En  dólares FOB | Importaciones a Egipto. En  dólares FOB | Importaciones a Angola. En  dólares FOB | Importaciones a Belgica. En  dólares FOB | Importaciones a Argelia. En  dólares FOB,78.3_IIA_0_A_23 | 78.3_IIA_0_A_24_22 | 78.3_IIA_0_A_24_6 | 78.3_IIA_0_A_25_88 | 78.3_IIA_0_A_25_90
Importaciones por país y región. Valores trimestrales,Dólares,Sector Externo,T,58,Importaciones a ASEAN. En  dólares FOB | Importaciones a Egipto. En  dólares FOB | Importaciones a Angola. En  dólares FOB | Importaciones a Belgica. En  dólares FOB | Importaciones a Argelia. En  dólares FOB,78.2_IIA_0_A_23 | 78.2_IIA_0_A_24_22 | 78.2_IIA_0_A_24_6 | 78.2_IIA_0_A_25_88 | 78.2_IIA_0_A_25_90
Precios FOB oficiales. Valores diarios,Dolares por tonelada,Sector Externo,D,58,"Aceite de cacahuete o maní, a granel | Aceite de Girasol, a granel | Aceite de Girasol, Los Demás, Refinado a granel | Aceite de Girasol, Los Demás, Refinado en tambores de mas de 200 litros | Aceite de soja, a granel",358.1_ACEITE_CACNEL__28 | 358.1_ACEITE_GIRNEL__21 | 358.1_ACEITE_GIRNEL__36 | 358.1_ACEITE_GIRROS__53 | 358.1_ACEITE_SOJNEL__18
Saldo comercial por países y regiones FOB-CIF.  Valores mensual,Dólares,Sector Externo,M,58,Saldo comercial con ALADI. En  dólares (Exportaciones FOB-Importaciones CIF) | Saldo comercial con Angola. En  dólares (Exportaciones FOB-Importaciones CIF) | Saldo comercial con Asia Pacífico. En  dólares (Exportaciones FOB-Importaciones CIF) | Saldo comercial con Argelia. En  dólares (Exportaciones FOB-Importaciones CIF) | Saldo comercial con Resto Asia Pacífico. En  dólares (Exportaciones FOB-Importaciones CIF),79.3_ISCAL_0_A_25 | 79.3_ISCANGO_0_A_26_8 | 79.3_ISCAP_0_A_33 | 79.3_ISCARL_0_A_27_56 | 79.3_ISCASIAP_0_A_39_94
Saldo comercial por países y regiones FOB-CIF.  Valores trimestral,Dólares,Sector Externo,T,58,Saldo comercial con ALADI. En  dólares (Exportaciones FOB-Importaciones CIF) | Saldo comercial con Angola. En  dólares (Exportaciones FOB-Importaciones CIF) | Saldo comercial con Asia Pacífico. En  dólares (Exportaciones FOB-Importaciones CIF) | Saldo comercial con Argelia. En  dólares (Exportaciones FOB-Importaciones CIF) | Saldo comercial con Resto Asia Pacífico. En  dólares (Exportaciones FOB-Importaciones CIF),79.2_ISCAL_0_A_25 | 79.2_ISCANGO_0_A_26_81 | 79.2_ISCAP_0_A_33_85 | 79.2_ISCARL_0_A_27_28 | 79.2_ISCASIAP_0_A_39_87
Saldo comercial por países y regiones FOB-CIF. Valores anuales,Dólares,Sector Externo,A,58,Saldo comercial con ALADI. En  dólares (Exportaciones FOB-Importaciones CIF) | Saldo comercial con Angola. En  dólares (Exportaciones FOB-Importaciones CIF) | Saldo comercial con Asia Pacífico. En  dólares (Exportaciones FOB-Importaciones CIF) | Saldo comercial con Argelia. En  dólares (Exportaciones FOB-Importaciones CIF) | Saldo comercial con Resto Asia Pacífico. En  dólares (Exportaciones FOB-Importaciones CIF),79.1_ISCAL_0_A_25 | 79.1_ISCANGO_0_A_26_0 | 79.1_ISCAP_0_A_33 | 79.1_ISCARL_0_A_27_20 | 79.1_ISCASIAP_0_A_39_43
Administración Pública Nacional. Valores anuales 2017,Millones de pesos,Finanzas Públicas,A,57,Aplicaciones financieras amort.deudas y dism. otros pasivos disminución otros pasivos . Metodología 2017 | Aplicaciones financieras amort.deudas y dism. otros pasivos amortización en moneda local . Metodología 2017 | Aplicaciones financieras amort.deudas y dism. otros pasivos amortización en moneda extranjera . Metodología 2017 | Aplicaciones financieras inversión financiera . Metodología 2017 | Aplicaciones financieras gastos figurat. para aplic. financ. . Metodología 2017,372.3_AP_FIN_AMO017_0_A_50_87 | 372.3_AP_FIN_AMO017__50_58 | 372.3_AP_FIN_AMO017__52_87 | 372.3_AP_FIN_CIN017__20_22 | 372.3_AP_FIN_GTO017__39_21
Administración Pública Nacional. Valores mensuales 2007-2014,Millones de pesos,Finanzas Públicas,M,57,Aplicaciones financieras amort.deudas y dism. otros pasivos disminución otros pasivos . Metodología 2007 - 2014 | Aplicaciones financieras amort.deudas y dism. otros pasivos amortización en moneda local . Metodología 2007 - 2014 | Aplicaciones financieras amort.deudas y dism. otros pasivos amortización en moneda extranjera . Metodología 2007 - 2014 | Aplicaciones financieras inversión financiera . Metodología 2007 - 2014 | Aplicaciones financieras gastos figurat. para aplic. financ. . Metodología 2007 - 2014,372.8_AP_FIN_AMO014_0_M_55_0 | 372.8_AP_FIN_AMO014__55_89 | 372.8_AP_FIN_AMO014__57_16 | 372.8_AP_FIN_CIN014__25_99 | 372.8_AP_FIN_GTO014__44_42
Administración Pública Nacional. Valores trimestrales 2017,Millones de pesos,Finanzas Públicas,T,57,Aplicaciones financieras amort.deudas y dism. otros pasivos disminución otros pasivos. Metodología 2017 | Aplicaciones financieras amort.deudas y dism. otros pasivos amortización en moneda local. Metodología 2017 | Aplicaciones financieras amort.deudas y dism. otros pasivos amortización en moneda extranjera. Metodología 2017 | Aplicaciones financieras inversión financiera. Metodología 2017 | Aplicaciones financieras gastos figurat. para aplic. financ.. Metodología 2017,372.6_AP_FIN_AMO017_0_T_50_65 | 372.6_AP_FIN_AMO017__50_31 | 372.6_AP_FIN_AMO017__52_21 | 372.6_AP_FIN_CIN017__20_51 | 372.6_AP_FIN_GTO017__39_78
Importaciones por país y región. Valores anuales,Dólares,Sector Externo,A,57,Importaciones a ALADI. En  dólares FOB | Importaciones a ASEAN. En  dólares FOB | Importaciones a Egipto. En  dólares FOB | Importaciones a Angola. En  dólares FOB | Importaciones a Belgica. En  dólares FOB,78.1_IIAL_0_A_23 | 78.1_IIA_0_A_23 | 78.1_IIA_0_A_24_22 | 78.1_IIA_0_A_24_6 | 78.1_IIA_0_A_25_88
Tesoro Nacional. Valores mensuales 2017,Millones de pesos,Finanzas Públicas,M,56,Aplicaciones financieras amort.deudas y dism. otros pasivos disminución otros pasivos . Metodología 2017 | Aplicaciones financieras amort.deudas y dism. otros pasivos amortización en moneda local . Metodología 2017 | Aplicaciones financieras amort.deudas y dism. otros pasivos amortización en moneda extranjera . Metodología 2017 | Aplicaciones financieras inversión financiera . Metodología 2017 | Aplicaciones financieras gastos figurat. para aplic. financ. . Metodología 2017,373.9_AP_FIN_AMO017_0_M_50_46 | 373.9_AP_FIN_AMO017__50_63 | 373.9_AP_FIN_AMO017__52_56 | 373.9_AP_FIN_CIN017__20_89 | 373.9_AP_FIN_GTO017__39_57
"Empresas Públicas, PAMI, Fondos Fiduciarios y Otros. Valores anuales 1993-2006",Millones de pesos,Finanzas Públicas,A,55,Aplicaciones financieras amort.deudas y dism. otros pasivos disminución otros pasivos . Metodología 1993 - 2006 | Aplicaciones financieras amort.deudas y dism. otros pasivos amortización deuda externa . Metodología 1993 - 2006 | Aplicaciones financieras amort.deudas y dism. otros pasivos amortización en moneda local . Metodología 1993 - 2006 | Aplicaciones financieras amort.deudas y dism. otros pasivos amortización en moneda extranjera . Metodología 1993 - 2006 | Aplicaciones financieras amort.deudas y dism. otros pasivos amortización deuda interna . Metodología 1993 - 2006,378.1_AP_FIN_AMO006_0_A_55_3 | 378.1_AP_FIN_AMO006_0_A_57_33 | 378.1_AP_FIN_AMO006__55_6 | 378.1_AP_FIN_AMO006__57_54 | 378.1_AP_FIN_CAM006__58_84
Instituciones de la Seguridad Social. Valores anuales 1993-2006,Millones de pesos,Finanzas Públicas,A,55,Aplicaciones financieras amort.deudas y dism. otros pasivos disminución otros pasivos . Metodología 1993 - 2006 | Aplicaciones financieras amort.deudas y dism. otros pasivos amortización en moneda local . Metodología 1993 - 2006 | Aplicaciones financieras amort.deudas y dism. otros pasivos amortización en moneda extranjera . Metodología 1993 - 2006 | Aplicaciones financieras amort.deudas y dism. otros pasivos amortización deuda interna . Metodología 1993 - 2006 | Aplicaciones financieras inversión financiera . Metodología 1993 - 2006,376.1_AP_FIN_AMO006_0_A_55_32 | 376.1_AP_FIN_AMO006__55_53 | 376.1_AP_FIN_AMO006__57_75 | 376.1_AP_FIN_CAM006__58_5 | 376.1_AP_FIN_CIN006__25_56
Títulos Públicos de Deuda. Merval,Porcentaje,Mercados Financieros,D,55,Bono de la Nación Argentina Bonar 2025 - A2E2. Yield | Bono de la Nación Argentina Bonar 2025 - A2E3. Yield | Bono de la Nación Argentina Bonar 2027 - A2E7. Yield | Bono de la Nación Argentina Bonar 2028 - A2E8. Yield | Bono Dual 2019 - en dólares - A2J9D. Yield,179.1_A2E2_YIELDELD_0_0_10 | 179.1_A2E3_YIELDELD_0_0_10_76 | 179.1_A2E7_YIELDELD_0_0_10 | 179.1_A2E8_YIELDELD_0_0_10_61 | 179.1_A2J9D_YIELELD_0_0_11_74
"Empresas Públicas, PAMI, Fondos Fiduciarios y Otros. Valores anuales 2007-2014",Millones de pesos,Finanzas Públicas,A,54,Aplicaciones financieras amort.deudas y dism. otros pasivos disminución otros pasivos . Metodología 2007 - 2014 | Aplicaciones financieras amort.deudas y dism. otros pasivos amortización en moneda local . Metodología 2007 - 2014 | Aplicaciones financieras amort.deudas y dism. otros pasivos amortización en moneda extranjera . Metodología 2007 - 2014 | Aplicaciones financieras inversión financiera . Metodología 2007 - 2014 | Aplicaciones financieras disminucion del patrimonio . Metodología 2007 - 2014,378.2_AP_FIN_AMO014_0_A_55_32 | 378.2_AP_FIN_AMO014__55_89 | 378.2_AP_FIN_AMO014__57_1 | 378.2_AP_FIN_CIN014__25_26 | 378.2_AP_FIN_DIS014__24_90
"Empresas Públicas, PAMI, Fondos Fiduciarios y Otros. Valores mensuales 1993-2006",Millones de pesos,Finanzas Públicas,M,54,Aplicaciones financieras amort.deudas y dism. otros pasivos disminución otros pasivos . Metodología 1993 - 2006 | Aplicaciones financieras amort.deudas y dism. otros pasivos amortización deuda externa . Metodología 1993 - 2006 | Aplicaciones financieras amort.deudas y dism. otros pasivos amortización en moneda local . Metodología 1993 - 2006 | Aplicaciones financieras amort.deudas y dism. otros pasivos amortización en moneda extranjera . Metodología 1993 - 2006 | Aplicaciones financieras amort.deudas y dism. otros pasivos amortización deuda interna . Metodología 1993 - 2006,378.7_AP_FIN_AMO006_0_M_55_93 | 378.7_AP_FIN_AMO006_0_M_57_62 | 378.7_AP_FIN_AMO006__55_78 | 378.7_AP_FIN_AMO006__57_98 | 378.7_AP_FIN_CAM006__58_66
"Empresas Públicas, PAMI, Fondos Fiduciarios y Otros. Valores mensuales 2017",Millones de pesos,Finanzas Públicas,M,54,"Aplicaciones financieras amort.deudas y dism. otros pasivos amortización en moneda local . Metodología 2017 | Aplicaciones financieras amort.deudas y dism. otros pasivos amortización en moneda extranjera . Metodología 2017 | Aplicaciones financieras amort.deudas y dism. otros pasivos disminución otros pasivos . Metodología 2017 | Aplicaciones financieras inversión financiera . Metodología 2017 | Contribuciones figurativas de pami, fdos. fiduciarios y otros . Metodología 2017",378.9_AP_FIN_AMO017_0_M_50_52 | 378.9_AP_FIN_AMO017_0_M_52_31 | 378.9_AP_FIN_AMO017_II_0_M_50_68 | 378.9_AP_FIN_CIN017_0_M_20_48 | 378.9_CONTRIB_FI017_II_0_M_39_19
Organismos Descentralizados. Valores mensuales 2017,Millones de pesos,Finanzas Públicas,M,54,Aplicaciones financieras amort.deudas y dism. otros pasivos disminución otros pasivos . Metodología 2017 | Aplicaciones financieras amort.deudas y dism. otros pasivos amortización en moneda local . Metodología 2017 | Aplicaciones financieras amort.deudas y dism. otros pasivos amortización en moneda extranjera . Metodología 2017 | Aplicaciones financieras inversión financiera . Metodología 2017 | Aplicaciones financieras gastos figurat. para aplic. financ. . Metodología 2017,375.9_AP_FIN_AMO017_0_M_50_27 | 375.9_AP_FIN_AMO017__50_5 | 375.9_AP_FIN_AMO017__52_63 | 375.9_AP_FIN_CIN017__20_34 | 375.9_AP_FIN_GTO017__39_75
Recursos Afectados. Valores trimestrales 1993-2006,Millones de pesos,Finanzas Públicas,T,54,Aplicaciones financieras amort.deudas y dism. otros pasivos disminución otros pasivos . Metodología 1993 - 2006 | Aplicaciones financieras amort.deudas y dism. otros pasivos amortización deuda externa . Metodología 1993 - 2006 | Aplicaciones financieras amort.deudas y dism. otros pasivos amortización en moneda extranjera . Metodología 1993 - 2006 | Aplicaciones financieras amort.deudas y dism. otros pasivos amortización deuda interna . Metodología 1993 - 2006 | Aplicaciones financieras inversión financiera . Metodología 1993 - 2006,374.4_AP_FIN_AMO006_0_T_55_98 | 374.4_AP_FIN_AMO006_0_T_57_48 | 374.4_AP_FIN_AMO006__57_3 | 374.4_AP_FIN_CAM006__58_99 | 374.4_AP_FIN_CIN006__25_3
Organismos Descentralizados. Valores anuales 2017,Millones de pesos,Finanzas Públicas,A,53,Aplicaciones financieras amort.deudas y dism. otros pasivos disminución otros pasivos . Metodología 2017 | Aplicaciones financieras amort.deudas y dism. otros pasivos amortización en moneda local . Metodología 2017 | Aplicaciones financieras amort.deudas y dism. otros pasivos amortización en moneda extranjera . Metodología 2017 | Aplicaciones financieras inversión financiera . Metodología 2017 | Aplicaciones financieras gastos figurat. para aplic. financ. . Metodología 2017,375.3_AP_FIN_AMO017_0_A_50_35 | 375.3_AP_FIN_AMO017__50_32 | 375.3_AP_FIN_AMO017__52_11 | 375.3_AP_FIN_CIN017__20_98 | 375.3_AP_FIN_GTO017__39_79
Organismos Descentralizados. Valores trimestrales 2007-2014,Millones de pesos,Finanzas Públicas,T,53,Aplicaciones financieras amort.deudas y dism. otros pasivos disminución otros pasivos . Metodología 2007 - 2014 | Aplicaciones financieras amort.deudas y dism. otros pasivos amortización en moneda local . Metodología 2007 - 2014 | Aplicaciones financieras amort.deudas y dism. otros pasivos amortización en moneda extranjera . Metodología 2007 - 2014 | Aplicaciones financieras inversión financiera . Metodología 2007 - 2014 | Aplicaciones financieras gastos figurat. para aplic. financ. . Metodología 2007 - 2014,375.5_AP_FIN_AMO014_0_T_55_41 | 375.5_AP_FIN_AMO014__55_85 | 375.5_AP_FIN_AMO014__57_98 | 375.5_AP_FIN_CIN014__25_86 | 375.5_AP_FIN_GTO014__44_47
Balance Cambiario. Valores mensuales,Millones de dólares,Sector Externo,M,52,Ajuste de Reservas Internacionales por tipo de pase y valuación | Concepto no informado por el cliente (neto) | Cuenta Corriente Cambiaria Total Servicios | Cuenta Corriente Cambiaria Ingresos Servicios | Cuenta Corriente Cambiaria Total Bienes,182.1_AJUSTE_RESION_0_M_44 | 182.1_CONCEPTO_NTO_0_M_36 | 182.1_CUENTA_CORIOS_0_M_42 | 182.1_CUENTA_CORIOS_0_M_45 | 182.1_CUENTA_CORNES_0_M_39
"Empresas Públicas, PAMI, Fondos Fiduciarios y Otros. Valores trimestrales 2007-2014",Millones de pesos,Finanzas Públicas,T,52,Aplicaciones financieras amort.deudas y dism. otros pasivos disminución otros pasivos . Metodología 2007 - 2014 | Aplicaciones financieras amort.deudas y dism. otros pasivos amortización en moneda local . Metodología 2007 - 2014 | Aplicaciones financieras amort.deudas y dism. otros pasivos amortización en moneda extranjera . Metodología 2007 - 2014 | Aplicaciones financieras inversión financiera . Metodología 2007 - 2014 | Aplicaciones financieras disminucion del patrimonio . Metodología 2007 - 2014,378.5_AP_FIN_AMO014_0_T_55_20 | 378.5_AP_FIN_AMO014__55_75 | 378.5_AP_FIN_AMO014__57_56 | 378.5_AP_FIN_CIN014__25_73 | 378.5_AP_FIN_DIS014__24_65
Exportaciones. Valores anuales,Millones de dólares,Sector Externo,A,52,"Exportaciones de carburantes, grasas y aceites lubricantes. En millones de dólares FOB | Exportaciones de calzado y sus partes componentes. En millones de dólares FOB | Exportaciones de caucho y sus manufacturas. En millones de dólares FOB | Exportaciones de energía eléctrica. En millones de dólares FOB | Exportaciones de gas de petróleo y otros hidrocarburos. En millones de dólares FOB",75.1_CGAL_0_A_38 | 75.1_CPC_0_A_26 | 75.1_CSM_0_A_23 | 75.1_EE_0_A_17 | 75.1_GPOH_0_A_32
Exportaciones. Valores mensuales,Millones de dólares,Sector Externo,M,52,"Exportaciones de gas de petróleo y otros hidrocarburos. En millones de dólares FOB | Exportaciones de azúcar y artículos de confitería. En millones de dólares FOB | Exportaciones de bebidas, líquidos alcohólicos y vinagre. En millones de dólares FOB | Exportaciones de carburantes, grasas y aceites lubricantes. En millones de dólares FOB | Exportaciones de calzado y sus partes componentes. En millones de dólares FOB",75.3_GPOH_0_M_32 | 75.3_IAAC_0_M_31 | 75.3_IBLAV_0_M_40 | 75.3_ICGAL_0_M_42 | 75.3_ICPC_0_M_30
Exportaciones. Valores trimestrales,Millones de dólares,Sector Externo,T,52,"Exportaciones de carburantes, grasas y aceites lubricantes. En millones de dólares FOB | Exportaciones de calzado y sus partes componentes. En millones de dólares FOB | Exportaciones de caucho y sus manufacturas. En millones de dólares FOB | Exportaciones de energía eléctrica. En millones de dólares FOB | Exportaciones de gas de petróleo y otros hidrocarburos. En millones de dólares FOB",75.2_CGAL_0_T_38 | 75.2_CPC_0_T_26 | 75.2_CSM_0_T_23 | 75.2_EE_0_T_17 | 75.2_GPOH_0_T_32
Informe Mensual de Ingresos y Gastos. Sector Público Nacional No Financiero.  Valores mensuales 2015-2018,Millones de pesos,Finanzas Públicas,M,52,IMIG. Ingresos totales. Ingresos tributarios. Aportes y contribuciones a la seguriad social | IMIG. Gastos primarios. Gastos corrientes primarios. Prestaciones sociales. Asignaciones (Familiares y Universales para Protección Social) | IMIG. Ingresos totales. Ingresos tributarios. Bienes personales | IMIG. Gastos de capital. Energía. Nación | IMIG. Ingresos totales. Ingresos tributarios. Combustibles,452.2_APORTES_COIAL_0_T_39_29 | 452.2_ASIGNACIONIJO_0_T_26_67 | 452.2_BIENES_PERLES_0_T_17_26 | 452.2_CAPITAL_ENION_0_T_22_35 | 452.2_COMBUSTIBLLES_0_T_12_97
Tesoro Nacional. Valores anuales 2007-2014,Millones de pesos,Finanzas Públicas,A,52,Aplicaciones financieras amort.deudas y dism. otros pasivos disminución otros pasivos . Metodología 2007 - 2014 | Aplicaciones financieras amort.deudas y dism. otros pasivos amortización en moneda local . Metodología 2007 - 2014 | Aplicaciones financieras amort.deudas y dism. otros pasivos amortización en moneda extranjera . Metodología 2007 - 2014 | Aplicaciones financieras inversión financiera . Metodología 2007 - 2014 | Aplicaciones financieras gastos figurat. para aplic. financ. . Metodología 2007 - 2014,373.2_AP_FIN_AMO014_0_A_55_15 | 373.2_AP_FIN_AMO014__55_52 | 373.2_AP_FIN_AMO014__57_29 | 373.2_AP_FIN_CIN014__25_63 | 373.2_AP_FIN_GTO014__44_32
Tesoro Nacional. Valores mensuales 2007-2014,Millones de pesos,Finanzas Públicas,M,52,Aplicaciones financieras amort.deudas y dism. otros pasivos disminución otros pasivos . Metodología 2007 - 2014 | Aplicaciones financieras amort.deudas y dism. otros pasivos amortización en moneda local . Metodología 2007 - 2014 | Aplicaciones financieras amort.deudas y dism. otros pasivos amortización en moneda extranjera . Metodología 2007 - 2014 | Aplicaciones financieras inversión financiera . Metodología 2007 - 2014 | Aplicaciones financieras gastos figurat. para aplic. financ. . Metodología 2007 - 2014,373.8_AP_FIN_AMO014_0_M_55_53 | 373.8_AP_FIN_AMO014__55_52 | 373.8_AP_FIN_AMO014__57_66 | 373.8_AP_FIN_CIN014__25_79 | 373.8_AP_FIN_GTO014__44_67
Informe Mensual de Ingresos y Gastos. Sector Público Nacional No Financiero. Valores anuales 2015-2018,Millones de pesos,Finanzas Públicas,A,51,IMIG. Ingresos totales. Ingresos tributarios. Aportes y contribuciones a la seguriad social | IMIG. Gastos primarios. Gastos corrientes primarios. Prestaciones sociales. Asignaciones (Familiares y Universales para Protección Social) | IMIG. Ingresos totales. Ingresos tributarios. Bienes personales | IMIG. Gastos de capital. Agua potable y alcantarillado. Transferencias a provincias | IMIG. Gastos de capital. Agua potable y alcantarillado. Nación,452.2_APORTES_COIAL_0_T_39_13 | 452.2_ASIGNACIONIJO_0_T_26_25 | 452.2_BIENES_PERLES_0_T_17_11 | 452.2_CAPITAL_AGIAS_0_T_59_13 | 452.2_CAPITAL_AGION_0_T_41_25
Instituciones de la Seguridad Social. Valores trimestrales 1993-2006,Millones de pesos,Finanzas Públicas,T,51,Aplicaciones financieras amort.deudas y dism. otros pasivos disminución otros pasivos . Metodología 1993 - 2006 | Aplicaciones financieras amort.deudas y dism. otros pasivos amortización en moneda local . Metodología 1993 - 2006 | Aplicaciones financieras amort.deudas y dism. otros pasivos amortización deuda interna . Metodología 1993 - 2006 | Aplicaciones financieras inversión financiera . Metodología 1993 - 2006 | Aplicaciones financieras gastos figurat. para aplic. financ. . Metodología 1993 - 2006,376.4_AP_FIN_AMO006_0_T_55_34 | 376.4_AP_FIN_AMO006__55_67 | 376.4_AP_FIN_CAM006__58_49 | 376.4_AP_FIN_CIN006__25_95 | 376.4_AP_FIN_GTO006__44_21
Organismos Descentralizados. Valores trimestrales 2017,Millones de pesos,Finanzas Públicas,T,51,Aplicaciones financieras amort.deudas y dism. otros pasivos disminución otros pasivos . Metodología 2017 | Aplicaciones financieras amort.deudas y dism. otros pasivos amortización en moneda local . Metodología 2017 | Aplicaciones financieras amort.deudas y dism. otros pasivos amortización en moneda extranjera . Metodología 2017 | Aplicaciones financieras inversión financiera . Metodología 2017 | Aplicaciones financieras gastos figurat. para aplic. financ. . Metodología 2017,375.6_AP_FIN_AMO017_0_T_50_60 | 375.6_AP_FIN_AMO017__50_17 | 375.6_AP_FIN_AMO017__52_97 | 375.6_AP_FIN_CIN017__20_73 | 375.6_AP_FIN_GTO017__39_92
Tesoro Nacional. Valores trimestrales 2007-2014,Millones de pesos,Finanzas Públicas,T,51,Aplicaciones financieras amort.deudas y dism. otros pasivos disminución otros pasivos . Metodología 2007 - 2014 | Aplicaciones financieras amort.deudas y dism. otros pasivos amortización en moneda local . Metodología 2007 - 2014 | Aplicaciones financieras amort.deudas y dism. otros pasivos amortización en moneda extranjera . Metodología 2007 - 2014 | Aplicaciones financieras inversión financiera . Metodología 2007 - 2014 | Aplicaciones financieras gastos figurat. para aplic. financ. . Metodología 2007 - 2014,373.5_AP_FIN_AMO014_0_T_55_13 | 373.5_AP_FIN_AMO014__55_2 | 373.5_AP_FIN_AMO014__57_49 | 373.5_AP_FIN_CIN014__25_29 | 373.5_AP_FIN_GTO014__44_6
Organismos Descentralizados. Valores anuales 2007-2014,Millones de pesos,Finanzas Públicas,A,50,Aplicaciones financieras amort.deudas y dism. otros pasivos disminución otros pasivos . Metodología 2007 - 2014 | Aplicaciones financieras amort.deudas y dism. otros pasivos amortización en moneda local . Metodología 2007 - 2014 | Aplicaciones financieras amort.deudas y dism. otros pasivos amortización en moneda extranjera . Metodología 2007 - 2014 | Aplicaciones financieras inversión financiera . Metodología 2007 - 2014 | Aplicaciones financieras gastos figurat. para aplic. financ. . Metodología 2007 - 2014,375.2_AP_FIN_AMO014_0_A_55_38 | 375.2_AP_FIN_AMO014__55_15 | 375.2_AP_FIN_AMO014__57_38 | 375.2_AP_FIN_CIN014__25_52 | 375.2_AP_FIN_GTO014__44_26
Tesoro Nacional. Valores trimestrales 2017,Millones de pesos,Finanzas Públicas,T,50,Aplicaciones financieras amort.deudas y dism. otros pasivos disminución otros pasivos . Metodología 2017 | Aplicaciones financieras amort.deudas y dism. otros pasivos amortización en moneda local . Metodología 2017 | Aplicaciones financieras amort.deudas y dism. otros pasivos amortización en moneda extranjera . Metodología 2017 | Aplicaciones financieras inversión financiera . Metodología 2017 | Aplicaciones financieras gastos figurat. para aplic. financ. . Metodología 2017,373.6_AP_FIN_AMO017_0_T_50_93 | 373.6_AP_FIN_AMO017__50_61 | 373.6_AP_FIN_AMO017__52_4 | 373.6_AP_FIN_CIN017__20_4 | 373.6_AP_FIN_GTO017__39_49
"Empresas Públicas, PAMI, Fondos Fiduciarios y Otros. Valores anuales 2017",Millones de pesos,Finanzas Públicas,A,49,"Aplicaciones financieras amort.deudas y dism. otros pasivos disminución otros pasivos . Metodología 2017 | Aplicaciones financieras amort.deudas y dism. otros pasivos amortización en moneda local . Metodología 2017 | Aplicaciones financieras amort.deudas y dism. otros pasivos amortización en moneda extranjera . Metodología 2017 | Aplicaciones financieras inversión financiera . Metodología 2017 | Contribuciones figurativas de pami, fdos. fiduciarios y otros . Metodología 2017",378.3_AP_FIN_AMO017_0_A_50_83 | 378.3_AP_FIN_AMO017__50_77 | 378.3_AP_FIN_AMO017__52_8 | 378.3_AP_FIN_CIN017__20_6 | 378.3_CONTRIB_FI017_0_A_39_16
"Empresas Públicas, PAMI, Fondos Fiduciarios y Otros. Valores trimestrales 2017",Millones de pesos,Finanzas Públicas,T,49,"Aplicaciones financieras amort.deudas y dism. otros pasivos disminución otros pasivos . Metodología 2017 | Aplicaciones financieras amort.deudas y dism. otros pasivos amortización en moneda local . Metodología 2017 | Aplicaciones financieras amort.deudas y dism. otros pasivos amortización en moneda extranjera . Metodología 2017 | Aplicaciones financieras inversión financiera . Metodología 2017 | Contribuciones figurativas de pami, fdos. fiduciarios y otros . Metodología 2017",378.6_AP_FIN_AMO017_0_T_50_13 | 378.6_AP_FIN_AMO017__50_85 | 378.6_AP_FIN_AMO017__52_80 | 378.6_AP_FIN_CIN017__20_54 | 378.6_CONTRIB_FI017_0_T_39_60
Recursos Afectados. Valores mensuales 1993-2006,Millones de pesos,Finanzas Públicas,M,49,Aplicaciones financieras amort.deudas y dism. otros pasivos disminución otros pasivos . Metodología 1993 - 2006 | Aplicaciones financieras inversión financiera . Metodología 1993 - 2006 | Aplicaciones financieras gastos figurat. para aplic. financ. . Metodología 1993 - 2006 | Contribuciones figurativas de instituciones de seguridad social . Metodología 1993 - 2006 | Contribuciones figurativas de recursos afectados . Metodología 1993 - 2006,374.7_AP_FIN_AMO006_0_M_55_14 | 374.7_AP_FIN_CIN006__25_97 | 374.7_AP_FIN_GTO006__44_47 | 374.7_CONTRIB_FI006__38_46 | 374.7_CONTRIB_FI006__44_9
Incidencia absoluta mensual por región y por categoría,Índice,Precios,M,48,Incidencia absoluta acumulada cuyo estacionales | Incidencia absoluta mensual cuyo estacionales | Incidencia absoluta acumulada cuyo ipc nucleo | Incidencia absoluta mensual cuyo ipc nucleo | Incidencia absoluta acumulada cuyo nivel general,347.1_CUYO_ESTACADA__27 | 347.1_CUYO_ESTACUAL__25 | 347.1_CUYO_IPC_NADA__25 | 347.1_CUYO_IPC_NUAL__23 | 347.1_CUYO_NIVELADA__28
Recursos Afectados. Valores trimestrales 2007-2014,Millones de pesos,Finanzas Públicas,T,47,Aplicaciones financieras amort.deudas y dism. otros pasivos disminución otros pasivos . Metodología 2007 - 2014 | Aplicaciones financieras inversión financiera . Metodología 2007 - 2014 | Aplicaciones financieras gastos figurat. para aplic. financ. . Metodología 2007 - 2014 | Contribuciones figurativas de instituciones de seguridad social . Metodología 2007 - 2014 | Contribuciones figurativas de recursos afectados . Metodología 2007 - 2014,374.5_AP_FIN_AMO014_0_T_55_47 | 374.5_AP_FIN_CIN014__25_78 | 374.5_AP_FIN_GTO014__44_27 | 374.5_CONTRIB_FI014__38_97 | 374.5_CONTRIB_FI014__44_41
Tesoro Nacional. Valores anuales 2017,Millones de pesos,Finanzas Públicas,A,47,Aplicaciones financieras amort.deudas y dism. otros pasivos disminución otros pasivos . Metodología 2017 | Aplicaciones financieras amort.deudas y dism. otros pasivos amortización en moneda local . Metodología 2017 | Aplicaciones financieras amort.deudas y dism. otros pasivos amortización en moneda extranjera . Metodología 2017 | Aplicaciones financieras inversión financiera . Metodología 2017 | Aplicaciones financieras gastos figurat. para aplic. financ. . Metodología 2017,373.3_AP_FIN_AMO017_0_A_50_56 | 373.3_AP_FIN_AMO017__50_22 | 373.3_AP_FIN_AMO017__52_48 | 373.3_AP_FIN_CIN017__20_28 | 373.3_AP_FIN_GTO017__39_61
Recursos Afectados. Valores anuales 2007-2014,Millones de pesos,Finanzas Públicas,A,46,Aplicaciones financieras amort.deudas y dism. otros pasivos disminución otros pasivos . Metodología 2007 - 2014 | Aplicaciones financieras inversión financiera . Metodología 2007 - 2014 | Aplicaciones financieras gastos figurat. para aplic. financ. . Metodología 2007 - 2014 | Contribuciones figurativas de instituciones de seguridad social . Metodología 2007 - 2014 | Contribuciones figurativas de recursos afectados . Metodología 2007 - 2014,374.2_AP_FIN_AMO014_0_A_55_94 | 374.2_AP_FIN_CIN014__25_93 | 374.2_AP_FIN_GTO014__44_85 | 374.2_CONTRIB_FI014__38_52 | 374.2_CONTRIB_FI014__44_26
Recursos Afectados. Valores mensuales 2007-2014,Millones de pesos,Finanzas Públicas,M,46,Aplicaciones financieras amort.deudas y dism. otros pasivos disminución otros pasivos . Metodología 2007 - 2014 | Aplicaciones financieras inversión financiera . Metodología 2007 - 2014 | Aplicaciones financieras gastos figurat. para aplic. financ. . Metodología 2007 - 2014 | Contribuciones figurativas de instituciones de seguridad social . Metodología 2007 - 2014 | Contribuciones figurativas de recursos afectados . Metodología 2007 - 2014,374.8_AP_FIN_AMO014_0_M_55_37 | 374.8_AP_FIN_CIN014__25_47 | 374.8_AP_FIN_GTO014__44_1 | 374.8_CONTRIB_FI014__38_72 | 374.8_CONTRIB_FI014__44_59
Financiamiento Privado en Mercado de Capitales. Dólares.,Porcentaje,Mercados Financieros,M,45,"Emisión de obligaciones negociables de agricultura ganaderia | Emisión de obligaciones negociables de alimentos 
 bebidas | Emisión de obligaciones negociables de act financieras seguros | Emisión de obligaciones negociables de actividades
 inmobiliarias | Emisión de obligaciones negociables de bancos",170.1_ACULTURRIA_0_0_21 | 170.1_AENTOS_DAS_0_0_19 | 170.1_AFINANCOS_0_0_24 | 170.1_AVIDADEIAS_0_0_26 | 170.1_BOSCOS_0_0_6
Informe Mensual de Ingresos y Gastos. Sector Público Nacional No Financiero.  Valores trimestrales 2015-2018,Millones de pesos,Finanzas Públicas,T,45,IMIG. Ingresos totales. Ingresos tributarios. Aportes y contribuciones a la seguriad social | IMIG. Ingresos totales. Ingresos tributarios. Bienes personales | IMIG. Ingresos totales. Ingresos tributarios. Débitos y créditos | IMIG. Ingresos totales. Ingresos tributarios. Derechos de exportación | IMIG. Ingresos totales. Rentas de la propiedad Netas. FGS cobradas al sector privado y público financiero,452.1_APORTES_COIAL_0_A_39_80 | 452.1_BIENES_PERLES_0_A_17_92 | 452.1_DEBITOS_CRTOS_0_A_16_94 | 452.1_DERECHOS_EION_0_A_20_86 | 452.1_FGS_COBRADERO_0_A_53_62
Instituciones de la Seguridad Social. Valores mensuales 1993-2006,Millones de pesos,Finanzas Públicas,M,45,Aplicaciones financieras amort.deudas y dism. otros pasivos disminución otros pasivos . Metodología 1993 - 2006 | Aplicaciones financieras amort.deudas y dism. otros pasivos amortización en moneda local . Metodología 1993 - 2006 | Aplicaciones financieras amort.deudas y dism. otros pasivos amortización deuda interna . Metodología 1993 - 2006 | Aplicaciones financieras inversión financiera . Metodología 1993 - 2006 | Aplicaciones financieras gastos figurat. para aplic. financ. . Metodología 1993 - 2006,376.7_AP_FIN_AMO006_0_M_55_17 | 376.7_AP_FIN_AMO006__55_80 | 376.7_AP_FIN_CAM006__58_17 | 376.7_AP_FIN_CIN006__25_21 | 376.7_AP_FIN_GTO006__44_59
Recursos Afectados. Valores trimestrales 2017,Millones de pesos,Finanzas Públicas,T,44,Aplicaciones financieras amort.deudas y dism. otros pasivos disminución otros pasivos . Metodología 2017 | Aplicaciones financieras inversión financiera . Metodología 2017 | Aplicaciones financieras gastos figurat. para aplic. financ. . Metodología 2017 | Contribuciones figurativas de instituciones de seguridad social . Metodología 2017 | Contribuciones figurativas de recursos afectados . Metodología 2017,374.6_AP_FIN_AMO017_0_T_50_32 | 374.6_AP_FIN_CIN017__20_26 | 374.6_AP_FIN_GTO017__39_15 | 374.6_CONTRIB_FI017__33_30 | 374.6_CONTRIB_FI017__39_91
Flujos de Inversión Extranjera Directa por país primer nivel de residencia. Valores trimestrales,Millones de dólares,Sector Externo,T,43,Flujos de Inversión Extranjera Directa de Alemania | Flujos de Inversión Extranjera Directa de Australia | Flujos de Inversión Extranjera Directa de Austria | Flujos de Inversión Extranjera Directa de Bahamas | Flujos de Inversión Extranjera Directa de Barbados,320.1_ALEMANIANIA_0_T_8 | 320.1_AUSTRALIALIA_0_T_9 | 320.1_AUSTRIARIA_0_T_7 | 320.1_BAHAMASMAS_0_T_7 | 320.1_BARBADOSDOS_0_T_8
Ingreso de la inversión extranjera directa por país primer nivel de residencia. Valores trimestrales,Millones de dólares,Sector Externo,T,43,De ingreso de la Inversión Extranjera Directa de Alemania | De ingreso de la Inversión Extranjera Directa de Australia | De ingreso de la Inversión Extranjera Directa de Austria | De ingreso de la Inversión Extranjera Directa de Bahamas | De ingreso de la Inversión Extranjera Directa de Barbados,321.1_ALEMANIANIA_0_T_8 | 321.1_AUSTRALIALIA_0_T_9 | 321.1_AUSTRIARIA_0_T_7 | 321.1_BAHAMASMAS_0_T_7 | 321.1_BARBADOSDOS_0_T_8
Stock de Inversión Extranjera Directa por país primer nivel de residencia. Valores semestrales,Millones de dólares,Sector Externo,S,43,Stock de inversión extrajera directa de Alemania | Stock de inversión extrajera directa de Australia | Stock de inversión extrajera directa de Austria | Stock de inversión extrajera directa de Bahamas | Stock de inversión extrajera directa de Barbados,319.1_ALEMANIANIA_0_S_8 | 319.1_AUSTRALIALIA_0_S_9 | 319.1_AUSTRIARIA_0_S_7 | 319.1_BAHAMASMAS_0_S_7 | 319.1_BARBADOSDOS_0_S_8
Finanzas Públicas. Cuenta A.I.F. - Base devengado. Sector Público Argentino (1987-1989),Variación Porcentual,Finanzas Públicas,A,42,Ahorro | Aumentos Pasivos Financiento netos | B.C.R.A | Erogaciones de capital . Inversión financiera | Erogaciones de capital . Inversión bienes preexistentes,439.2_AHORRORRO_DEVE_0_6_92 | 439.2_AUM_PAS_FITOS_DEVE_0_17_92 | 439.2_BCO_CTRAL_ARG_DEVE_0_17_16 | 439.2_EROG_CAP_IANC_DEVE_0_19_8 | 439.2_EROG_CAP_IIST_DEVE_0_23_38
Recursos Afectados. Valores anuales 2017,Millones de pesos,Finanzas Públicas,A,42,Aplicaciones financieras amort.deudas y dism. otros pasivos disminución otros pasivos . Metodología 2017 | Aplicaciones financieras inversión financiera . Metodología 2017 | Aplicaciones financieras gastos figurat. para aplic. financ. . Metodología 2017 | Contribuciones figurativas de instituciones de seguridad social . Metodología 2017 | Contribuciones figurativas de recursos afectados . Metodología 2017,374.3_AP_FIN_AMO017_0_A_50_30 | 374.3_AP_FIN_CIN017__20_4 | 374.3_AP_FIN_GTO017__39_95 | 374.3_CONTRIB_FI017__33_82 | 374.3_CONTRIB_FI017__39_6
"Cantidad de empresas exportadoras por sector de actividad, rangos de exportación y saldo comercial. Datos mensuales",Cantidad de Empresas,Sector Externo,M,41,Detalle por rangos de exportación Más de USD 500 M | Detalle por rangos de exportación Entre USD 5 M y USD 20 M | Detalle por rangos de exportación Entre USD 20 M y USD 100 M | Detalle por rangos de exportación Entre USD 100 M y USD 500 M | Detalle por rangos de exportación Total > USD 1 M,360.1_DETALLE_PO0_M__42 | 360.1_DETALLE_PO0_M__48 | 360.1_DETALLE_PO0_M__50 | 360.1_DETALLE_PO0_M__51 | 360.1_DETALLE_PO1_M_II__43
Finanzas Públicas. Cuenta A.I.F. - Base devengado. Total Administración Nacional (1977-1986),Variación Porcentual,Finanzas Públicas,A,41,Ahorro | Aumentos Pasivos Financiento netos | B.C.R.A | Erogaciones de capital . Inversión financiera | Erogaciones de capital . Inversión bienes preexistentes,436.2_AHORRORRO_DEVE_0_6_11 | 436.2_AUM_PAS_FITOS_DEVE_0_17_58 | 436.2_BCO_CTRAL_ARG_DEVE_0_17_40 | 436.2_EROG_CAP_IANC_DEVE_0_19_54 | 436.2_EROG_CAP_IIST_DEVE_0_23_43
Instituciones de la Seguridad Social. Valores anuales 2017,Millones de pesos,Finanzas Públicas,A,41,Aplicaciones financieras amort.deudas y dism. otros pasivos disminución otros pasivos . Metodología 2017 | Aplicaciones financieras amort.deudas y dism. otros pasivos amortización en moneda local . Metodología 2017 | Aplicaciones financieras inversión financiera . Metodología 2017 | Aplicaciones financieras gastos figurat. para aplic. financ. . Metodología 2017 | Contribuciones figurativas de instituciones de seguridad social . Metodología 2017,376.3_AP_FIN_AMO017_0_A_50_13 | 376.3_AP_FIN_AMO017__50_62 | 376.3_AP_FIN_CIN017__20_37 | 376.3_AP_FIN_GTO017__39_94 | 376.3_CONTRIB_FI017__33_2
Instituciones de la Seguridad Social. Valores trimestrales 2007-2014,Millones de pesos,Finanzas Públicas,T,41,Aplicaciones financieras amort.deudas y dism. otros pasivos disminución otros pasivos . Metodología 2007 - 2014 | Aplicaciones financieras amort.deudas y dism. otros pasivos amortización en moneda local . Metodología 2007 - 2014 | Aplicaciones financieras amort.deudas y dism. otros pasivos amortización en moneda extranjera . Metodología 2007 - 2014 | Aplicaciones financieras inversión financiera . Metodología 2007 - 2014 | Aplicaciones financieras gastos figurat. para aplic. financ. . Metodología 2007 - 2014,376.5_AP_FIN_AMO014_0_T_55_41 | 376.5_AP_FIN_AMO014__55_78 | 376.5_AP_FIN_AMO014__57_45 | 376.5_AP_FIN_CIN014__25_97 | 376.5_AP_FIN_GTO014__44_92
Lebac mercado secundario. Tasa de interés en % n.a.,Porcentaje,Dinero y Bancos,D,41,Tasa de interes interna de lebac según fecha de corte 2017-01-04 | Tasa de interes interna de lebac según fecha de corte 2017-02-01 | Tasa de interes interna de lebac según fecha de corte 2017-02-08 | Tasa de interes interna de lebac según fecha de corte 2017-03-01 | Tasa de interes interna de lebac según fecha de corte 2017-03-08,304.1_LEBAQ_INTE1_4_0_0_28 | 304.1_LEBAQ_INTE2_1_0_0_28 | 304.1_LEBAQ_INTE2_8_0_0_28 | 304.1_LEBAQ_INTE3_1_0_0_28 | 304.1_LEBAQ_INTE3_8_0_0_28
Finanzas Públicas. Cuenta A.I.F. - Base devengado. Total Administración Nacional (1990-1992),Variación Porcentual,Finanzas Públicas,A,40,Ahorro | Aumentos Pasivos Financiento netos | Erogaciones de capital . Inversión financiera | Erogaciones de capital . Inversión bienes preexistentes | Erogaciones de capital . Inversión real . Construcciones,436.4_AHORRORRO_DEVE_0_6_15 | 436.4_AUM_PAS_FITOS_DEVE_0_17_82 | 436.4_EROG_CAP_IANC_DEVE_0_19_0 | 436.4_EROG_CAP_IIST_DEVE_0_23_32 | 436.4_EROG_CAP_ISTR_DEVE_0_24_88
Finanzas Públicas. Cuenta A.I.F. - Base devengado. Total Administración Nacional(1987-1989),Variación Porcentual,Finanzas Públicas,A,40,Ahorro | Aumentos Pasivos Financiento netos | Erogaciones de capital . Inversión financiera | Erogaciones de capital . Inversión bienes preexistentes | Erogaciones de capital . Inversión real . Construcciones,436.3_AHORRORRO_DEVE_0_6_80 | 436.3_AUM_PAS_FITOS_DEVE_0_17_17 | 436.3_EROG_CAP_IANC_DEVE_0_19_55 | 436.3_EROG_CAP_IIST_DEVE_0_23_8 | 436.3_EROG_CAP_ISTR_DEVE_0_24_36
Instituciones de la Seguridad Social. Valores anuales 2007-2014,Millones de pesos,Finanzas Públicas,A,40,Aplicaciones financieras amort.deudas y dism. otros pasivos disminución otros pasivos . Metodología 2007 - 2014 | Aplicaciones financieras amort.deudas y dism. otros pasivos amortización en moneda local . Metodología 2007 - 2014 | Aplicaciones financieras amort.deudas y dism. otros pasivos amortización en moneda extranjera . Metodología 2007 - 2014 | Aplicaciones financieras inversión financiera . Metodología 2007 - 2014 | Aplicaciones financieras gastos figurat. para aplic. financ. . Metodología 2007 - 2014,376.2_AP_FIN_AMO014_0_A_55_100 | 376.2_AP_FIN_AMO014__55_37 | 376.2_AP_FIN_AMO014__57_66 | 376.2_AP_FIN_CIN014__25_52 | 376.2_AP_FIN_GTO014__44_17
Instituciones de la Seguridad Social. Valores trimestrales 2017,Millones de pesos,Finanzas Públicas,T,40,Aplicaciones financieras amort.deudas y dism. otros pasivos disminución otros pasivos . Metodología 2017 | Aplicaciones financieras amort.deudas y dism. otros pasivos amortización en moneda local . Metodología 2017 | Aplicaciones financieras inversión financiera . Metodología 2017 | Aplicaciones financieras gastos figurat. para aplic. financ. . Metodología 2017 | Contribuciones figurativas de instituciones de seguridad social . Metodología 2017,376.6_AP_FIN_AMO017_0_T_50_39 | 376.6_AP_FIN_AMO017__50_48 | 376.6_AP_FIN_CIN017__20_6 | 376.6_AP_FIN_GTO017__39_49 | 376.6_CONTRIB_FI017__33_78
Finanzas Públicas. Cuenta A.I.F. - Base devengado. Administración Central (1987-1989),Variación Porcentual,Finanzas Públicas,A,39,Ahorro | Aumentos Pasivos Financiento netos | Erogaciones de capital . Inversión financiera | Erogaciones de capital . Inversión bienes preexistentes | Erogaciones de capital . Inversión real . Construcciones,432.3_AHORRORRO_DEVE_0_6_61 | 432.3_AUM_PAS_FITOS_DEVE_0_17_40 | 432.3_EROG_CAP_IANC_DEVE_0_19_16 | 432.3_EROG_CAP_IIST_DEVE_0_23_78 | 432.3_EROG_CAP_ISTR_DEVE_0_24_75
Finanzas Públicas. Cuenta A.I.F. - Base devengado. Administración Central (1990-1992),Variación Porcentual,Finanzas Públicas,A,39,Ahorro | Aumentos Pasivos Financiento netos | Erogaciones de capital . Inversión financiera | Erogaciones de capital . Inversión bienes preexistentes | Erogaciones de capital . Inversión real . Construcciones,432.4_AHORRORRO_DEVE_0_6_14 | 432.4_AUM_PAS_FITOS_DEVE_0_17_1 | 432.4_EROG_CAP_IANC_DEVE_0_19_83 | 432.4_EROG_CAP_IIST_DEVE_0_23_39 | 432.4_EROG_CAP_ISTR_DEVE_0_24_36
Finanzas Públicas. Cuenta A.I.F. - Base devengado. Provincias y C.A.B.A (1977-1986),Variación Porcentual,Finanzas Públicas,A,39,Ahorro | Aumentos Pasivos Financiento netos | Erogaciones de capital . Inversión financiera | Erogaciones de capital . Inversión bienes preexistentes | Erogaciones de capital . Inversión real . Construcciones,437.2_AHORRORRO_DEVE_0_6_98 | 437.2_AUM_PAS_FITOS_DEVE_0_17_86 | 437.2_EROG_CAP_IANC_DEVE_0_19_75 | 437.2_EROG_CAP_IIST_DEVE_0_23_91 | 437.2_EROG_CAP_ISTR_DEVE_0_24_87
Finanzas Públicas. Cuenta A.I.F. - Base devengado. Sector Público Argentino (1977-1986),Variación Porcentual,Finanzas Públicas,A,39,Ahorro | Aumentos Pasivos Financiento netos | B.C.R.A | Erogaciones de capital . Inversión financiera | Erogaciones de capital . Inversión real . Construcciones,439.1_AHORRORRO_DEVE_0_6_15 | 439.1_AUM_PAS_FITOS_DEVE_0_17_78 | 439.1_BCO_CTRAL_ARG_DEVE_0_17_43 | 439.1_EROG_CAP_IANC_DEVE_0_19_21 | 439.1_EROG_CAP_ISTR_DEVE_0_24_100
Hogares con ingresos por debajo de la línea de indigencia  EPH puntual y continua,Porcentaje de hogares,Empleo e Ingresos,S,39,Hogares con ingresos debajo de línea de indigencia (%) de 2001 a 2003. Aglomerados del Interior del País | Hogares con ingresos debajo de línea de indigencia (%) de 2001 a 2003. Bahía Blanca - Cerri | Hogares con ingresos debajo de línea de indigencia (%) de 2001 a 2003. Comodoro Rivadavia - Rada Tilly | Hogares con ingresos debajo de línea de indigencia (%) de 2001 a 2003. Corrientes | Hogares con ingresos debajo de línea de indigencia (%) de 2001 a 2003. Ciudad de Buenos Aires,61.1_AIP_0_0_25 | 61.1_BBC_0_0_18 | 61.1_CRRT_0_0_29 | 61.1_C_0_0_10 | 61.1_C_0_0_4
Población con ingresos por debajo de la línea de indigencia  EPH puntual y continua,Porcentaje de población,Empleo e Ingresos,S,39,Población con ingresos debajo de línea de indigencia (%) de 2001 a 2003. Aglomerados del Interior del País | Población con ingresos debajo de línea de indigencia (%) de 2001 a 2003. Bahía Blanca - Cerri | Población con ingresos debajo de línea de indigencia (%) de 2001 a 2003. Comodoro Rivadavia - Rada Tilly | Población con ingresos debajo de línea de indigencia (%) de 2001 a 2003. Corrientes | Población con ingresos debajo de línea de indigencia (%) de 2001 a 2003. Ciudad de Buenos Aires,62.1_AIP_0_0_25 | 62.1_BBC_0_0_18 | 62.1_CRRT_0_0_29 | 62.1_C_0_0_10 | 62.1_C_0_0_4
Población con ingresos por debajo de la línea de pobreza. EPH continua.,Porcentaje de población,Empleo e Ingresos,S,39,Población con ingresos debajo de línea de pobreza (%) desde 2003. GBA. EPH continua. | Población con ingresos debajo de línea de pobreza (%) desde 2003. Ciudad de Buenos Aires. EPH continua. | Población con ingresos debajo de línea de pobreza (%) desde 2003. TOTAL. EPH continua. | Población con ingresos debajo de línea de pobreza (%) desde 2003. Salta. EPH continua. | Población con ingresos debajo de línea de pobreza (%) desde 2003. Formosa. EPH continua.,64.2_POBLACION_NUA_0_0_32_61 | 64.2_POBLACION_NUA_0_0_33_99 | 64.2_POBLACION_NUA_0_0_34_74 | 64.2_POBLACION_NUA_0_0_34_96 | 64.2_POBLACION_NUA_0_0_36_21
Población con ingresos por debajo de la línea de pobreza. EPH puntual.,Porcentaje de población,Empleo e Ingresos,S,39,Población con ingresos debajo de línea de pobreza (%) de 2001 a 2003. Aglomerados del Interior del País. EPH puntual. | Población con ingresos debajo de línea de pobreza (%) de 2001 a 2003. Bahía Blanca - Cerri. EPH puntual. | Población con ingresos debajo de línea de pobreza (%) de 2001 a 2003. Comodoro Rivadavia - Rada Tilly. EPH puntual. | Población con ingresos debajo de línea de pobreza (%) de 2001 a 2003. Corrientes. EPH puntual. | Población con ingresos debajo de línea de pobreza (%) de 2001 a 2003. Ciudad de Buenos Aires. EPH puntual.,64.1_AIP_0_0_25 | 64.1_BBC_0_0_18 | 64.1_CRRT_0_0_29 | 64.1_C_0_0_10 | 64.1_C_0_0_4
Tasa de actividad. Valores anuales,Porcentaje,Empleo e Ingresos,A,39,Tasa de actividad total Bahía Blanca. En porcentaje. | Tasa de actividad total Comodoro Rivadavia. En porcentaje. | Tasa de actividad total Cuyo. En porcentaje. | Tasa de actividad total CABA. En porcentaje. | Tasa de actividad total Concordia. En porcentaje.,43.1_ECTATBB_0_A_46 | 43.1_ECTATCR_0_A_52 | 43.1_ECTATCU_0_A_38 | 43.1_ECTATC_0_A_38 | 43.1_ECTATC_0_A_43
Tasa de actividad. Valores trimestrales,Porcentaje,Empleo e Ingresos,T,39,Tasa de actividad total Bahía Blanca. En porcentaje. | Tasa de actividad total Comodoro Rivadavia. En porcentaje. | Tasa de actividad total Cuyo. En porcentaje. | Tasa de actividad total CABA. En porcentaje. | Tasa de actividad total Concordia. En porcentaje.,43.2_ECTATBB_0_T_46 | 43.2_ECTATCR_0_T_52 | 43.2_ECTATCU_0_T_38 | 43.2_ECTATC_0_T_38 | 43.2_ECTATC_0_T_43
Tasa de desempleo. Valores anuales,Porcentaje,Empleo e Ingresos,A,39,Tasa de desempleo total Bahía Blanca. En porcentaje. | Tasa de desempleo total Comodoro Rivadavia. En porcentaje. | Tasa de desempleo total Cuyo. En porcentaje. | Tasa de desempleo total CABA. En porcentaje. | Tasa de desempleo total Concordia. En porcentaje.,45.1_ECTDTBB_0_A_46 | 45.1_ECTDTCR_0_A_52 | 45.1_ECTDTCU_0_A_38 | 45.1_ECTDTC_0_A_38 | 45.1_ECTDTC_0_A_43
Tasa de desempleo. Valores trimestrales,Porcentaje,Empleo e Ingresos,T,39,Tasa de desempleo total Bahía Blanca. En porcentaje. | Tasa de desempleo total Comodoro Rivadavia. En porcentaje. | Tasa de desempleo total Cuyo. En porcentaje. | Tasa de desempleo total CABA. En porcentaje. | Tasa de desempleo total Concordia. En porcentaje.,45.2_ECTDTBB_0_T_46 | 45.2_ECTDTCR_0_T_52 | 45.2_ECTDTCU_0_T_38 | 45.2_ECTDTC_0_T_38 | 45.2_ECTDTC_0_T_43
Tasa de empleo. Valores anuales,Porcentaje,Empleo e Ingresos,A,39,Tasa de empleo total Bahía Blanca. En porcentaje. | Tasa de empleo total Comodoro Rivadavia. En porcentaje. | Tasa de empleo total Cuyo. En porcentaje. | Tasa de empleo total CABA. En porcentaje. | Tasa de empleo total Concordia. En porcentaje.,44.1_ECTETBB_0_A_43 | 44.1_ECTETCR_0_A_49 | 44.1_ECTETCU_0_A_35 | 44.1_ECTETC_0_A_35 | 44.1_ECTETC_0_A_40
Tasa de empleo. Valores trimestrales,Porcentaje,Empleo e Ingresos,T,39,Tasa de empleo total Bahía Blanca. En porcentaje. | Tasa de empleo total Comodoro Rivadavia. En porcentaje. | Tasa de empleo total Cuyo. En porcentaje. | Tasa de empleo total CABA. En porcentaje. | Tasa de empleo total Concordia. En porcentaje.,44.2_ECTETBB_0_T_43 | 44.2_ECTETCR_0_T_49 | 44.2_ECTETCU_0_T_35 | 44.2_ECTETC_0_T_35 | 44.2_ECTETC_0_T_40
Tasa de subocupación demandante. Valores anuales,Porcentaje,Empleo e Ingresos,A,39,Tasa de subocupación demandante total Bahía Blanca. | Tasa de subocupación demandante total Comodoro Rivadavia. | Tasa de subocupación demandante total Cuyo. | Tasa de subocupación demandante total CABA. | Tasa de subocupación demandante total Concordia.,47.1_ECTSDTBB_0_A_60 | 47.1_ECTSDTCR_0_A_55 | 47.1_ECTSDTCU_0_A_52 | 47.1_ECTSDTC_0_A_52 | 47.1_ECTSDTC_0_A_57
Tasa de subocupación demandante. Valores trimestrales,Porcentaje,Empleo e Ingresos,T,39,Tasa de subocupación demandante total Bahía Blanca. | Tasa de subocupación demandante total Comodoro Rivadavia. | Tasa de subocupación demandante total Cuyo. | Tasa de subocupación demandante total CABA. | Tasa de subocupación demandante total Concordia.,47.2_ECTSDTBB_0_T_60 | 47.2_ECTSDTCR_0_T_55 | 47.2_ECTSDTCU_0_T_52 | 47.2_ECTSDTC_0_T_52 | 47.2_ECTSDTC_0_T_57
Tasa de subocupación no demandante. Valores anuales,Porcentaje,Empleo e Ingresos,A,39,Tasa de subocupación no demandante total Bahía Blanca. | Tasa de subocupación no demandante total Comodoro Rivadavia. | Tasa de subocupación no demandante total Cuyo. | Tasa de subocupación no demandante total Corrientes. | Tasa de subocupación no demandante total CABA.,48.1_ECTSNDTBB_0_A_52 | 48.1_ECTSNDTCR_0_A_58 | 48.1_ECTSNDTCU_0_A_55 | 48.1_ECTSNDTC_0_A_50 | 48.1_ECTSNDTC_0_A_55
Tasa de subocupación no demandante. Valores trimestrales,Porcentaje,Empleo e Ingresos,T,39,Tasa de subocupación no demandante total Bahía Blanca. | Tasa de subocupación no demandante total Comodoro Rivadavia. | Tasa de subocupación no demandante total Cuyo. | Tasa de subocupación no demandante total Corrientes. | Tasa de subocupación no demandante total CABA.,48.2_ECTSNDTBB_0_T_52 | 48.2_ECTSNDTCR_0_T_58 | 48.2_ECTSNDTCU_0_T_55 | 48.2_ECTSNDTC_0_T_50 | 48.2_ECTSNDTC_0_T_55
Tasa de subocupación. Valores anuales,Porcentaje,Empleo e Ingresos,A,39,Tasa de subocupación total Bahía Blanca. | Tasa de subocupación total Comodoro Rivadavia. | Tasa de subocupación total Cuyo. | Tasa de subocupación total CABA. | Tasa de subocupación total Concordia.,46.1_ECTSTBB_0_A_49 | 46.1_ECTSTCR_0_A_55 | 46.1_ECTSTCU_0_A_41 | 46.1_ECTSTC_0_A_41 | 46.1_ECTSTC_0_A_46
Tasa de subocupación. Valores trimestrales,Porcentaje,Empleo e Ingresos,T,39,Tasa de subocupación total Bahía Blanca. | Tasa de subocupación total Comodoro Rivadavia. | Tasa de subocupación total Cuyo. | Tasa de subocupación total CABA. | Tasa de subocupación total Concordia.,46.2_ECTSTBB_0_T_49 | 46.2_ECTSTCR_0_T_55 | 46.2_ECTSTCU_0_T_41 | 46.2_ECTSTC_0_T_41 | 46.2_ECTSTC_0_T_46
"Índice de Precios al Consumidor Nacional Urbano, principales aperturas. Datos mensuales (Base Octubre13 Septiembre14)",Índice oct-2013/sep-2014=100,Precios,M,39,"Alimentos y bebidas índice mensual urbano | Alimentos para consumir en el hogar índice mensual urbano | Aceites y grasas índice mensual urbano | Azúcar, miel, dulces y cacao índice mensual urbano | Atención médica y gastos para la salud índice mensual urbano",124.3_AB_OCTU_0_17 | 124.3_ACH_OCTU_0_24 | 124.3_AG_OCTU_0_14 | 124.3_AMDC_OCTU_0_24 | 124.3_AMGPS_OCTU_0_33
"Índice de Precios al Consumidor Nacional Urbano, principales aperturas. Datos trimestrales (Base Octubre13 Septiembre14)",Índice oct-2013/sep-2014=100,Precios,T,39,"Alimentos y bebidas índice trimestral urbano | Alimentos para consumir en el hogar índice trimestral urbano | Aceites y grasas índice trimestral urbano | Azúcar, miel, dulces y cacao índice trimestral urbano | Atención médica y gastos para la salud índice trimestral urbano",124.2_AB_OCTU_0_17 | 124.2_ACH_OCTU_0_24 | 124.2_AG_OCTU_0_14 | 124.2_AMDC_OCTU_0_24 | 124.2_AMGPS_OCTU_0_28
"Índice de precios al consumidor GBA, principales aperturas. Base abril 2008",Índice abr-2008=100,Precios,M,39,"Alimentos y bebidas índice mensual base 2008 | Alimentos para consumir en el hogar índice mensual base 2008 | Aceites y grasas índice mensual base 2008 | Alquiler de la vivienda índice mensual base 2008 | Azúcar, miel, dulces y cacao índice mensual base 2008",123.1_AB_ABRI_0_17 | 123.1_ACH_ABRI_0_24 | 123.1_AG_ABRI_0_14 | 123.1_ALV_ABRI_0_20 | 123.1_AMDC_ABRI_0_24
Agregados monetarios,Millones de pesos,Dinero y Bancos,M,38,Agregados monetarios totales. M2. En millones de pesos | Agregados monetarios totales. M3. En millones de pesos | Agregados monetarios totales. M2 privado. En millones de pesos | Agregados monetarios totales. M3*. En millones de pesos | Base monetaria. Cuenta corriente del BCRA. Promedios mensuales en millones de pesos,90.1_AMTM2_0_0_31 | 90.1_AMTM3_0_0_31 | 90.1_AMTMA_0_0_39 | 90.1_AMTMA_0_0_43 | 90.1_BMCCB_0_0_36
Finanzas Públicas. Cuenta A.I.F. - Base devengado. Administración Central (1977-1986),Variación Porcentual,Finanzas Públicas,A,38,Ahorro | Aumentos Pasivos Financiento netos | B.C.R.A | Erogaciones de capital . Inversión financiera | Erogaciones de capital . Inversión bienes preexistentes,432.2_AHORRORRO_DEVE_0_6_6 | 432.2_AUM_PAS_FITOS_DEVE_0_17_33 | 432.2_BCO_CTRAL_ARG_DEVE_0_17_30 | 432.2_EROG_CAP_IANC_DEVE_0_19_83 | 432.2_EROG_CAP_IIST_DEVE_0_23_99
Finanzas Públicas. Cuenta A.I.F. - Base devengado. Organismos Descentralizados (1977-1986),Variación Porcentual,Finanzas Públicas,A,38,Ahorro | Aumentos Pasivos Financiento netos | Erogaciones de capital . Inversión financiera | Erogaciones de capital . Inversión bienes preexistentes | Erogaciones de capital . Inversión real . Construcciones,434.2_AHORRORRO_DEVE_0_6_76 | 434.2_AUM_PAS_FITOS_DEVE_0_17_78 | 434.2_EROG_CAP_IANC_DEVE_0_19_73 | 434.2_EROG_CAP_IIST_DEVE_0_23_66 | 434.2_EROG_CAP_ISTR_DEVE_0_24_1
Finanzas Públicas. Cuenta A.I.F. - Base devengado. Organismos Descentralizados (1987-1989),Variación Porcentual,Finanzas Públicas,A,38,Ahorro | Aumentos Pasivos Financiento netos | Erogaciones de capital . Inversión financiera | Erogaciones de capital . Inversión bienes preexistentes | Erogaciones de capital . Inversión real . Construcciones,434.3_AHORRORRO_DEVE_0_6_71 | 434.3_AUM_PAS_FITOS_DEVE_0_17_57 | 434.3_EROG_CAP_IANC_DEVE_0_19_20 | 434.3_EROG_CAP_IIST_DEVE_0_23_56 | 434.3_EROG_CAP_ISTR_DEVE_0_24_53
Finanzas Públicas. Cuenta A.I.F. - Base devengado. Total Administración Nacional (1961-1976),Variación Porcentual,Finanzas Públicas,A,38,Ahorro | Aumentos Pasivos Financiento netos | B.C.R.A | Erogaciones de capital . Inversión financiera | Erogaciones de capital . Inversión real . Construcciones,436.1_AHORRORRO_DEVE_0_6_28 | 436.1_AUM_PAS_FITOS_DEVE_0_17_14 | 436.1_BCO_CTRAL_ARG_DEVE_0_17_53 | 436.1_EROG_CAP_IANC_DEVE_0_19_11 | 436.1_EROG_CAP_ISTR_DEVE_0_24_6
Hogares con ingresos por debajo de la línea de pobreza. EPH continua.,Porcentaje de hogares,Empleo e Ingresos,S,38,Hogares con ingresos debajo de línea de pobreza (%) desde 2003. GBA. EPH continua. | Hogares con ingresos debajo de línea de pobreza (%) desde 2003. Ciudad de Buenos Aires. EPH continua. | Hogares con ingresos debajo de línea de pobreza (%) desde 2003. TOTAL. EPH continua. | Hogares con ingresos debajo de línea de pobreza (%) desde 2003. Salta. EPH continua. | Hogares con ingresos debajo de línea de pobreza (%) desde 2003. Posadas. EPH continua.,63.2_HOGARES_PONUA_0_0_31_13 | 63.2_HOGARES_PONUA_0_0_32_37 | 63.2_HOGARES_PONUA_0_0_33_21 | 63.2_HOGARES_PONUA_0_0_33_52 | 63.2_HOGARES_PONUA_0_0_35_1
Hogares con ingresos por debajo de la línea de pobreza. EPH puntual.,Porcentaje de hogares,Empleo e Ingresos,S,38,Hogares con ingresos debajo de línea de pobreza (%) de 2001 a 2003. Aglomerados del Interior del País. EPH puntual. | Hogares con ingresos debajo de línea de pobreza (%) de 2001 a 2003. Bahía Blanca - Cerri. EPH puntual. | Hogares con ingresos debajo de línea de pobreza (%) de 2001 a 2003. Comodoro Rivadavia - Rada Tilly. EPH puntual. | Hogares con ingresos debajo de línea de pobreza (%) de 2001 a 2003. Corrientes. EPH puntual. | Hogares con ingresos debajo de línea de pobreza (%) de 2001 a 2003. Ciudad de Buenos Aires. EPH puntual.,63.1_AIP_0_0_25 | 63.1_BBC_0_0_18 | 63.1_CRRT_0_0_29 | 63.1_C_0_0_10 | 63.1_C_0_0_4
Títulos Públicos de Deuda. Merval,Pesos,Mercados Financieros,D,38,Bono Dual 2019 - en dólares - A2J9D. Cotización | Bono Dual 2019 - en pesos - A2J9. Cotización | Bono en $ Ajustable por Clausula Gatillo - A2M2. Cotización | Bono Bocan 2022 - AA22. Cotización | Bono en $ Ajustable por Clausula Gatillo - AF19. Cotización,179.1_A2J9D_COTIION_0_0_16_41 | 179.1_A2J9_COTIZION_0_0_15_15 | 179.1_A2M2_COTIZION_0_0_15_ | 179.1_AA22_COTIZION_0_0_15 | 179.1_AF19_COTIZION_0_0_15_53
"Índice de Precios al Consumidor de GBA, principales aperturas. Base diciembre 2016. Valores mensuales",Índice Dic-2016=100,Precios,M,38,"IPC-GBA. Prendas y Calzado. Base abr 2016. Mensual | IPC-GBA. Alimentos y bebidas. Base abr 2016. Mensual | IPC-GBA. Alimentos para consumir en el hogar. Base abr 2016. Mensual | IPC-GBA. Aceites y grasas. Base abr 2016. Mensual | IPC-GBA. Azúcar, miel, dulces y cacao. Base abr 2016. Mensual",104.1_I2ABCFH_2016_M_30 | 104.1_I2AB_2016_M_38 | 104.1_I2ACH_2016_M_17 | 104.1_I2AG_2016_M_31 | 104.1_I2AMDC_2016_M_42
"Índice de Precios al Consumidor de GBA, principales aperturas. Base diciembre 2016. Valores trimestrales",Índice,Precios,T,38,"IPC-GBA. Alimentos y bebidas. Base dic 2016. Trimestral | IPC-GBA. Aceites y grasas. Base dic 2016. Trimestral | IPC-GBA. Azúcar, miel, dulces y cacao. Base dic 2016. Trimestral | IPC-GBA. Alquiler de la vivienda. Base dic 2016. Trimestral | IPC-GBA. Alimentos para consumir en el hogar. Base dic 2016. Trimestral",104.2_I2016_ACAS_2016_T_38 | 104.2_I2016_AECA_2016_T_31 | 104.2_I2016_AETC_2016_T_42 | 104.2_I2016_ANDA_2016_T_25 | 104.2_I2016_ATOS_2016_T_17
Finanzas Públicas. Cuenta A.I.F. - Base devengado. Administración Central (1961-1976),Variación Porcentual,Finanzas Públicas,A,37,Ahorro | Aumentos Pasivos Financiento netos | B.C.R.A | Erogaciones de capital . Inversión financiera | Erogaciones de capital . Inversión bienes preexistentes,432.1_AHORRORRO_DEVE_0_6_6 | 432.1_AUM_PAS_FITOS_DEVE_0_17_9 | 432.1_BCO_CTRAL_ARG_DEVE_0_17_56 | 432.1_EROG_CAP_IANC_DEVE_0_19_78 | 432.1_EROG_CAP_IIST_DEVE_0_23_97
Finanzas Públicas. Cuenta A.I.F. - Base devengado. Cuentas Especiales (1977-1986),Variación Porcentual,Finanzas Públicas,A,37,Ahorro | Aumentos Pasivos Financiento netos | Erogaciones de capital . Inversión financiera | Erogaciones de capital . Inversión bienes preexistentes | Erogaciones de capital . Inversión real . Construcciones,433.2_AHORRORRO_DEVE_0_6_34 | 433.2_AUM_PAS_FITOS_DEVE_0_17_48 | 433.2_EROG_CAP_IANC_DEVE_0_19_0 | 433.2_EROG_CAP_IIST_DEVE_0_23_46 | 433.2_EROG_CAP_ISTR_DEVE_0_24_97
Instituciones de la Seguridad Social. Valores mensuales 2007-2014,Millones de pesos,Finanzas Públicas,M,37,Aplicaciones financieras amort.deudas y dism. otros pasivos disminución otros pasivos . Metodología 2007 - 2014 | Aplicaciones financieras amort.deudas y dism. otros pasivos amortización en moneda local . Metodología 2007 - 2014 | Aplicaciones financieras amort.deudas y dism. otros pasivos amortización en moneda extranjera . Metodología 2007 - 2014 | Aplicaciones financieras inversión financiera . Metodología 2007 - 2014 | Aplicaciones financieras gastos figurat. para aplic. financ. . Metodología 2007 - 2014,376.8_AP_FIN_AMO014_0_M_55_68 | 376.8_AP_FIN_AMO014__55_26 | 376.8_AP_FIN_AMO014__57_83 | 376.8_AP_FIN_CIN014__25_94 | 376.8_AP_FIN_GTO014__44_80
"Empresas Públicas, PAMI, Fondos Fiduciarios y Otros. Valores trimestrales 1993-2006",Millones de pesos,Finanzas Públicas,T,36,Aplicaciones financieras amort.deudas y dism. otros pasivos disminución otros pasivos . Metodología 1993 - 2006 | Aplicaciones financieras amort.deudas y dism. otros pasivos amortización deuda externa . Metodología 1993 - 2006 | Aplicaciones financieras amort.deudas y dism. otros pasivos amortización en moneda extranjera . Metodología 1993 - 2006 | Aplicaciones financieras amort.deudas y dism. otros pasivos amortización deuda interna . Metodología 1993 - 2006 | Aplicaciones financieras inversión financiera . Metodología 1993 - 2006,378.4_AP_FIN_AMO006_0_T_55_63 | 378.4_AP_FIN_AMO006_0_T_57_46 | 378.4_AP_FIN_AMO006__57_34 | 378.4_AP_FIN_CAM006__58_60 | 378.4_AP_FIN_CIN006__25_29
Finanzas Públicas. Cuenta A.I.F. - Base devengado. Cuentas Especiales (1961-1976),Variación Porcentual,Finanzas Públicas,A,36,Ahorro | Aumentos Pasivos Financiento netos | Erogaciones de capital . Inversión financiera | Erogaciones de capital . Inversión real . Construcciones | Erogaciones de capital . Inversión real . Bienes de capital,433.1_AHORRORRO_DEVE_0_6_43 | 433.1_AUM_PAS_FITOS_DEVE_0_17_38 | 433.1_EROG_CAP_IANC_DEVE_0_19_55 | 433.1_EROG_CAP_ISTR_DEVE_0_24_31 | 433.1_EROG_CAP_ITAL_DEVE_0_27_17
Política de Ingresos. Prestaciones de la seguridad social. BESS-MTESS,Prestaciones,Finanzas Públicas,A,36,Beneficiarios del Sistema Integral de Prestaciones por Desempleo. BESS-MTESS. Anuales a diciembre | Jubilaciones de SIPA. BESS-MTESS. Anuales a diciembre | PNC por provincia. CABA. BESS-MTESS. Anuales a diciembre | PNC por provincia. Chaco. BESS-MTESS. Anuales a diciembre | PNC por provincia. Chubut. BESS-MTESS. Anuales a diciembre,187.1_BENEFICIARLEO_0_0_53 | 187.1_JUBILACIONINO_0_0_53 | 187.1_PENSIONES_ABA_0_0_31 | 187.1_PENSIONES_ACO_0_0_32 | 187.1_PENSIONES_BUT_0_0_33
Posición de Inversión Internacional neta por sector. Valores anuales,Millones de dólares,Sector Externo,A,36,Activos. Valor de los activos de otros sectores. Anual | Activos. Valor de los activos del banco central. Anual | Activos. Valor de los activos del gobierno general. Anual | Activos. Valor de la inversión de cartera del gobierno general. Anual | Activos. Valor de la inversión de cartera de sociedades captadoras de depósitos. Anual,144.3_ACVOSOTLES_0_A_30 | 144.3_AVOSBALES_0_A_29 | 144.3_AVOSGOLES_0_A_32 | 144.3_AVOSINLESC_0_A_33 | 144.3_AVOSINLES_0_A_30
Posición de Inversión Internacional neta por sector. Valores trimestrales,Millones de dólares,Sector Externo,T,36,Activos. Valor de los activos del banco central. Anual | Activos. Valor de los activos del gobierno general. Anual | Activos. Valor de la inversión de cartera del gobierno general. Anual | Activos. Valor de la inversión de cartera de sociedades captadoras de depósitos. Anual | Activos. Valor de la inversión directa de sociedades captadoras de depósitos. Anual,144.4_AVOSBALES_0_T_29 | 144.4_AVOSGOLES_0_T_32 | 144.4_AVOSINLESC_0_T_33 | 144.4_AVOSINLES_0_T_30 | 144.4_AVOSINLES_0_T_33
Tasa de Actividad por aglomerado 1974-2003. Semestral,Porcentaje de población,Empleo e Ingresos,S,36,Buenos Aires - Santa Fe San Nicolás - Villa Constitución | Chubut Rawson - Trelew | Ciudad de Buenos Aires | Gran Buenos Aires | Partidos a partir del 98,341.1_BUENOS_AIRION__52 | 341.1_CHUBUT_RALEW__21 | 341.1_CIUDAD_BUERES__19 | 341.1_GRAN_BUENORES__17 | 341.1_PARTIDOS_A_98__24
Tasa de Desocupación por aglomerado 1974-2003. Semestral,Porcentaje de población,Empleo e Ingresos,S,36,Buenos Aires - Santa Fe San Nicolás - Villa Constitución | Chubut Rawson - Trelew | Ciudad de Buenos Aires | Gran Buenos Aires | Partidos a partir del 98,343.1_BUENOS_AIRION__52 | 343.1_CHUBUT_RALEW__21 | 343.1_CIUDAD_BUERES__19 | 343.1_GRAN_BUENORES__17 | 343.1_PARTIDOS_A_98__24
Tasa de Empleo por aglomerado 1974-2003. Semestral,Porcentaje de población,Empleo e Ingresos,S,36,Buenos Aires - Santa Fe San Nicolás - Villa Constitución | Chubut Rawson - Trelew | Ciudad de Buenos Aires | Gran Buenos Aires | Partidos a partir del 98,342.1_BUENOS_AIRION__52 | 342.1_CHUBUT_RALEW__21 | 342.1_CIUDAD_BUERES__19 | 342.1_GRAN_BUENORES__17 | 342.1_PARTIDOS_A_98__24
Tasa de Subocupación por algomerado 1974-2003. Semestral,Porcentaje de población,Empleo e Ingresos,S,36,Buenos Aires - Santa Fe San Nicolás - Villa Constitución | Chubut Rawson - Trelew | Ciudad de Buenos Aires | Gran Buenos Aires | Partidos a partir del 98,344.1_BUENOS_AIRION__52 | 344.1_CHUBUT_RALEW__21 | 344.1_CIUDAD_BUERES__19 | 344.1_GRAN_BUENORES__17 | 344.1_PARTIDOS_A_98__24
Cobros y pagos por tipo de servicio. Valores mensuales,Millones de dólares,Sector Externo,M,35,Cobros por Servicios financieros | Cobro de otros Servicios de transporte | Cobro de Servicios relacionados con el comercio | Cobro de Servicios empresariales profesionales y técnicos | Cobro de Servicios de información e informática,185.1_COBROS_SERROS_0_M_28 | 185.1_COBRO_OTRORTE_0_M_32 | 185.1_COBRO_SERVCIO_0_M_41 | 185.1_COBRO_SERVCOS_0_M_52 | 185.1_COBRO_SERVICA_0_M_39
Finanzas Públicas. Cuenta A.I.F. - Base devengado. Cuentas Especiales (1987-1989),Variación Porcentual,Finanzas Públicas,A,35,Ahorro | Aumentos Pasivos Financiento netos | Erogaciones de capital . Inversión financiera | Erogaciones de capital . Inversión bienes preexistentes | Erogaciones de capital . Inversión real . Construcciones,433.3_AHORRORRO_DEVE_0_6_100 | 433.3_AUM_PAS_FITOS_DEVE_0_17_94 | 433.3_EROG_CAP_IANC_DEVE_0_19_51 | 433.3_EROG_CAP_IIST_DEVE_0_23_42 | 433.3_EROG_CAP_ISTR_DEVE_0_24_64
Finanzas Públicas. Cuenta A.I.F. - Base devengado. Cuentas Especiales (1990-1992),Variación Porcentual,Finanzas Públicas,A,35,Ahorro | Aumentos Pasivos Financiento netos | Erogaciones de capital . Inversión financiera | Erogaciones de capital . Inversión bienes preexistentes | Erogaciones de capital . Inversión real . Construcciones,433.4_AHORRORRO_DEVE_0_6_83 | 433.4_AUM_PAS_FITOS_DEVE_0_17_56 | 433.4_EROG_CAP_IANC_DEVE_0_19_33 | 433.4_EROG_CAP_IIST_DEVE_0_23_15 | 433.4_EROG_CAP_ISTR_DEVE_0_24_6
Finanzas Públicas. Cuenta A.I.F. - Base devengado. Organismos Descentralizados (1961-1976),Variación Porcentual,Finanzas Públicas,A,35,Ahorro | Aumentos Pasivos Financiento netos | Erogaciones de capital . Inversión financiera | Erogaciones de capital . Inversión real . Construcciones | Erogaciones de capital . Inversión real . Bienes de capital,434.1_AHORRORRO_DEVE_0_6_45 | 434.1_AUM_PAS_FITOS_DEVE_0_17_88 | 434.1_EROG_CAP_IANC_DEVE_0_19_10 | 434.1_EROG_CAP_ISTR_DEVE_0_24_9 | 434.1_EROG_CAP_ITAL_DEVE_0_27_60
Finanzas Públicas. Cuenta A.I.F. - Base devengado. Organismos Descentralizados (1990-1992),Variación Porcentual,Finanzas Públicas,A,35,Ahorro | Aumentos Pasivos Financiento netos | Erogaciones de capital . Inversión financiera | Erogaciones de capital . Inversión bienes preexistentes | Erogaciones de capital . Inversión real . Construcciones,434.4_AHORRORRO_DEVE_0_6_8 | 434.4_AUM_PAS_FITOS_DEVE_0_17_1 | 434.4_EROG_CAP_IANC_DEVE_0_19_71 | 434.4_EROG_CAP_IIST_DEVE_0_23_11 | 434.4_EROG_CAP_ISTR_DEVE_0_24_82
Estimación del Balance de Pagos (MBP5). Valores anuales.,Millones de dólares,Sector Externo,A,34,Cuenta Financieraf cuenta capital activos finans no producidos | Cuenta Financieraf cuenta capital total | Cuenta Financieraf cuenta financiera sector bancario bcra | Cuenta Financieraf cuenta financiera sector bancario otras entidade | Cuenta Financieraf cuenta financiera sector bancario total,84.1_CCCAFNP_0_A_47 | 84.1_CCCT_0_A_24 | 84.1_CCFSBB_0_A_42 | 84.1_CCFSBOEF_0_A_41 | 84.1_CCFSBT_0_A_43
Estimación del Balance de Pagos (MBP5). Valores trimestrales.,Millones de dólares,Sector Externo,T,34,Cuenta Financieraf cuenta capital activos finans no producidos | Cuenta Financieraf cuenta capital total | Cuenta Financieraf cuenta financiera sector bancario bcra | Cuenta Financieraf cuenta financiera sector bancario otras entidade | Cuenta Financieraf cuenta financiera sector bancario total,84.2_CCCAFNP_0_T_47 | 84.2_CCCT_0_T_24 | 84.2_CCFSBB_0_T_42 | 84.2_CCFSBOEF_0_T_41 | 84.2_CCFSBT_0_T_43
Finanzas Públicas. Cuenta A.I.F. - Base devengado. Provincias y C.A.B.A (1961-1976),Variación Porcentual,Finanzas Públicas,A,34,Ahorro | Aumentos Pasivos Financiento netos | Erogaciones de capital . Inversión financiera | Erogaciones de capital . Inversión real . Construcciones | Erogaciones de capital . Inversión real . Bienes de capital,437.1_AHORRORRO_DEVE_0_6_40 | 437.1_AUM_PAS_FITOS_DEVE_0_17_90 | 437.1_EROG_CAP_IANC_DEVE_0_19_15 | 437.1_EROG_CAP_ISTR_DEVE_0_24_8 | 437.1_EROG_CAP_ITAL_DEVE_0_27_40
Finanzas Públicas. Cuenta A.I.F. - Base devengado. Provincias y C.A.B.A (1987-1989),Variación Porcentual,Finanzas Públicas,A,34,Ahorro | Aumentos Pasivos Financiento netos | Erogaciones de capital . Inversión financiera | Erogaciones de capital . Inversión bienes preexistentes | Erogaciones de capital . Inversión real . Construcciones,437.3_AHORRORRO_DEVE_0_6_39 | 437.3_AUM_PAS_FITOS_DEVE_0_17_99 | 437.3_EROG_CAP_IANC_DEVE_0_19_35 | 437.3_EROG_CAP_IIST_DEVE_0_23_98 | 437.3_EROG_CAP_ISTR_DEVE_0_24_49
Finanzas Públicas. Cuenta A.I.F. - Base devengado. Provincias y C.A.B.A (1990-1992),Variación Porcentual,Finanzas Públicas,A,34,Ahorro | Aumentos Pasivos Financiento netos | Erogaciones de capital . Inversión financiera | Erogaciones de capital . Inversión bienes preexistentes | Erogaciones de capital . Inversión real . Construcciones,437.4_AHORRORRO_DEVE_0_6_37 | 437.4_AUM_PAS_FITOS_DEVE_0_17_60 | 437.4_EROG_CAP_IANC_DEVE_0_19_33 | 437.4_EROG_CAP_IIST_DEVE_0_23_52 | 437.4_EROG_CAP_ISTR_DEVE_0_24_68
Instituciones de la Seguridad Social. Valores mensuales 2017,Millones de pesos,Finanzas Públicas,M,34,Aplicaciones financieras amort.deudas y dism. otros pasivos disminución otros pasivos . Metodología 2017 | Aplicaciones financieras amort.deudas y dism. otros pasivos amortización en moneda local . Metodología 2017 | Aplicaciones financieras amort.deudas y dism. otros pasivos amortización en moneda extranjera . Metodología 2017 | Aplicaciones financieras inversión financiera . Metodología 2017 | Aplicaciones financieras gastos figurat. para aplic. financ. . Metodología 2017,376.9_AP_FIN_AMO017_0_M_50_77 | 376.9_AP_FIN_AMO017__50_27 | 376.9_AP_FIN_AMO017__52_58 | 376.9_AP_FIN_CIN017__20_70 | 376.9_AP_FIN_GTO017__39_79
Posición de Inversión Internacional neta por categoría. Valores anuales,Millones de dólares,Sector Externo,A,34,Activos. Valor del total de los activos. Anual | Activos. Valor de los activos de reservas. Anual | Activos. Valor de los créditos y anticipos comerciales. Anual | Activos. Valor de los derechos especiales de giro. Anual | Activos. Valor de la inversión de cartera. Anual,144.1_AVOSCALES_0_A_19 | 144.1_AVOSRELES_0_A_24 | 144.1_CITOSAUAL_0_A_36 | 144.1_DCHOSEUAL_0_A_30 | 144.1_IRSIONLES_0_A_25
Posición de Inversión Internacional neta por categoría. Valores trimestrales,Millones de dólares,Sector Externo,T,34,Activos. Valor del total de los activos. Anual | Activos. Valor de los activos de reservas. Anual | Activos. Valor de los créditos y anticipos comerciales. Anual | Activos. Valor de los derechos especiales de giro. Anual | Activos. Valor de la inversión directa. Anual,144.2_AVOSCALES_0_T_24 | 144.2_AVOSRELES_0_T_29 | 144.2_CITOSARAL_0_T_41 | 144.2_DCHOSERAL_0_T_35 | 144.2_IRSIONCTA_0_T_17
"Estimación de la deuda externa bruta, por sector residente. Saldos a fin de período. Millones de dólares",Millones de dólares,Sector Externo,T,33,Deuda del Banco Central. Derechos especiales de giro. En millones de dólares a fin del trimestre | Deuda del Banco Central. Créditos y anticipos comerciales. En millones de dólares a fin del trimestre | Deuda del Banco Central. Préstamos. En millones de dólares a fin del trimestre | Deuda del Banco Central. Moneda y depósitos. En millones de dólares a fin del trimestre | Deuda del Banco Central. Títulos de deuda. En millones de dólares a fin del trimestre,161.1_DA_BANCIRO_0_0_44 | 161.1_DA_BANCLES_0_0_50 | 161.1_DA_BANCMOS_0_0_29 | 161.1_DA_BANCTOS_0_0_36 | 161.1_DA_BANCUDA_0_0_33
Estimación del Balance de Pagos (MBP6). Valores anuales.,Millones de dólares,Sector Externo,A,33,Activos de reserva. Anual | Cuenta corriente. Ingresos primarios. Rentas de la inversión. Inversión directa. Anual | Cuenta financiera. Inversión de cartera. Activos. Participaciones de capital. Anual | Cuenta financiera. Inversión directa. Pasivos. Participaciones de capital. Anual | Cuenta financiera. Inversión directa. Activos. Participaciones de capital. Anual,160.1_AVOS_RERVA_0_A_15 | 160.1_CCTE_INCTA_0_A_51 | 160.1_CFINAN_INTAL_0_A_57 | 160.1_CFINA_INTAL_0_A_57 | 160.1_CFIN_INTAL_0_A_57
Estimación del Balance de Pagos (MBP6). Valores trimestrales.,Millones de dólares,Sector Externo,T,33,Activos de reserva. Trimestral | Cuenta corriente. Ingresos primarios. Rentas de la inversión. Inversión directa. Trimestral | Cuenta financiera. Inversión directa. Activos. Participaciones de capital. Trimestral | Cuenta financiera. Inversión de cartera. Activos. Participaciones de capital. Trimestral | Cuenta financiera. Inversión directa. Pasivos. Instrumentos de deuda. Trimestral,160.2_AVOS_RERVA_0_T_15 | 160.2_CCTE_INCTA_0_T_51 | 160.2_CFIN_INTAL_0_T_57 | 160.2_CFIN_INTAL_AC_0_T_57 | 160.2_CFIN_INUDA_0_T_52
"Asalariados registrados del sector privado, por rama de actividad de la ocupacion. Base 2009. Valores mensuales",Miles de Personas,Empleo e Ingresos,M,32,"Asalariados. Sector privado. Agricultura, ganadería y caza. Con estacionalidad. | Asalariados. Sector privado. Agricultura, ganadería y caza. Sin estacionalidad. | Asalariados. Sector privado. Actividades inmobiliarias, empresariales y de alquiler. Con estacionalidad. | Asalariados. Sector privado. Actividades inmobiliarias, empresariales y de alquiler. Sin estacionalidad. | Asalariados. Sector privado. Comercio y reparaciones. Con estacionalidad.",152.1_ACULTUREST_2009_M_43 | 152.1_ACULTUREST_2009_M_47 | 152.1_AVIDADEEST_2009_M_52 | 152.1_AVIDADEEST_2009_M_56 | 152.1_CRCIO_REST_2009_M_25
Exigencias de encaje o liquidez,Millones de pesos,Dinero y Bancos,M,32,"Cajja de ahorros, cuenta básica y cuenta gratuita universal. Categorías II-VI. En millones de pesos | Cajja de ahorros, cuenta básica y cuenta gratuita universal. Categoría I. En millones de pesos | Cajas de ahorro en millones de pesos | Cuentas corrientes y cuentas a la vista abiertas en las cajas de crédito cooperativas. Categoría II-VI. En millones de pesos | Cuentas corrientes y cuentas a la vista abiertas en las cajas de crédito cooperativas. Categoría I. En millones de pesos",93.1_CACBCGCIV_0_0_52 | 93.1_CACBCGCI_0_0_48 | 93.1_CA_0_0_11 | 93.1_CCCVCIV_0_0_42 | 93.1_CCCVCI_0_0_38
Finanzas Públicas. Cuenta A.I.F. - Base devengado. Empresas Públicas (1977-1986),Variación Porcentual,Finanzas Públicas,A,31,Ahorro | Aumentos Pasivos Financiento netos | Erogaciones de capital . Inversión financiera | Erogaciones de capital . Inversión real . Construcciones | Erogaciones de capital . Inversión real . Bienes de capital,438.2_AHORRORRO_DEVE_0_6_69 | 438.2_AUM_PAS_FITOS_DEVE_0_17_54 | 438.2_EROG_CAP_IANC_DEVE_0_19_7 | 438.2_EROG_CAP_ISTR_DEVE_0_24_1 | 438.2_EROG_CAP_ITAL_DEVE_0_27_36
Gasto Público Consolidado en millones de pesos,Millones de pesos,Finanzas Públicas,A,31,Gasto público consolidado | Gasto público consolidado en Administración general | Gasto público consolidado en Agua potable y alcantarillado | Gasto público consolidado en Asignaciones familiares | Gasto público consolidado en Atención pública de la salud,451.1_GPCGPC_0_0_3_66 | 451.1_GPC_ADMINIRAL_0_0_26_69 | 451.1_GPC_AGUA_AADO_0_0_23_65 | 451.1_GPC_ASIGNARES_0_0_27_81 | 451.1_GPC_ATENCILUD_0_0_18_73
Gasto Público Consolidado en porcentaje del PIB,Porcentaje del PIB,Finanzas Públicas,A,31,Gasto público consolidado en Administración general en porcentaje del PIB | Gasto público consolidado en Agua potable y alcantarillado en porcentaje del PIB | Gasto público consolidado en Asignaciones familiares en porcentaje del PIB | Gasto público consolidado en Atención pública de la salud en porcentaje del PIB | Gasto público consolidado en Ciencia y técnica en porcentaje del PIB,451.2_GPC_ADMINIPIB_0_0_30_95 | 451.2_GPC_AGUA_APIB_0_0_27_47 | 451.2_GPC_ASIGNAPIB_0_0_31_49 | 451.2_GPC_ATENCIPIB_0_0_22_83 | 451.2_GPC_CIENCIPIB_0_0_23_49
Gasto Público de los Gobiernos Municipales en millones de pesos,Millones de pesos,Finanzas Públicas,A,31,Gasto público municipal | Gasto público municipal en Administración general | Gasto público municipal en Agua potable y alcantarillado | Gasto público municipal en Asignaciones familiares | Gasto público municipal en Atención pública de la salud,451.7_GPMGPM_0_0_3_100 | 451.7_GPM_ADMINIRAL_0_0_26_42 | 451.7_GPM_AGUA_AADO_0_0_23_4 | 451.7_GPM_ASIGNARES_0_0_27_36 | 451.7_GPM_ATENCILUD_0_0_18_56
Gasto Público de los Gobiernos Municipales en porcentaje del PIB,Porcentaje del PIB,Finanzas Públicas,A,31,Gasto público municipal en Administración general en porcentaje del PIB | Gasto público municipal en Agua potable y alcantarillado en porcentaje del PIB | Gasto público municipal en Asignaciones familiares en porcentaje del PIB | Gasto público municipal en Atención pública de la salud en porcentaje del PIB | Gasto público municipal en Ciencia y técnica en porcentaje del PIB,451.8_GPM_ADMINIPIB_0_0_30_23 | 451.8_GPM_AGUA_APIB_0_0_27_55 | 451.8_GPM_ASIGNAPIB_0_0_31_37 | 451.8_GPM_ATENCIPIB_0_0_22_33 | 451.8_GPM_CIENCIPIB_0_0_23_41
Gasto Público de los Gobiernos Provinciales y CABA en millones de pesos,Millones de pesos,Finanzas Públicas,A,31,Gasto público provincial | Gasto público provincial en Administración general | Gasto público provincial en Agua potable y alcantarillado | Gasto público provincial en Asignaciones familiares | Gasto público provincial en Atención pública de la salud,451.5_GPPGPP_0_0_3_41 | 451.5_GPP_ADMINIRAL_0_0_26_85 | 451.5_GPP_AGUA_AADO_0_0_23_99 | 451.5_GPP_ASIGNARES_0_0_27_88 | 451.5_GPP_ATENCILUD_0_0_18_19
Gasto Público de los Gobiernos Provinciales y CABA en porcentaje del PIB,Porcentaje del PIB,Finanzas Públicas,A,31,Gasto público provincial en Administración general en porcentaje del PIB | Gasto público provincial en Agua potable y alcantarillado en porcentaje del PIB | Gasto público provincial en Asignaciones familiares en porcentaje del PIB | Gasto público provincial en Atención pública de la salud en porcentaje del PIB | Gasto público provincial en Ciencia y técnica en porcentaje del PIB,451.6_GPP_ADMINIPIB_0_0_30_26 | 451.6_GPP_AGUA_APIB_0_0_27_6 | 451.6_GPP_ASIGNAPIB_0_0_31_12 | 451.6_GPP_ATENCIPIB_0_0_22_52 | 451.6_GPP_CIENCIPIB_0_0_23_29
Gasto Público del Gobierno Nacional en millones de pesos,Millones de pesos,Finanzas Públicas,A,31,Gasto público nacional | Gasto público nacional en Administración general | Gasto público nacional en Agua potable y alcantarillado | Gasto público nacional en Asignaciones familiares | Gasto público nacional en Atención pública de la salud,451.3_GPNGPN_0_0_3_30 | 451.3_GPN_ADMINIRAL_0_0_26_28 | 451.3_GPN_AGUA_AADO_0_0_23_55 | 451.3_GPN_ASIGNARES_0_0_27_98 | 451.3_GPN_ATENCILUD_0_0_18_84
Gasto Público del Gobierno Nacional en porcentaje del PIB,Porcentaje del PIB,Finanzas Públicas,A,31,Gasto público nacional en Administración general en porcentaje del PIB | Gasto público nacional en Agua potable y alcantarillado en porcentaje del PIB | Gasto público nacional en Asignaciones familiares en porcentaje del PIB | Gasto público nacional en Atención pública de la salud en porcentaje del PIB | Gasto público nacional en Ciencia y técnica en porcentaje del PIB,451.4_GPN_ADMINIPIB_0_0_30_50 | 451.4_GPN_AGUA_APIB_0_0_27_5 | 451.4_GPN_ASIGNAPIB_0_0_31_8 | 451.4_GPN_ATENCIPIB_0_0_22_87 | 451.4_GPN_CIENCIPIB_0_0_23_73
Política de Ingresos. Prestaciones de la seguridad social. ANSES,Prestaciones,Finanzas Públicas,M,31,Asignaciones Familiares por Hijo o Hijo Discapacitado (AAFF). ANSES-Transparencia. Mensuales | Asignación Universal por Hijo o Hijo Discapacitado (AUH). ANSES-Transparencia. Mensuales | Asignaciones Familiares por Hijo o Hijo Discapacitado (AAFF). ANSES-Abiertos. Mensuales | Asignación Universal por Hijo o Hijo Discapacitado (AUH). ANSES-Abiertos. Mensuales | Asignación Universal por Embarazo (AUE). ANSES-Abiertos. Mensuales,189.1_ASIGNACIONADO_0_0_43 | 189.1_ASIGNACIONADO_0_0_44 | 189.1_ASIGNACIONADO_II_0_0_43 | 189.1_ASIGNACIONADO_II_0_0_44 | 189.1_ASIGNACIONAZO_0_0_29
Recursos tributarios totales y por tributo. Valores anuales.,Millones de pesos,Finanzas Públicas,A,31,Aportes personales de los Recursos tributarios totales y por tributo. Anual (Base 2001) | Bienes personales de los Recursos tributarios totales y por tributo. Anual (Base 2001) | Combustibles ley 23.966 otros de los Recursos tributarios totales y por tributo. Anual (Base 2001) | Combustibles ley 23.966 naftas de los Recursos tributarios totales y por tributo. Anual (Base 2001) | Contribuciones patronales de los Recursos tributarios totales y por tributo. Anual (Base 2001),142.1_APORT_2001_A_18 | 142.1_BIENE_2001_A_17 | 142.1_COMBUSTIBLROS_0_A_28_93 | 142.1_COMBU_2001_A_28 | 142.1_CONTR_2001_A_25
Recursos tributarios totales y por tributo. Valores mensuales.,Millones de pesos,Finanzas Públicas,M,31,Aportes personales de los Recursos tributarios totales y por tributo. Mensual (Base 2001) | Bienes personales de los Recursos tributarios totales y por tributo. Mensual (Base 2001) | Combustibles ley 23.966 otros de los Recursos tributarios totales y por tributo. Mensual (Base 2001) | Combustibles ley 23.966 naftas de los Recursos tributarios totales y por tributo. Mensual (Base 2001) | Contribuciones patronales de los Recursos tributarios totales y por tributo. Mensual (Base 2001),142.3_APORT_2001_M_18 | 142.3_BIENE_2001_M_17 | 142.3_COMBU_2001_M_28 | 142.3_COMBU_2001_M_29 | 142.3_CONTR_2001_M_25
Recursos tributarios totales y por tributo. Valores trimestrales.,Millones de pesos,Finanzas Públicas,T,31,Aportes personales de los Recursos tributarios totales y por tributo. Trimestral (Base 2001) | Bienes personales de los Recursos tributarios totales y por tributo. Trimestral (Base 2001) | Combustibles ley 23.966 naftas de los Recursos tributarios totales y por tributo. Trimestral (Base 2001) | Combustibles ley 23.966 otros de los Recursos tributarios totales y por tributo. Trimestral (Base 2001) | Contribuciones patronales de los Recursos tributarios totales y por tributo. Trimestral (Base 2001),142.2_APORT_2001_T_18 | 142.2_BIENE_2001_T_17 | 142.2_COMBUSTIBLTAS_0_T_29_22 | 142.2_COMBU_2001_T_28 | 142.2_CONTR_2001_T_25
Finanzas Públicas. Cuenta A.I.F. - Base devengado. Empresas Públicas (1961-1976),Variación Porcentual,Finanzas Públicas,A,30,Ahorro | Aumentos Pasivos Financiento netos | B.C.R.A | Erogaciones de capital . Inversión financiera | Erogaciones de capital . Inversión real . Construcciones,438.1_AHORRORRO_DEVE_0_6_30 | 438.1_AUM_PAS_FITOS_DEVE_0_17_55 | 438.1_BCO_CTRAL_ARG_DEVE_0_17_22 | 438.1_EROG_CAP_IANC_DEVE_0_19_51 | 438.1_EROG_CAP_ISTR_DEVE_0_24_72
Finanzas Públicas. Cuenta A.I.F. - Base devengado. Empresas Públicas (1987-1989),Variación Porcentual,Finanzas Públicas,A,29,Ahorro | Aumentos Pasivos Financiento netos | Erogaciones de capital . Inversión financiera | Erogaciones de capital . Inversión real . Construcciones | Erogaciones de capital . Inversión real . Bienes de capital,438.3_AHORRORRO_DEVE_0_6_39 | 438.3_AUM_PAS_FITOS_DEVE_0_17_46 | 438.3_EROG_CAP_IANC_DEVE_0_19_58 | 438.3_EROG_CAP_ISTR_DEVE_0_24_17 | 438.3_EROG_CAP_ITAL_DEVE_0_27_28
Producción de la Industria manufacturera. Valores anuales,Miles de toneladas,Actividad,M,29,Acero Crudo en Miles de Toneladas | Aluminio Primario en Miles de Toneladas | Aceites Vegetales en Miles de Toneladas | Asfalto en Miles de Toneladas | Aguarrás en Miles de Toneladas,41.3_AC_0_A_11 | 41.3_AP_0_A_17 | 41.3_AV_0_A_17 | 41.3_A_0_A_7 | 41.3_A_0_A_8
Producción de la Industria manufacturera. Valores trimestrales,Miles de toneladas,Actividad,T,29,Acero Crudo en Miles de Toneladas | Aluminio Primario en Miles de Toneladas | Aceites Vegetales en Miles de Toneladas | Asfalto en Miles de Toneladas | Aguarrás en Miles de Toneladas,41.2_AC_0_T_11 | 41.2_AP_0_T_17 | 41.2_AV_0_T_17 | 41.2_A_0_T_7 | 41.2_A_0_T_8
Finanzas Públicas. Cuenta A.I.F. - Base devengado. Empresas Públicas (1990-1992),Variación Porcentual,Finanzas Públicas,A,28,Ahorro | Aumentos Pasivos Financiento netos | Erogaciones de capital . Inversión financiera | Erogaciones de capital . Inversión real . Construcciones | Erogaciones de capital . Inversión real . Bienes de capital,438.4_AHORRORRO_DEVE_0_6_14 | 438.4_AUM_PAS_FITOS_DEVE_0_17_52 | 438.4_EROG_CAP_IANC_DEVE_0_19_65 | 438.4_EROG_CAP_ISTR_DEVE_0_24_35 | 438.4_EROG_CAP_ITAL_DEVE_0_27_1
Principales tasas de interés. Valores mensuales,Porcentaje (0-100),Dinero y Bancos,M,28,Instrumentos del BCRA. LEBAC en pesos 10 meses | Instrumentos del BCRA. LEBAC en pesos 1 mes | Instrumentos del BCRA. LEBAC en pesos 2 meses | Instrumentos del BCRA. LEBAC en pesos 3 meses | Instrumentos del BCRA. LEBAC en pesos 4 meses,89.1_IR_BCRA0_M_0_M_27 | 89.1_IR_BCRA1_M_0_M_26 | 89.1_IR_BCRA2_M_0_M_26 | 89.1_IR_BCRA3_M_0_M_26 | 89.1_IR_BCRA4_M_0_M_26
"Índice de Precios al Consumidor, por categorías y regiones. Base diciembre de 2016. Valores mensuales",Índice,Precios,M,28,IPC. Estacionales. Región pampeana. Base dic 2016. Mensual. | IPC. Estacionales. GBA. Base dic 2016. Mensual. | IPC. Estacionales. Nacional. Base dic 2016. Mensual. | IPC. Estacionales. Región noreste. Base dic 2016. Mensual. | IPC. Estacionales. Patagonia. Base dic 2016. Mensual.,148.3_IESTACIANA_DICI_M_25 | 148.3_IESTACIGBA_DICI_M_20 | 148.3_IESTACINAL_DICI_M_25 | 148.3_IESTACINEA_DICI_M_20 | 148.3_IESTACINIA_DICI_M_26
"Índice de Precios al Consumidor, por categorías y regiones. Base diciembre de 2016. Valores trimestrales",Índice,Precios,T,28,IPC. Estacionales. Región pampeana. Base dic 2016. Trimestral. | IPC. Estacionales. GBA. Base dic 2016. Trimestral. | IPC. Estacionales. Nacional. Base dic 2016. Trimestral. | IPC. Estacionales. Región noreste. Base dic 2016. Trimestral. | IPC. Estacionales. Patagonia. Base dic 2016. Trimestral.,148.1_IPC_ESTACIANA_DICI_T_25 | 148.1_IPC_ESTACIGBA_DICI_T_20 | 148.1_IPC_ESTACINAL_DICI_T_25 | 148.1_IPC_ESTACINEA_DICI_T_20 | 148.1_IPC_ESTACINIA_DICI_T_26
Costo Salarial de los puestos de trabajo por sector de actividad económica. En pesos. Valores anuales,Pesos,Empleo e Ingresos,A,27,"Costo salarial promedio en pesos. Alimentos, bebidas y tabaco | Costo salarial promedio en pesos. Agricultura Ganaderia Caza y Silvicultura | Costo salarial promedio en pesos. Actividades Inmobiliarias, Empresariales y de Alquiler | Costo salarial promedio en pesos. Administracion Publica, Defensa y Organizaciones y Organos Extraterritoriales | Costo salarial promedio en pesos. Comercio Mayorista, Minorista y Reparaciones",69.1_ABT_E_0_A_24 | 69.1_AGCS_E_0_A_39 | 69.1_AIEA_E_0_A_48 | 69.1_APDOE_E_0_A_53 | 69.1_CMMR_E_0_A_41
Costo Salarial de los puestos de trabajo por sector de actividad económica. En pesos. Valores trimestrales,Pesos,Empleo e Ingresos,T,27,"Costo salarial promedio en pesos. Alimentos, bebidas y tabaco | Costo salarial promedio en pesos. Agricultura Ganaderia Caza y Silvicultura | Costo salarial promedio en pesos. Actividades Inmobiliarias, Empresariales y de Alquiler | Costo salarial promedio en pesos. Administracion Publica, Defensa y Organizaciones y Organos Extraterritoriales | Costo salarial promedio en pesos. Comercio Mayorista, Minorista y Reparaciones",69.2_ABT_E_0_T_24 | 69.2_AGCS_E_0_T_39 | 69.2_AIEA_E_0_T_48 | 69.2_APDOE_E_0_T_53 | 69.2_CMMR_E_0_T_41
Puestos de trabajo por sector de actividad económica  Miles de puestos. Valores anuales,Miles de personas,Empleo e Ingresos,A,27,"Miles de puestos de trabajo declarados. Alimentos, bebidas y tabaco | Miles de puestos de trabajo declarados. Agricultura Ganaderia Caza y Silvicultura | Miles de puestos de trabajo declarados. Actividades Inmobiliarias, Empresariales y de Alquiler | Miles de puestos de trabajo declarados. Administracion Publica, Defensa y Organizaciones y Organos Extraterritoriales | Miles de puestos de trabajo declarados. Comercio Mayorista, Minorista y Reparaciones",66.1_ABT_E_0_A_24 | 66.1_AGCS_E_0_A_39 | 66.1_AIEA_E_0_A_48 | 66.1_APDOE_E_0_A_53 | 66.1_CMMR_E_0_A_41
Puestos de trabajo por sector.  Miles de puestos. Valores trimestrales,Miles de personas,Empleo e Ingresos,T,27,"Miles de puestos de trabajo declarados. Alimentos, bebidas y tabaco | Miles de puestos de trabajo declarados. Agricultura Ganaderia Caza y Silvicultura | Miles de puestos de trabajo declarados. Actividades Inmobiliarias, Empresariales y de Alquiler | Miles de puestos de trabajo declarados. Administracion Publica, Defensa y Organizaciones y Organos Extraterritoriales | Miles de puestos de trabajo declarados. Comercio Mayorista, Minorista y Reparaciones",66.2_ABT_E_0_T_24 | 66.2_AGCS_E_0_T_39 | 66.2_AIEA_E_0_T_48 | 66.2_APDOE_E_0_T_53 | 66.2_CMMR_E_0_T_41
Remuneración neta de los puestos de trabajo por sector de actividad económica. Pesos. Valores anuales,Pesos,Empleo e Ingresos,A,27,"Remuneracion neta en pesos. Alimentos, bebidas y tabaco | Remuneracion neta en pesos. Agricultura Ganaderia Caza y Silvicultura | Remuneracion neta en pesos. Actividades Inmobiliarias, Empresariales y de Alquiler | Remuneracion neta en pesos. Administracion Publica, Defensa y Organizaciones y Organos Extraterritoriales | Remuneracion neta en pesos. Comercio Mayorista, Minorista y Reparaciones",68.1_ABT_E_0_A_24 | 68.1_AGCS_E_0_A_39 | 68.1_AIEA_E_0_A_48 | 68.1_APDOE_E_0_A_53 | 68.1_CMMR_E_0_A_41
Remuneración neta de los puestos de trabajo por sector de actividad económica. Pesos. Valores trimestrales,Pesos,Empleo e Ingresos,T,27,"Remuneracion neta en pesos. Alimentos, bebidas y tabaco | Remuneracion neta en pesos. Agricultura Ganaderia Caza y Silvicultura | Remuneracion neta en pesos. Actividades Inmobiliarias, Empresariales y de Alquiler | Remuneracion neta en pesos. Administracion Publica, Defensa y Organizaciones y Organos Extraterritoriales | Remuneracion neta en pesos. Comercio Mayorista, Minorista y Reparaciones",68.2_ABT_E_0_T_24 | 68.2_AGCS_E_0_T_39 | 68.2_AIEA_E_0_T_48 | 68.2_APDOE_E_0_T_53 | 68.2_CMMR_E_0_T_41
Remuneración total de los puestos de trabajo por sector de actividad económica. Pesos. Valores anuales,Pesos,Empleo e Ingresos,A,27,"Remuneracion total en pesos. Alimentos, bebidas y tabaco | Remuneracion total en pesos. Agricultura Ganaderia Caza y Silvicultura | Remuneracion total en pesos. Actividades Inmobiliarias, Empresariales y de Alquiler | Remuneracion total en pesos. Administracion Publica, Defensa y Organizaciones y Organos Extraterritoriales | Remuneracion total en pesos. Comercio Mayorista, Minorista y Reparaciones",67.1_ABT_E_0_A_24 | 67.1_AGCS_E_0_A_39 | 67.1_AIEA_E_0_A_48 | 67.1_APDOE_E_0_A_53 | 67.1_CMMR_E_0_A_41
Remuneración total de los puestos de trabajo por sector de actividad económica. Pesos. Valores trimestrales,Pesos,Empleo e Ingresos,T,27,"Remuneracion total en pesos. Alimentos, bebidas y tabaco | Remuneracion total en pesos. Agricultura Ganaderia Caza y Silvicultura | Remuneracion total en pesos. Actividades Inmobiliarias, Empresariales y de Alquiler | Remuneracion total en pesos. Administracion Publica, Defensa y Organizaciones y Organos Extraterritoriales | Remuneracion total en pesos. Comercio Mayorista, Minorista y Reparaciones",67.2_ABT_E_0_T_24 | 67.2_AGCS_E_0_T_39 | 67.2_AIEA_E_0_T_48 | 67.2_APDOE_E_0_T_53 | 67.2_CMMR_E_0_T_41
Costo Salarial  promedio del sector privado por provincia. En pesos. Valores anuales.,Pesos,Empleo e Ingresos,A,26,Costo salarial sector privado. Corrientes | Costo salarial sector privado. Capital Federal | Costo salarial sector privado. Chaco | Costo salarial sector privado. Chubut | Costo salarial sector privado. Cordoba,73.1_C_E_0_A_10 | 73.1_C_E_0_A_4 | 73.1_C_E_0_A_5 | 73.1_C_E_0_A_6 | 73.1_C_E_0_A_7
Costo Salarial  promedio del sector privado por provincia. En pesos. Valores trimestrales,Pesos,Empleo e Ingresos,T,26,Costo salarial sector privado. Corrientes | Costo salarial sector privado. Capital Federal | Costo salarial sector privado. Chaco | Costo salarial sector privado. Chubut | Costo salarial sector privado. Cordoba,73.2_C_E_0_T_10 | 73.2_C_E_0_T_4 | 73.2_C_E_0_T_5 | 73.2_C_E_0_T_6 | 73.2_C_E_0_T_7
Demanda de electricidad. Datos anuales,GWh,Actividad,A,26,Comercio e Industria | Demanda Residencial | Demanda Total | Demanda por Distribuidora (Principales Empresas) EDELAP SA | Demanda por Distribuidora (Principales Empresas) EDENOR DISTRIBUIDOR,367.1_COMERCIO_ERIA__20 | 367.1_DEMANDA_REIAL__19 | 367.1_DEMANDA_TOTAL__13 | 367.1_EDELAP_SA_SA__9 | 367.1_EDENOR_DISDOR__19
Demanda de electricidad. Datos mensuales,GWh,Actividad,M,26,Comercio e Industria | Demanda Residencial | Demanda Total | Demanda por Distribuidora (Principales Empresas) EDELAP SA | Demanda por Distribuidora (Principales Empresas) EDENOR DISTRIBUIDOR,367.3_COMERCIO_ERIA__20 | 367.3_DEMANDA_REIAL__19 | 367.3_DEMANDA_TOTAL__13 | 367.3_EDELAP_SA_SA__9 | 367.3_EDENOR_DISDOR__19
Demanda de electricidad. Datos trimestrales,GWh,Actividad,T,26,Comercio e Industria | Demanda Residencial | Demanda Total | Demanda por Distribuidora (Principales Empresas) EDELAP SA | Demanda por Distribuidora (Principales Empresas) EDENOR DISTRIBUIDOR,367.2_COMERCIO_ERIA__20 | 367.2_DEMANDA_REIAL__19 | 367.2_DEMANDA_TOTAL__13 | 367.2_EDELAP_SA_SA__9 | 367.2_EDENOR_DISDOR__19
Puestos de trabajo declarados del sector privado por provincia. Miles de puestos. Valores anuales,Miles de personas,Empleo e Ingresos,A,26,Miles de puestos de trabajo declarados sector privado. Corrientes | Miles de puestos de trabajo declarados sector privado. Capital Federal | Miles de puestos de trabajo declarados sector privado. Chaco | Miles de puestos de trabajo declarados sector privado. Chubut | Miles de puestos de trabajo declarados sector privado. Cordoba,70.1_C_E_0_A_10 | 70.1_C_E_0_A_4 | 70.1_C_E_0_A_5 | 70.1_C_E_0_A_6 | 70.1_C_E_0_A_7
Puestos de trabajo por provincia.  Miles de puestos. Valores trimestrales,Miles de personas,Empleo e Ingresos,T,26,Miles de puestos de trabajo declarados sector privado. Corrientes | Miles de puestos de trabajo declarados sector privado. Capital Federal | Miles de puestos de trabajo declarados sector privado. Chaco | Miles de puestos de trabajo declarados sector privado. Chubut | Miles de puestos de trabajo declarados sector privado. Cordoba,70.2_C_E_0_T_10 | 70.2_C_E_0_T_4 | 70.2_C_E_0_T_5 | 70.2_C_E_0_T_6 | 70.2_C_E_0_T_7
Remuneración neta de los puestos de trabajo por provincia. Pesos. Valores anuales.,Pesos,Empleo e Ingresos,A,26,Remuneracion neta sector privado. Corrientes | Remuneracion neta sector privado. Capital Federal | Remuneracion neta sector privado. Chaco | Remuneracion neta sector privado. Chubut | Remuneracion neta sector privado. Cordoba,72.1_C_E_0_A_10 | 72.1_C_E_0_A_4 | 72.1_C_E_0_A_5 | 72.1_C_E_0_A_6 | 72.1_C_E_0_A_7
Remuneración neta de los puestos de trabajo por provincia. Pesos. Valores trimestrales.,Pesos,Empleo e Ingresos,T,26,Remuneracion neta sector privado. Corrientes | Remuneracion neta sector privado. Capital Federal | Remuneracion neta sector privado. Chaco | Remuneracion neta sector privado. Chubut | Remuneracion neta sector privado. Cordoba,72.2_C_E_0_T_10 | 72.2_C_E_0_T_4 | 72.2_C_E_0_T_5 | 72.2_C_E_0_T_6 | 72.2_C_E_0_T_7
Remuneración total de los puestos de trabajo por provincia. Pesos. Valores anuales,Pesos,Empleo e Ingresos,A,26,Remuneracion total sector privado. Corrientes | Remuneracion total sector privado. Capital Federal | Remuneracion total sector privado. Chaco | Remuneracion total sector privado. Chubut | Remuneracion total sector privado. Cordoba,71.1_C_E_0_A_10 | 71.1_C_E_0_A_4 | 71.1_C_E_0_A_5 | 71.1_C_E_0_A_6 | 71.1_C_E_0_A_7
Remuneración total de los puestos de trabajo por provincia. Pesos. Valores trimestrales,Pesos,Empleo e Ingresos,T,26,Remuneracion total sector privado. Corrientes | Remuneracion total sector privado. Capital Federal | Remuneracion total sector privado. Chaco | Remuneracion total sector privado. Chubut | Remuneracion total sector privado. Cordoba,71.2_C_E_0_T_10 | 71.2_C_E_0_T_4 | 71.2_C_E_0_T_5 | 71.2_C_E_0_T_6 | 71.2_C_E_0_T_7
Series históricas de estadísticas monetarias de Argentina,Millones de pesos,Dinero y Bancos,M,25,Agregados Monetarios en $ BM | Agregados Monetarios en $ ByM en entidades | Agregados Monetarios en $ ByM en circulación | Agregados Monetarios en $ ByM Totales | Agregados Monetarios en $ M1,174.1_AGADOS_BM_0_0_28 | 174.1_AGADOS_DES_0_0_42 | 174.1_AGADOS_ION_0_0_44 | 174.1_AGADOS_LES_0_0_37 | 174.1_AGADOS_M1_0_0_28
Índices de precios internacionales de productos básicos. Datos anuales,Dólares por tonelada,Precios,A,25,Aceite de colza. US$ por tonelada. Anual | Aceite de girasol. US$ por tonelada. Anual | Aceite de oliva. US$ por tonelada. Anual | Aceite de palma. US$ por tonelada. Anual | Aceite de soja. US$ por tonelada. Anual,121.1_AC_0_0_12 | 121.1_AG_0_0_14 | 121.1_AO_0_0_12 | 121.1_AP_0_0_12 | 121.1_AS_0_0_11
Índices de precios internacionales de productos básicos. Datos mensuales,Dólares por tonelada,Precios,M,25,Aceite de colza. US$ por tonelada. Mensual | Aceite de girasol. US$ por tonelada. Mensual | Aceite de oliva. US$ por tonelada. Mensual | Aceite de palma. US$ por tonelada. Mensual | Aceite de soja. US$ por tonelada. Mensual,121.3_AC_0_0_12 | 121.3_AG_0_0_14 | 121.3_AO_0_0_12 | 121.3_AP_0_0_12 | 121.3_AS_0_0_11
Índices de precios internacionales de productos básicos. Datos trimestrales,Dólares por tonelada,Precios,T,25,Aceite de colza. US$ por tonelada. Trimestral | Aceite de girasol. US$ por tonelada. Trimestral | Aceite de oliva. US$ por tonelada. Trimestral | Aceite de palma. US$ por tonelada. Trimestral | Aceite de soja. US$ por tonelada. Trimestral,121.2_AC_0_0_12 | 121.2_AG_0_0_14 | 121.2_AO_0_0_12 | 121.2_AP_0_0_12 | 121.2_AS_0_0_11
"Asalariados registrados del sector privado, por provincia. Valores con estacionalidad",Miles de personas,Empleo e Ingresos,M,24,Asalariados. Sector privado. Provincia de Buenos Aires. | Asalariados. Sector privado. Ciudad Autónoma de Buenos Aires. | Asalariados. Sector privado. Provincia de Corrientes. | Asalariados. Sector privado. Provincia de Catamarca. | Asalariados. Sector privado. Provincia de Chaco.,154.1_BOS_AIRRES_C_0_0_12 | 154.1_CABA_C_0_0_4 | 154.1_CIENTESTES_C_0_0_10 | 154.1_CMARCARCA_C_0_0_9 | 154.1_COACO_C_0_0_5
"Asalariados registrados del sector privado, por provincia. Valores sin estacionalidad",Miles de personas,Empleo e Ingresos,M,24,Asalariados. Sector privado. Sin Estacionalidad. Provincia de Buenos Aires. | Asalariados. Sector privado. Sin Estacionalidad. Ciudad Autónoma de Buenos Aires. | Asalariados. Sector privado. Sin Estacionalidad. Provincia de Corrientes. | Asalariados. Sector privado. Sin Estacionalidad. Provincia de Catamarca. | Asalariados. Sector privado. Sin Estacionalidad. Provincia de Chaco.,154.2_BOS_AIRRES_S_0_0_12 | 154.2_CABA_S_0_0_4 | 154.2_CIENTESTES_S_0_0_10 | 154.2_CMARCARCA_S_0_0_9 | 154.2_COACO_S_0_0_5
Relevamiento de Expectativas de Mercado (REM). Datos mensuales,Miles de millones de dólares,Precios,M,24,REM: mediana de exportaciones en miles de millones de dólares 2021 | REM: mediana de exportaciones en miles de millones de dólares 2022 | REM: mediana de exportaciones en miles de millones de dólares 2024 | REM: mediana de exportaciones en miles de millones de dólares 2023 | REM: mediana de exportaciones en miles de millones de dólares 2025,430.1_REM_EXPO_A021_M_0_0_19_55 | 430.1_REM_EXPO_A022_M_0_0_19_12 | 430.1_REM_EXPO_A023_M_0_0_19_27 | 430.1_REM_EXPO_A023_M_0_0_19_36 | 430.1_REM_EXPO_A025_M_0_0_19_78
Agregados monetarios,Millones de dólares,Dinero y Bancos,M,23,Detalle desagregado de Plazo Fijo Sector Privado en dolares de 90 a 179 días | Detalle desagregado de Plazo Fijo Sector Privado en dolares de 180 a 365 días | Detalle desagregado de Plazo Fijo Sector Privado en dolares de 60 a 89 días | Detalle desagregado de Plazo Fijo Sector Privado en dolares hasta 59 días | Detalle desagregado depósitos del sector privado y del sector publico en dolares en mill de dolares,90.1_DET_DESAGRIAS_0_0_53 | 90.1_DET_DESAGRIAS_0_0_54 | 90.1_DET_DESAGRIAS_III_0_0_47 | 90.1_DET_DESAGRIAS_X_0_0_50 | 90.1_DET_DESAGRICO_0_0_37
"Ingreso nacional, Ahorro nacional y Préstamo neto. Millones de pesos.  Precios corrientes. Datos anuales",Millones de Pesos,Actividad,A,23,Adquisiciones menos disposiciones de activos no financieros no producidos | Ahorro nacional bruto | Consumo efectivo total privado y publico | Consumo nacional privado | Consumo público,166.1_AI_MENODOS_0_0_48 | 166.1_ARO_NACUTO_0_0_16 | 166.1_C_EFECTPUB_0_0_28 | 166.1_C_NAC_PRIV_0_0_13 | 166.1_C_PUBPUB_0_0_8
"Ingreso nacional, Ahorro nacional y Préstamo neto. Millones de pesos.  Precios corrientes. Datos trimestrales",Millones de Pesos,Actividad,T,23,Adquisiciones menos disposiciones de activos no financieros no producidos | Ahorro nacional bruto | Consumo efectivo total privado y publico | Consumo nacional privado | Consumo público,166.2_AI_MENODOS_0_0_48 | 166.2_ARO_NACANB_0_0_20 | 166.2_C_EFECTPUB_0_0_28 | 166.2_C_NAC_PRIV_0_0_13 | 166.2_C_PUBPUB_0_0_8
"Oferta y Demanda Global, Precios constantes. Base 2004. Valores anuales",Millones de pesos a precios de 2004,Actividad,A,23,"Discrepancia estadistica, en millones de pesos de 2004 y Anual | Consumo publico, en millones de pesos de 2004 y Anual. | Exportaciones, en millones de pesos de 2004 y Anual | Inversion bruta interna fija en construccion, en millones de pesos de 2004 y Anual. | Inversion bruta interna fija de equipo durable de produccion importado, en millones de pesos de 2004 y Anual.",4.1_DE_2004_A_24 | 4.1_DGCP_2004_A_30 | 4.1_DGE_2004_A_26 | 4.1_DGIC_2004_A_32 | 4.1_DGIEDPI_2004_A_55
"Oferta y Demanda Global, Precios constantes. Base 2004. Valores trimestrales",Millones de pesos a precios de 2004,Actividad,T,23,"Discrepancia estadistica, en millones de pesos de 2004 y Trimestral | Consumo publico, en millones de pesos de 2004 y Trimestral. | Exportaciones, en millones de pesos de 2004 y Trimestral | Inversion bruta interna fija en construccion, en millones de pesos de 2004 y Trimestral. | Inversion bruta interna fija de equipo durable de produccion importado, en millones de pesos de 2004 y Trimestral.",4.2_DE_2004_T_24 | 4.2_DGCP_2004_T_30 | 4.2_DGE_2004_T_26 | 4.2_DGIC_2004_T_32 | 4.2_DGIEDPI_2004_T_55
Producto Interno Bruto. Precios constantes. Base 2004. Valores anuales.,Millones de pesos a precios de 2004,Actividad,A,23,"Valor agregado bruto anual a precios de productor, de agricultura ganaderia caza y silvicultura en pesos de 2004 | Valor agregado bruto anual a precios de productor de actividades inmobiliarias empresariales y de alquiler en pesos de 2004 | Valor agregado bruto anual a precios de productor de administración pública y defensa planes de seguridad social de afiliación obligatoria en pesos de 2004 | Valor agregado bruto anual a precios de productor de comercio mayorista y minorista y reparaciones en pesos de 2004 | Valor agregado bruto anual a precios de productor de construcción en pesos de 2004",6.1_AGCS_2004_A_39 | 6.1_AIEA_2004_A_48 | 6.1_APDPSSAO_2004_A_60 | 6.1_CMMR_2004_A_41 | 6.1_C_2004_A_12
Producto Interno Bruto. Precios constantes. Base 2004. Valores trimestrales.,Millones de pesos a precios de 2004,Actividad,T,23,"Valor agregado bruto trimestral a precios de productor, de agricultura ganaderia caza y silvicultura en pesos de 2004 | Valor agregado bruto trimestral a precios de productor de actividades inmobiliarias empresariales y de alquiler en pesos de 2004 | Valor agregado bruto trimestral a precios de productor de administración pública y defensa planes de seguridad social de afiliación obligatoria en pesos de 2004 | Valor agregado bruto trimestral a precios de productor de comercio mayorista y minorista y reparaciones en pesos de 2004 | Valor agregado bruto trimestral a precios de productor de construcción en pesos de 2004",6.2_AGCS_2004_T_39 | 6.2_AIEA_2004_T_48 | 6.2_APDPSSAO_2004_T_60 | 6.2_CMMR_2004_T_41 | 6.2_C_2004_T_12
Producto Interno Bruto. Precios corrientes. Base 2004. Valores anuales.,Millones de pesos,Actividad,A,23,Valor agregado bruto anual a precios de productor de agricultura ganaderia caza y silvicultura en pesos corrientes | Valor agregado bruto anual a precios de productor de actividades inmobiliarias empresariales y de alquiler en pesos corrientes | Valor agregado bruto anual a precios de productor de administración pública y defensa planes de seguridad social de afiliación obligatoria en pesos corrientes | Valor agregado bruto anual a precios de productor de comercio mayorista y minorista y reparaciones en pesos corrientes | Valor agregado bruto anual a precios de productor de construcción en pesos corrientes,8.1_AGCS_2004_A_39 | 8.1_AIEA_2004_A_48 | 8.1_APDPSSAO_2004_A_60 | 8.1_CMMR_2004_A_41 | 8.1_C_2004_A_12
Producto Interno Bruto. Precios corrientes. Base 2004. Valores trimestrales.,Millones de pesos,Actividad,T,23,Valor agregado bruto trimestral a precios de productor de agricultura ganaderia caza y silvicultura en pesos corrientes | Valor agregado bruto trimestral a precios de productor de actividades inmobiliarias empresariales y de alquiler en pesos corrientes | Valor agregado bruto trimestral a precios de productor de administración pública y defensa planes de seguridad social de afiliación obligatoria en pesos corrientes | Valor agregado bruto trimestral a precios de productor de comercio mayorista y minorista y reparaciones en pesos corrientes | Valor agregado bruto trimestral a precios de productor de construcción en pesos corrientes,8.2_AGCS_2004_T_39 | 8.2_AIEA_2004_T_48 | 8.2_APDPSSAO_2004_T_60 | 8.2_CMMR_2004_T_41 | 8.2_C_2004_T_12
Turismo receptivo y emisivo. Aeropuerto Internacional de Ezeiza y Aeroparque Jorge Newbery en miles de personas. Valores trimestrales,Miles de pasajeros,Sector Externo,T,23,Saldo en miles de pasajeros | Turismo emisivo Estados Unidos y Canada | Turismo emisivo resto America | Turismo emisivo Chile | Turismo emisivo de Aeropuerto Internacional de Ezeiza y Aeroparque Jorge Newbery,322.2_SALDOLDO__5 | 322.2_TURISMO_EMADA__37_86 | 322.2_TURISMO_EMICA__29_44 | 322.2_TURISMO_EMILE__21_38 | 322.2_TURISMO_EMIVO__15
Índice de Salario por Obrero (ISO). Valores anuales.,Índice 1997=100,Actividad,A,23,"Índice de Salarios por Obrero (ISO). Curtido y terminación de cueros, fabricación de articulos de marroquinería, talabarteria y calzado. Anuales | Índice de Salarios por Obrero (ISO). Edición e impresión, reproducción y gravaciones. Anuales | Índice de Salarios por Obrero (ISO). Elaboración de productos alimenticios y bebidas. Anuales | Índice de Salarios por Obrero (ISO). Elaboración de productos con tabaco. Anuales | Índice de Salarios por Obrero (ISO). Fabricación de coque, productos de la refinación del petroleo, combustibles y productos nucleares. Anuales",18.1_CTCFAMTCSP_1997_A_53 | 18.1_EIRG_1997_A_42 | 18.1_EPAB_1997_A_42 | 18.1_EPT_1997_A_28 | 18.1_FCPRPCN_1997_A_53
Índice de Salario por Obrero (ISO). Valores trimestrales.,Índice 1997=100,Actividad,T,23,"Índice de Salarios por Obrero (ISO). Curtido y terminación de cueros, fabricación de articulos de marroquinería, talabarteria y calzado. Trimestrales | Índice de Salarios por Obrero (ISO). Edición e impresión, reproducción y gravaciones. Trimestrales | Índice de Salarios por Obrero (ISO). Elaboración de productos alimenticios y bebidas. Trimestrales | Índice de Salarios por Obrero (ISO). Elaboración de productos con tabaco. Trimestrales | Índice de Salarios por Obrero (ISO). Fabricación de coque, productos de la refinación del petroleo, combustibles y productos nucleares. Trimestrales",18.2_CTCFAMTCSP_1997_T_53 | 18.2_EIRG_1997_T_42 | 18.2_EPAB_1997_T_42 | 18.2_EPT_1997_T_28 | 18.2_FCPRPCN_1997_T_53
Índice de Volumen Físico (IVF). Valores anuales.,Índice 1997=100,Actividad,A,23,"Índice de Volumen Físico (IVF). Curtido y terminación de cueros, fabricación de articulos de marroquinería, talabarteria y calzado. Anuales | Índice de Volumen Físico (IVF). Edición e impresión, reproducción y gravaciones. Anuales | Índice de Volumen Físico (IVF). Elaboración de productos alimenticios y bebidas. Anuales | Índice de Volumen Físico (IVF). Elaboración de productos con tabaco. Anuales | Índice de Volumen Físico (IVF). Fabricación de coque, productos de la refinación del petroleo, combustibles y productos nucleares. Anuales",15.1_CTCFAMTCSP_1997_A_60 | 15.1_EIRG_1997_A_42 | 15.1_EPAB_1997_A_42 | 15.1_EPT_1997_A_28 | 15.1_FCPRPCN_1997_A_54
Índice de Volumen Físico (IVF). Valores trimestrales.,Índice 1997=100,Actividad,T,23,"Índice de Volumen Físico (IVF). Curtido y terminación de cueros, fabricación de articulos de marroquinería, talabarteria y calzado. Anuales | Índice de Volumen Físico (IVF). Edición e impresión, reproducción y gravaciones. Anuales | Índice de Volumen Físico (IVF). Elaboración de productos alimenticios y bebidas. Anuales | Índice de Volumen Físico (IVF). Elaboración de productos con tabaco. Anuales | Índice de Volumen Físico (IVF). Fabricación de coque, productos de la refinación del petroleo, combustibles y productos nucleares. Anuales",15.2_CTCFAMTCSP_1997_T_60 | 15.2_EIRG_1997_T_42 | 15.2_EPAB_1997_T_42 | 15.2_EPT_1997_T_28 | 15.2_FCPRPCN_1997_T_54
Índice de precios implícitos del Valor Agregado Bruto a precios de mercado. Base 2004. Valores anuales.,Índice 2004=100,Precios,A,23,"Índice de Precios Implícitos del VAB a precios de mercado de Agricultura, ganadería, caza y silvicultura. Base 2004. Anual | Índice de Precios Implícitos del VAB a precios de mercado de Actividades inmobiliarias, empresariales y de alquiler. Base 2004. Anual | Índice de Precios Implícitos del VAB a precios de mercado de Administración Pública y Defensa; Planes de Seguridad Social de Afiliación Obligatoria. Base 2004. Anual | Índice de Precios Implícitos del VAB a precios de mercado de Comercio mayorista y minorista y reparaciones. Base 2004. Anual | Índice de Precios Implícitos del VAB a precios de mercado de Construcción. Base 2004. Anual",112.1_IAGCS_2004_A_43 | 112.1_IAIEA_2004_A_52 | 112.1_IAPDSS_2004_A_51 | 112.1_ICMMR_2004_A_45 | 112.1_IC_2004_A_16
Índice de precios implícitos del Valor Agregado Bruto a precios de mercado. Base 2004. Valores trimestrales,Índice 2004=100,Precios,T,23,"Índice de Precios Implícitos del VAB a precios de mercado de Agricultura, ganadería, caza y silvicultura. Base 2004. Trimestral | Índice de Precios Implícitos del VAB a precios de mercado de Actividades inmobiliarias, empresariales y de alquiler. Base 2004. Trimestral | Índice de Precios Implícitos del VAB a precios de mercado de Administración Pública y Defensa; Planes de Seguridad Social de Afiliación Obligatoria. Base 2004. Trimestral | Índice de Precios Implícitos del VAB a precios de mercado de Comercio mayorista y minorista y reparaciones. Base 2004. Trimestral | Índice de Precios Implícitos del VAB a precios de mercado de Construcción. Base 2004. Trimestral",112.2_IAGCS_2004_T_43 | 112.2_IAIEA_2004_T_52 | 112.2_IAPDSS_2004_T_51 | 112.2_ICMMR_2004_T_45 | 112.2_IC_2004_T_16
Índice de precios implícitos del Valor Agregado Bruto. Base 2004. Valores anuales,Índice 2004=100,Actividad,A,23,"Índice de precios implícitos, de agricultura ganaderia caza y silvicultura | Índice de precios implícitos de actividades inmobiliarias empresariales y de alquiler | Índice de precios implícitos de administración pública y defensa planes de seguridad social de afiliación obligatoria | Índice de precios implícitos de comercio mayorista y minorista y reparaciones | Índice de precios implícitos de construcción",23.1_AGCS_2004_A_39 | 23.1_AIEA_2004_A_48 | 23.1_APDPSSAO_2004_A_60 | 23.1_CMMR_2004_A_41 | 23.1_C_2004_A_12
Índice de precios implícitos del Valor Agregado Bruto. Base 2004. Valores trimestrales,Índice 2004=100,Actividad,T,23,"Índice de precios implícitos, de agricultura ganaderia caza y silvicultura | Índice de precios implícitos de actividades inmobiliarias empresariales y de alquiler | Índice de precios implícitos de administración pública y defensa planes de seguridad social de afiliación obligatoria | Índice de precios implícitos de comercio mayorista y minorista y reparaciones | Índice de precios implícitos de construcción",23.2_AGCS_2004_T_39 | 23.2_AIEA_2004_T_48 | 23.2_APDPSSAO_2004_T_60 | 23.2_CMMR_2004_T_41 | 23.2_C_2004_T_12
Índices de Horas trabajadas (IHT). Valores anuales.,Índice 1997=100,Actividad,A,23,"Índice de Horas trabajadas (IHT). Curtido y terminación de cueros, fabricación de articulos de marroquinería, talabarteria y calzado. Anuales | Índice de Horas trabajadas (IHT). Edición e impresión, reproducción y gravaciones. Anuales | Índice de Horas trabajadas (IHT). Elaboración de productos alimenticios y bebidas. Anuales | Índice de Horas trabajadas (IHT). Elaboración de productos con tabaco. Anuales | Índice de Horas trabajadas (IHT). Fabricación de coque, productos de la refinación del petroleo, combustibles y productos nucleares. Anuales",17.1_CTCFAMTCSP_1997_A_60 | 17.1_EIRG_1997_A_42 | 17.1_EPAB_1997_A_42 | 17.1_EPT_1997_A_28 | 17.1_FCPRPCN_1997_A_54
Índices de Horas trabajadas (IHT). Valores trimestrales.,Índice 1997=100,Actividad,T,23,"Índice de Horas trabajadas (IHT). Curtido y terminación de cueros, fabricación de articulos de marroquinería, talabarteria y calzado. Trimestrales | Índice de Horas trabajadas (IHT). Edición e impresión, reproducción y gravaciones. Trimestrales | Índice de Horas trabajadas (IHT). Elaboración de productos alimenticios y bebidas. Trimestrales | Índice de Horas trabajadas (IHT). Elaboración de productos con tabaco. Trimestrales | Índice de Horas trabajadas (IHT). Fabricación de coque, productos de la refinación del petroleo, combustibles y productos nucleares. Trimestrales",17.2_CTCFAMTCSP_1997_T_52 | 17.2_EIRG_1997_T_42 | 17.2_EPAB_1997_T_42 | 17.2_EPT_1997_T_28 | 17.2_FCPRPCN_1997_T_53
Índices de Obreros Ocupados (IOO). Valores anuales.,Índice 1997=100,Actividad,A,23,"Índice de Obreros Ocupados (IOO). Curtido y terminación de cueros, fabricación de articulos de marroquinería, talabarteria y calzado. Anuales | Índice de Obreros Ocupados (IOO). Edición e impresión, reproducción y gravaciones. Anuales | Índice de Obreros Ocupados (IOO). Elaboración de productos alimenticios y bebidas. Anuales | Índice de Obreros Ocupados (IOO). Elaboración de productos con tabaco. Anuales | Índice de Obreros Ocupados (IOO). Fabricación de coque, productos de la refinación del petroleo, combustibles y productos nucleares. Anuales",16.1_CTCFAMTCSP_1997_A_53 | 16.1_EIRG_1997_A_42 | 16.1_EPAB_1997_A_42 | 16.1_EPT_1997_A_28 | 16.1_FCPRPCN_1997_A_54
Índices de Obreros Ocupados (IOO). Valores trimestrales.,Índice 1997=100,Actividad,T,23,"Índice de Obreros Ocupados (IOO). Curtido y terminación de cueros, fabricación de articulos de marroquinería, talabarteria y calzado. Anuales | Índice de Obreros Ocupados (IOO). Edición e impresión, reproducción y gravaciones. Anuales | Índice de Obreros Ocupados (IOO). Elaboración de productos alimenticios y bebidas. Anuales | Índice de Obreros Ocupados (IOO). Elaboración de productos con tabaco. Anuales | Índice de Obreros Ocupados (IOO). Fabricación de coque, productos de la refinación del petroleo, combustibles y productos nucleares. Anuales",16.2_CTCFAMTCSP_1997_T_53 | 16.2_EIRG_1997_T_42 | 16.2_EPAB_1997_T_42 | 16.2_EPT_1997_T_28 | 16.2_FCPRPCN_1997_T_54
Distribución personal del ingreso. En pesos corrientes por  deciles de la ocupación principal (IOP). Valores trimestrales,En pesos corrientes.,Empleo e Ingresos,T,22,Distribución personal del ingreso. En pesos corrientes por deciles del ingreso per capita familiar (IPCF). Trimestral. Decil 10 | Distribución personal del ingreso. En pesos corrientes por deciles de la ocupación principal (IOP). Trimestral. Decil 10 | Distribución personal del ingreso. En pesos corrientes por deciles del ingreso per capita familiar (IPCF). Trimestral. Decil 1 | Distribución personal del ingreso. En pesos corrientes por deciles de la ocupación principal (IOP). Trimestral. Decil 1 | Distribución personal del ingreso. En pesos corrientes por deciles del ingreso per capita familiar (IPCF). Trimestral. Decil 2,301.1_DECIL_10_IPCF_0_T_13 | 301.1_DECIL_10_OOIP_0_T_12 | 301.1_DECIL_1_IPPCF_0_T_12 | 301.1_DECIL_1_OIOIP_0_T_11 | 301.1_DECIL_2_IPPCF_0_T_12
Ex Cajas Provinciales. Valores anuales 1993-2006,Millones de pesos,Finanzas Públicas,A,22,Aplicaciones financieras inversión financiera . Metodología 1993 - 2006 | Fuentes financieras endeudamiento público e incremento de otros pasivos incremento otros pasivos . Metodología 1993 - 2006 | Gastos antes de figurativos . Metodología 1993 - 2006 | Gastos corrientes transferencias corrientes al sector privado total sector privado . Metodología 1993 - 2006 | Total gastos corrientes . Metodología 1993 - 2006,377.1_AP_FIN_CIN006__25_13 | 377.1_FTES_FIN_E006_0_A_54_35 | 377.1_GTOS_ANTES006__32_100 | 377.1_GTOS_CORR_006_0_A_55_30 | 377.1_GTOS_CORR_006__19_77
Ex Cajas Provinciales. Valores anuales 2007-2014,Millones de pesos,Finanzas Públicas,A,22,Aplicaciones financieras inversión financiera . Metodología 2007 - 2014 | Fuentes financieras endeudamiento público e incremento de otros pasivos incremento otros pasivos . Metodología 2007 - 2014 | Gastos antes de figurativos . Metodología 2007 - 2014 | Gastos corrientes transferencias corrientes al sector privado total sector privado . Metodología 2007 - 2014 | Total gastos corrientes . Metodología 2007 - 2014,377.2_AP_FIN_CIN014__25_99 | 377.2_FTES_FIN_E014_0_A_54_16 | 377.2_GTOS_ANTES014__32_65 | 377.2_GTOS_CORR_014_0_A_55_47 | 377.2_GTOS_CORR_014__19_23
Ex Cajas Provinciales. Valores trimestrales 1993-2006,Millones de pesos,Finanzas Públicas,T,22,Aplicaciones financieras inversión financiera . Metodología 1993 - 2006 | Fuentes financieras endeudamiento público e incremento de otros pasivos incremento otros pasivos . Metodología 1993 - 2006 | Gastos antes de figurativos . Metodología 1993 - 2006 | Gastos corrientes transferencias corrientes al sector privado total sector privado . Metodología 1993 - 2006 | Total gastos corrientes . Metodología 1993 - 2006,377.4_AP_FIN_CIN006__25_68 | 377.4_FTES_FIN_E006_0_T_54_91 | 377.4_GTOS_ANTES006__32_26 | 377.4_GTOS_CORR_006_0_T_55_51 | 377.4_GTOS_CORR_006__19_59
Ex Cajas Provinciales. Valores trimestrales 2007-2014,Millones de pesos,Finanzas Públicas,T,22,Aplicaciones financieras inversión financiera . Metodología 2007 - 2014 | Fuentes financieras endeudamiento público e incremento de otros pasivos incremento otros pasivos . Metodología 2007 - 2014 | Gastos antes de figurativos . Metodología 2007 - 2014 | Gastos corrientes transferencias corrientes al sector privado total sector privado . Metodología 2007 - 2014 | Total gastos corrientes . Metodología 2007 - 2014,377.5_AP_FIN_CIN014__25_65 | 377.5_FTES_FIN_E014_0_T_54_97 | 377.5_GTOS_ANTES014__32_30 | 377.5_GTOS_CORR_014_0_T_55_50 | 377.5_GTOS_CORR_014__19_39
Ex Cajas Provinciales. Valores trimestrales 2017,Millones de pesos,Finanzas Públicas,T,22,Aplicaciones financieras inversión financiera . Metodología 2017 | Fuentes financieras endeudamiento público e incremento de otros pasivos incremento otros pasivos . Metodología 2017 | Gastos antes de figurativos . Metodología 2017 | Gastos corrientes transferencias corrientes al sector privado total sector privado . Metodología 2017 | Total gastos corrientes . Metodología 2017,377.6_AP_FIN_CIN017__20_18 | 377.6_FTES_FIN_E017_0_T_49_7 | 377.6_GTOS_ANTES017__27_76 | 377.6_GTOS_CORR_017_0_T_50_56 | 377.6_GTOS_CORR_017__14_23
Oferta y Demanda Global. Precios corrientes. Base 2004. Valores anuales,Millones de pesos,Actividad,A,22,"Variacion de existencias, en millones de pesos corrientes y Anual | Consumo privado, en millones de pesos corrientes y Anual. | Consumo publico, en millones de pesos corrientes y Anual. | Exportaciones, en millones de pesos corrientes y Anual | Inversion bruta interna fija en construccion, en millones de pesos corrientes y Anual.",4.3_DE_2004_A_24 | 4.3_DGCP_2004_A_27 | 4.3_DGCP_2004_A_30 | 4.3_DGE_2004_A_26 | 4.3_DGIC_2004_A_32
Oferta y Demanda Global. Precios corrientes. Base 2004. Valores trimestrales,Millones de pesos,Actividad,T,22,"Variacion de existencias, en millones de pesos corrientes y Trimestral | Consumo privado, en millones de pesos corrientes y Trimestral. | Consumo publico, en millones de pesos corrientes y Trimestral. | Exportaciones, en millones de pesos corrientes y Trimestral | Inversion bruta interna fija en construccion, en millones de pesos corrientes y Trimestral.",4.4_DE_2004_T_24 | 4.4_DGCP_2004_T_27 | 4.4_DGCP_2004_T_30 | 4.4_DGE_2004_T_26 | 4.4_DGIC_2004_T_32
Índice de Salario por Obrero (ISO) (Revisado). Variación interanual.,Variación Porcentual,Actividad,T,22,"Índice de Salarios por Obrero (ISO) (revisado). Curtido y terminación de cueros, fabricación de articulos de marroquinería, talabarteria y calzado. Variaciones interanuales, Trimestrales. | Índice de Salarios por Obrero (ISO) (revisado). Edición e impresión, reproducción y gravaciones. Variaciones interanuales, Trimestrales. | Variaciones interanuales Índice de Salarios por Obrero (ISO) (revisado). Elaboración de productos alimenticios y bebidas. Variaciones interanuales, Trimestrales. | Variaciones interanuales Índice de Salarios por Obrero (ISO) (revisado). Elaboración de productos con tabaco. Variaciones interanuales, Trimestrales. | Índice de Salarios por Obrero (ISO) (revisado). Fabricación de coque, productos de la refinación del petroleo, combustibles y productos nucleares. Variaciones interanuales, Trimestrales.",21.1_CTCFAMTCSP_1997_0_53 | 21.1_EIRG_1997_0_42 | 21.1_EPAB_1997_0_42 | 21.1_EPT_1997_0_28 | 21.1_FCPRPCN_1997_0_53
Índice de Salario por Obrero (ISO) (Revisado). Variación trimestral.,Variación Porcentual,Actividad,T,22,"Índice de Salarios por Obrero (ISO) (revisado). Curtido y terminacion de cueros, fabricacion de articulos de marroquinería, talabarteria y calzado. Variaciones trimestrales, Trimestrales. | Índice de Salarios por Obrero (ISO) (revisado). Edicion e impresion, reproduccion y gravaciones. Variaciones trimestrales, Trimestrales. | Variaciones trimestrales Índice de Salarios por Obrero (ISO) (revisado). Elaboracion de productos alimenticios y bebidas. Variaciones trimestrales, Trimestrales. | Variaciones trimestrales Índice de Salarios por Obrero (ISO) (revisado). Elaboracion de productos con tabaco. Variaciones trimestrales, Trimestrales. | Índice de Salarios por Obrero (ISO) (revisado). Fabricacion de coque, productos de la refinacion del petroleo, combustibles y productos nucleares. Variaciones trimestrales, Trimestrales.",21.2_CTCFAMTCSP_1997_0_53 | 21.2_EIRG_1997_0_42 | 21.2_EPAB_1997_0_42 | 21.2_EPT_1997_0_28 | 21.2_FCPRPCN_1997_0_53
Índices de Horas trabajadas (IHT) (Revisado). Variación interanual.,Variación Porcentual,Actividad,T,22,"Índice de Horas Trabajadas (IHT) (revisado). Curtido y terminación de cueros, fabricación de articulos de marroquinería, talabarteria y calzado. Variaciones interanuales, Trimestrales. | Índice de Horas Trabajadas (IHT) (revisado). Edición e impresión, reproducción y gravaciones. Variaciones interanuales, Trimestrales. | Variaciones interanuales Índice de Horas Trabajadas (IHT) (revisado). Elaboración de productos alimenticios y bebidas. Variaciones interanuales, Trimestrales. | Variaciones interanuales Índice de Horas Trabajadas (IHT) (revisado). Elaboración de productos con tabaco. Variaciones interanuales, Trimestrales. | Índice de Horas Trabajadas (IHT) (revisado). Fabricación de coque, productos de la refinación del petroleo, combustibles y productos nucleares. Variaciones interanuales, Trimestrales.",20.1_CTCFAMTCSP_1997_0_54 | 20.1_EIRG_1997_0_42 | 20.1_EPAB_1997_0_42 | 20.1_EPT_1997_0_28 | 20.1_FCPRPCN_1997_0_53
Índices de Horas trabajadas (IHT) (Revisado). Variación trimestral.,Variación Porcentual,Actividad,T,22,"Índice de Horas Trabajadas (IHT) (revisado). Curtido y terminacion de cueros, fabricacion de articulos de marroquinería, talabarteria y calzado. Variaciones trimestrales, Trimestrales. | Índice de Horas Trabajadas (IHT) (revisado). Edicion e impresion, reproduccion y gravaciones. Variaciones trimestrales, Trimestrales. | Variaciones trimestrales Índice de Horas Trabajadas (IHT) (revisado). Elaboracion de productos alimenticios y bebidas. Variaciones trimestrales, Trimestrales. | Variaciones trimestrales Índice de Horas Trabajadas (IHT) (revisado). Elaboracion de productos con tabaco. Variaciones trimestrales, Trimestrales. | Índice de Horas Trabajadas (IHT) (revisado). Fabricacion de coque, productos de la refinacion del petroleo, combustibles y productos nucleares. Variaciones trimestrales, Trimestrales.",20.2_CTCFAMTCSP_1997_0_53 | 20.2_EIRG_1997_0_42 | 20.2_EPAB_1997_0_42 | 20.2_EPT_1997_0_28 | 20.2_FCPRPCN_1997_0_53
Índices de Obreros Ocupados (IOO) (Revisado). Variación interanual.,Variación Porcentual,Actividad,T,22,"Índice de Salarios por Obrero (ISO) (revisado). Curtido y terminación de cueros, fabricación de articulos de marroquinería, talabarteria y calzado. Variaciones interanuales, Trimestrales. | Índice de Salarios por Obrero (ISO) (revisado). Edición e impresión, reproducción y gravaciones. Variaciones interanuales, Trimestrales. | Variaciones interanuales Índice de Salarios por Obrero (ISO) (revisado). Elaboración de productos alimenticios y bebidas. Variaciones interanuales, Trimestrales. | Variaciones interanuales Índice de Salarios por Obrero (ISO) (revisado). Elaboración de productos con tabaco. Variaciones interanuales, Trimestrales. | Índice de Salarios por Obrero (ISO) (revisado). Fabricación de coque, productos de la refinación del petroleo, combustibles y productos nucleares. Variaciones interanuales, Trimestrales.",19.1_CTCFAMTCSP_1997_0_53 | 19.1_EIRG_1997_0_42 | 19.1_EPAB_1997_0_42 | 19.1_EPT_1997_0_28 | 19.1_FCPRPCN_1997_0_53
Índices de Obreros Ocupados (IOO) (Revisado). Variación trimestral.,Variación Porcentual,Actividad,T,22,"Índice de Salarios por Obrero (ISO) (revisado). Curtido y terminacion de cueros, fabricacion de articulos de marroquinería, talabarteria y calzado. Variaciones trimestrales, Trimestrales. | Índice de Salarios por Obrero (ISO) (revisado). Edicion e impresion, reproduccion y gravaciones. Variaciones trimestrales, Trimestrales. | Variaciones trimestrales Índice de Salarios por Obrero (ISO) (revisado). Elaboracion de productos alimenticios y bebidas. Variaciones trimestrales, Trimestrales. | Variaciones trimestrales Índice de Salarios por Obrero (ISO) (revisado). Elaboracion de productos con tabaco. Variaciones trimestrales, Trimestrales. | Índice de Salarios por Obrero (ISO) (revisado). Fabricacion de coque, productos de la refinacion del petroleo, combustibles y productos nucleares. Variaciones trimestrales, Trimestrales.",19.2_CTCFAMTCSP_1997_0_55 | 19.2_EIRG_1997_0_42 | 19.2_EPAB_1997_0_42 | 19.2_EPT_1997_0_28 | 19.2_FCPRPCN_1997_0_53
"Exportaciones por sector de actividad, saldo comercial y rangos de exportación de la empresa exportadora. Datos mensuales",En porcentaje,Sector Externo,M,21,Índice de difusión por rango de exportación Exportan > USD 1 M | Índice de difusión por rango de exportación Exportan < USD 1 M | Índice de difusión por rango de exportación Mayor a 500M | Índice de difusión por rango de exportación Entre USD 20M y USD 100M | Índice de difusión por rango de exportación Entre USD 100M y USD 500M,362.1_INDICE_DE_1_M__41 | 362.1_INDICE_DE_1_M__44 | 362.1_INDICE_DIF00M_PW2__50 | 362.1_INDICE_DIF00M__50 | 362.1_INDICE_DIF00M__53
Flujos de Inversión Extranjera Directa por sector. Valores trimestrales,Millones de dólares,Sector Externo,T,21,"De flujos de inversión extranjera de actividades administrativas y servicios de apoyo | De flujos de inversión extranjera de agricultura, ganadería, caza, silvicultura y pesca | De flujos de inversión extranjera de comercio al por mayor y al por menor; reparación de vehículos automotores y motocicletas | De flujos de inversión extranjera de construcción | De flujos de inversión extranjera de enseñanza",317.1_ACTIVIDADEOYO_0_T_43 | 317.1_AGRICULTURSCA_0_T_45 | 317.1_COMERCIO_PTAS_0_T_57 | 317.1_CONSTRUCCIION_0_T_12 | 317.1_ENSENIANZANZA_0_T_10
Ingreso de la inversión extranjera directa por sector. Valores trimestrales,Millones de dólares,Sector Externo,T,21,"De ingreso de inversión extranjera directa en actividades administrativas y servicios de apoyo | De ingreso de inversión extranjera directa en agricultura, ganadería, caza, silvicultura y pesca | De ingreso de inversión extranjera directa en comercio al por mayor y al por menor; reparación de vehículos automotores y motocicletas | De ingreso de inversión extranjera directa en construcción | De ingreso de inversión extranjera directa en enseñanza",318.1_ACTIVIDADEOYO_0_T_43 | 318.1_AGRICULTURSCA_0_T_45 | 318.1_COMERCIO_PTAS_0_T_57 | 318.1_CONSTRUCCIION_0_T_12 | 318.1_ENSENIANZANZA_0_T_10
"Ingreso nacional, ahorro nacional, ahorro externo y ahorro interno a precios constantes. Valores anuales",Millones de pesos,Actividad,A,21,Ahorro interno bruto real: Anual a precios constantes | Ahorro nacional bruto real: Anual a precios constantes | Ahorro real del resto del mundo: Anual a precios constantes | Bienes: Anual a precios constantes | Discrepancia estadística y variación real de existencias: Anual a precios constantes,28.1_AAIBR_0_A_27 | 28.1_AANBR_0_A_28 | 28.1_AARRM_0_A_25 | 28.1_AB_0_A_8 | 28.1_ADEVRE_0_A_53
Producto Interno Bruto. Precios corrientes. Base 1993. Valores anuales.,Millones de pesos,Actividad,A,21,"Valor agregado bruto anual a precios de productor, de agricultura ganaderia caza y silvicultura en pesos corrientes | Valor agregado bruto anual a precios de productor de actividades inmobiliarias empresariales y de alquiler en pesos corrientes | Valor agregado bruto anual a precios de productor de administración pública y defensa en pesos corrientes | Valor agregado bruto anual a precios de productor de comercio mayorista y minorista y reparaciones en pesos corrientes | Valor agregado bruto anual a precios de productor de construcción en pesos corrientes",7.1_AGCS_1993_A_39 | 7.1_AIEA_1993_A_48 | 7.1_APD_1993_A_30 | 7.1_CMMR_1993_A_41 | 7.1_C_1993_A_12
Producto Interno Bruto. Precios corrientes. Base 1993. Valores trimestrales.,Millones de pesos,Actividad,T,21,"Valor agregado bruto trimestral a precios de productor, de agricultura ganaderia caza y silvicultura en pesos corrientes | Valor agregado bruto trimestral a precios de productor de actividades inmobiliarias empresariales y de alquiler en pesos corrientes | Valor agregado bruto trimestral a precios de productor de administración pública y defensa en pesos corrientes | Valor agregado bruto trimestral a precios de productor de comercio mayorista y minorista y reparaciones en pesos corrientes | Valor agregado bruto trimestral a precios de productor de construcción en pesos corrientes",7.2_AGCS_1993_T_39 | 7.2_AIEA_1993_T_48 | 7.2_APD_1993_T_30 | 7.2_CMMR_1993_T_41 | 7.2_C_1993_T_12
Salarios básicos de convenio del oficial de la industria manufacturera. Base 1960. Valores anuales,Índice,Empleo e Ingresos,A,21,Salario del sector alimentacion | Salario del sector calzado | Salario del sector carne | Salario del sector caucho | Salario del sector ceramistas,354.1_ALIMENTACIION__12 | 354.1_CALZADOADO__7 | 354.1_CARNERNE__5 | 354.1_CAUCHOCHO__6 | 354.1_CERAMISTASTAS__10
Salarios básicos de convenio del oficial de la industria manufacturera. Base 1960. Valores trimestrales,Índice,Empleo e Ingresos,T,21,Salario del sector alimentacion | Salario del sector calzado | Salario del sector carne | Salario del sector caucho | Salario del sector ceramistas,354.2_ALIMENTACIION__12 | 354.2_CALZADOADO__7 | 354.2_CARNERNE__5 | 354.2_CAUCHOCHO__6 | 354.2_CERAMISTASTAS__10
Salarios básicos de convenio del peón de la industria manufacturera. Base 1960. Valores anuales,Índice,Empleo e Ingresos,A,21,Salario del sector alimentacion | Salario del sector calzado | Salario del sector carne | Salario del sector caucho | Salario del sector ceramistas,353.1_ALIMENTACIION__12 | 353.1_CALZADOADO__7 | 353.1_CARNERNE__5 | 353.1_CAUCHOCHO__6 | 353.1_CERAMISTASTAS__10
Salarios básicos de convenio del peón de la industria manufacturera. Base 1960. Valores trimestrales,Índice,Empleo e Ingresos,T,21,Salario del sector alimentacion | Salario del sector calzado | Salario del sector carne | Salario del sector caucho | Salario del sector ceramistas,353.2_ALIMENTACIION__12 | 353.2_CALZADOADO__7 | 353.2_CARNERNE__5 | 353.2_CAUCHOCHO__6 | 353.2_CERAMISTASTAS__10
Stock de Inversión Extranjera Directa por sector. Valores semestrales,Millones de dólares,Sector Externo,S,21,"De stock de inversión extranjera directa de actividades administrativas y servicios de apoyo | De stock de inversión extranjera directa de agricultura, ganadería, caza, silvicultura y pesca | De stock de inversión extranjera directa de comercio al por mayor y al por menor; reparación de vehículos automotores y motocicletas | De stock de inversión extranjera directa de construcción | De stock de inversión extranjera directa de enseñanza",316.1_ACTIVIDADEOYO_0_S_43 | 316.1_AGRICULTURSCA_0_S_45 | 316.1_COMERCIO_PTAS_0_S_57 | 316.1_CONSTRUCCIION_0_S_12 | 316.1_ENSENIANZANZA_0_S_10
Títulos Públicos de Deuda. Merval,Dólares,Mercados Financieros,D,21,Bono de la Nación Argentina Bonar 2025 - A2E2. Cotización | Bono de la Nación Argentina Bonar 2025 - A2E3. Cotización | Bono de la Nación Argentina Bonar 2027 - A2E7. Cotización | Bono de la Nación Argentina Bonar 2028 - A2E8. Cotización | Bono de la Nación Argentina Bonar 2025 - AA19. Cotización,179.1_A2E2_COTIZION_0_0_15 | 179.1_A2E3_COTIZION_0_0_15_82 | 179.1_A2E7_COTIZION_0_0_15 | 179.1_A2E8_COTIZION_0_0_15_81 | 179.1_AA19_COTIZION_0_0_15
Valor agregado bruto sectorial a precios de productor. Base 1993. Datos Trimestrales,Millones de pesos a precios de 1993,Actividad,T,21,"Valor agregado bruto trimestral a precios de productor, de agricultura ganaderia caza y silvicultura en pesos de 1993 | Valor agregado bruto trimestral a precios de productor, de actividades inmobiliarias empresariales y de alquiler en pesos de 1993 | Valor agregado bruto trimestral a precios de productor, de administracion publica y defensa en pesos de 1993 | Valor agregado bruto trimestral a precios de productor, de comercio mayorista y minorista y reparaciones en pesos de 1993 | Valor agregado bruto trimestral a precios de productor, de construccion en pesos de 1993",5.2_AGCS_1993_T_39 | 5.2_AIEA_1993_T_48 | 5.2_APD_1993_T_30 | 5.2_CMMR_1993_T_41 | 5.2_C_1993_T_12
"Ventas totales en supermercados a valores corrientes y constantes y evolución por canal de venta, medio de pago y grupos de artículos",Miles de pesos,Actividad,M,21,Ventas supermercados. Alimentos preparados y rotisería | Ventas supermercados. Almacén | Ventas supermercados. Artículos  de limpieza y perfumería | Ventas supermercados. Bebidas | Ventas supermercados. Canales On-line,455.1_ALIMENTOS_RIA_0_M_30_74 | 455.1_ALMACENCEN_0_M_7_95 | 455.1_ARTICULOS_RIA_0_M_29_41 | 455.1_BEBIDASDAS_0_M_7_9 | 455.1_CANALES_ONINE_0_M_15_84
Índice de precios implícitos del Valor Agregado Bruto. Base 1993. Valores anuales,Índice 1993=100,Actividad,A,21,"Índice de precios implícitos a precios de productor, de agricultura ganaderia caza y silvicultura | Índice de precios implícitos a precios de productor, de actividades inmobiliarias empresariales y de alquiler | Índice de precios implícitos a precios de productor, de administracion publica y defensa | Índice de precios implícitos a precios de productor, de comercio mayorista y minorista y reparaciones | Índice de precios implícitos a precios de productor, de construccion",22.1_AGCS_1993_A_39 | 22.1_AIEA_1993_A_48 | 22.1_APD_1993_A_30 | 22.1_CMMR_1993_A_41 | 22.1_C_1993_A_12
Índice de precios implícitos del Valor Agregado Bruto. Base 1993. Valores trimestrales,Índice 1993=100,Actividad,T,21,"Índice de precios implícitos a precios de productor, de agricultura ganaderia caza y silvicultura | Índice de precios implícitos a precios de productor, de actividades inmobiliarias empresariales y de alquiler | Índice de precios implícitos a precios de productor, de administracion publica y defensa | Índice de precios implícitos a precios de productor, de comercio mayorista y minorista y reparaciones | Índice de precios implícitos a precios de productor, de construccion",22.2_AGCS_1993_T_39 | 22.2_AIEA_1993_T_48 | 22.2_APD_1993_T_30 | 22.2_CMMR_1993_T_41 | 22.2_C_1993_T_12
"Índices de valor, precios y cantidad de las importaciones de bienes. Valores anuales",Índice 2004=100,Sector Externo,A,21,Índice de cantidad de importaciones. Bienes de capital | Índice de cantidad de importaciones. Bienes de consumo | Índice de cantidad de importaciones. Bienes intermedios | Índice de cantidad de importaciones. Combustibles y lubricantes | Índice de cantidad de importaciones. Nivel general,81.1_IICIBCA_0_A_48 | 81.1_IICIBC_0_A_48 | 81.1_IICIBI_0_A_52 | 81.1_IICICL_0_A_58 | 81.1_IICING_0_A_47
"Índices de valor, precios y cantidad de las importaciones de bienes. Valores trimestrales",Índice 2004=100,Sector Externo,T,21,Índice de cantidad de importaciones. Bienes de capital | Índice de cantidad de importaciones. Bienes de consumo | Índice de cantidad de importaciones. Bienes intermedios | Índice de cantidad de importaciones. Combustibles y lubricantes | Índice de cantidad de importaciones. Nivel general,81.2_IICIBCA_0_T_48 | 81.2_IICIBC_0_T_48 | 81.2_IICIBI_0_T_52 | 81.2_IICICL_0_T_58 | 81.2_IICING_0_T_47
Datos históricos de la industria automotriz. Datos anuales,Unidades,Actividad,A,20,Históricos de la exportaciones categoria b | Históricos de la exportaciones utilitarios | Históricos de la exportaciones automoviles | Históricos de la exportaciones resto | Históricos de la produccion categoria b,330.1_EXPORTACIOA_B__25 | 330.1_EXPORTACIOIOS__25 | 330.1_EXPORTACIOLES__25 | 330.1_EXPORTACIOSTO__19 | 330.1_PRODUCCIONA_B__22
Datos históricos de la industria automotriz. Datos menuales,Unidades,Actividad,M,20,Históricos de la exportaciones categoria b | Históricos de la exportaciones utilitarios | Históricos de la exportaciones automoviles | Históricos de la exportaciones resto | Históricos de la produccion categoria b,330.3_EXPORTACIOA_B__25 | 330.3_EXPORTACIOIOS__25 | 330.3_EXPORTACIOLES__25 | 330.3_EXPORTACIOSTO__19 | 330.3_PRODUCCIONA_B__22
Datos históricos de la industria automotriz. Datos trimestrales,Unidades,Actividad,T,20,Históricos de la exportaciones categoria b | Históricos de la exportaciones utilitarios | Históricos de la exportaciones automoviles | Históricos de la exportaciones resto | Históricos de la produccion categoria b,330.2_EXPORTACIOA_B__25 | 330.2_EXPORTACIOIOS__25 | 330.2_EXPORTACIOLES__25 | 330.2_EXPORTACIOSTO__19 | 330.2_PRODUCCIONA_B__22
Evolución de la tasa de asalarizacion. EPH Continua. Por regiones y tamaño.Valores trimestrales. En %,Porcentaje,Empleo e Ingresos,T,20,Evolución de la tasa de asalariados sin descuento jubilatorio. EPH Continua. Trimestral.Region Pampeana. | Evolución de la tasa de asalariados sin descuento jubilatorio. EPH Continua. Trimestral. Gran Buenos Aires | Evolución de la tasa de asalariados sin descuento jubilatorio. EPH Continua. Trimestral. Aglomeradosde mas de 500.000 habitantes . | Evolución de la tasa de asalariados sin descuento jubilatorio. EPH Continua. Trimestral. Aglomeradosde menos de 500.000 habitantes . | Evolución de la tasa de asalariados sin descuento jubilatorio. EPH Continua. Trimestral.Region Patagonia .,303.1_ASALARIADOANA_0_T_58 | 303.1_ASALARIADOGBA_0_T_53 | 303.1_ASALARIADOHAB_0_T_48 | 303.1_ASALARIADOHAB_0_T_50 | 303.1_ASALARIADONIA_0_T_59
Ex Cajas Provinciales. Valores anuales 2017,Millones de pesos,Finanzas Públicas,A,20,Gastos antes de figurativos . Metodología 2017 | Gastos corrientes transferencias corrientes al sector privado total sector privado . Metodología 2017 | Total gastos corrientes . Metodología 2017 | Gastos corrientes prestaciones de la seguridad social . Metodología 2017 | Gastos despues de figurativos . Metodología 2017,377.3_GTOS_ANTES017__27_28 | 377.3_GTOS_CORR_017_0_A_50_48 | 377.3_GTOS_CORR_017__14_78 | 377.3_GTOS_CORR_017__35_65 | 377.3_GTOS_DESPU017__29_87
Finanzas Públicas. Cuenta A.I.F. - Base devengado. Instituciones de Seguridad Social (1961-1976),Variación Porcentual,Finanzas Públicas,A,20,Ahorro | Aumentos Pasivos Financiento netos | Erogaciones corrientes . Total erogaciones corrientes | Erogaciones corrientes . Transferencias ctes y de capital . Otras | Erogaciones corrientes . Transferencias ctes y de capital . Pasividades,435.1_AHORRORRO_DEVE_0_6_66 | 435.1_AUM_PAS_FITOS_DEVE_0_17_72 | 435.1_EROG_CORR_ORR_DEVE_0_25_43 | 435.1_EROG_CORR_RAS_DEVE_0_28_23 | 435.1_EROG_CORR_SIV_DEVE_0_28_41
Producción de la Industria manufacturera. Valores anuales,Miles de unidades,Actividad,M,20,Acondicionadores de aire para auto en Miles de Unidades | Acondicionadores de aire en Miles de Unidades | Artículos sanitarios de cerámica ( en Miles de piezas | Autorradios en Miles de Unidades | Calefactores y estufas en Miles de Unidades,41.3_AAP_0_A_29 | 41.3_AA_0_A_21 | 41.3_ASC_0_A_29 | 41.3_A_0_A_11 | 41.3_CE_0_A_20
Producción de la Industria manufacturera. Valores mensuales,Miles de toneladas,Actividad,A,20,Acero Crudo en Miles de Toneladas | Aluminio Primario en Miles de Toneladas | Aceites Vegetales en Miles de Toneladas | Asfalto en Miles de Toneladas | Aguarrás en Miles de Toneladas,41.1_ACS45Y_0_M_11 | 41.1_AP_0_M_17 | 41.1_AV_0_M_17 | 41.1_A_0_M_7 | 41.1_A_0_M_8
Producción de la Industria manufacturera. Valores trimestrales,Miles de unidades,Actividad,T,20,Acondicionadores de aire para auto en Miles de Unidades | Acondicionadores de aire en Miles de Unidades | Artículos sanitarios de cerámica ( en Miles de piezas | Autorradios en Miles de Unidades | Calefactores y estufas en Miles de Unidades,41.2_AAP_0_T_29 | 41.2_AA_0_T_21 | 41.2_ASC_0_T_29 | 41.2_A_0_T_11 | 41.2_CE_0_T_20
Valor agregado bruto sectorial a precios de productor. Base 1993. Datos Anuales,Millones de pesos a precios de 1993,Actividad,A,20,"Valor agregado bruto anual a precios de productor, de agricultura ganaderia caza y silvicultura en pesos de 1993 | Valor agregado bruto anual a precios de productor, de actividades inmobiliarias empresariales y de alquiler en pesos de 1993 | Valor agregado bruto anual a precios de productor, de administracion publica y defensa en pesos de 1993 | Valor agregado bruto anual a precios de productor, de comercio mayorista y minorista y reparaciones en pesos de 1993 | Valor agregado bruto anual a precios de productor, de construccion en pesos de 1993",5.1_AGCS_1993_A_39 | 5.1_AIEA_1993_A_48 | 5.1_APD_1993_A_30 | 5.1_CMMR_1993_A_41 | 5.1_C_1993_A_12
"Ventas totales en autoservicios mayoristas a valores corrientes y constantes y evolución por canal de venta, medio de pago y grupos de artículos",Miles de pesos,Actividad,M,20,Autoservicios mayoristas. Almacén | Autoservicios mayoristas. Artículos  de limpieza y perfumería | Autoservicios mayoristas. Bebidas | Autoservicios mayoristas. Canales On-line | Autoservicios mayoristas. Carnes,456.1_ALMACENCEN_0_M_7_96 | 456.1_ARTICULOS_RIA_0_M_29_2 | 456.1_BEBIDASDAS_0_M_7_58 | 456.1_CANALES_ONINE_0_M_15_77 | 456.1_CARNESNES_0_M_6_86
Índice de precios implícitos de la Oferta y Demanda Globales por componente. Base 2004. Valores anuales,Índice 2004=100,Precios,A,20,Índice de Precios Implícitosdel Consumo Público. Base 2004. Anual | Índice de Precios Implícitosde las Exportaciones. Base 2004. Anual | Índice de Precios Implícitosde la Inversión en Construcciones. Base 2004. Anual | Índice de Precios Implícitosde la Inversión en Equipos Durables de Producción Importados. Base 2004. Anual | Índice de Precios Implícitosde la Inversión en Maquinaria y Equipo Impotado. Base 2004. Anual,113.1_IDGCP_2004_A_34 | 113.1_IDGE_2004_A_30 | 113.1_IDGIC_2004_A_36 | 113.1_IDGIEDPI_2004_A_59 | 113.1_IDGIEDPMEI_2004_A_59
Índice de precios implícitos de la Oferta y Demanda Globales por componente. Base 2004. Valores trimestrales,Índice 2004=100,Precios,T,20,Índice de Precios Implícitosdel Consumo Público. Base 2004. Trimestral | Índice de Precios Implícitosde las Exportaciones. Base 2004. Trimestral | Índice de Precios Implícitosde la Inversión en Construcciones. Base 2004. Trimestral | Índice de Precios Implícitosde la Inversión en Equipos Durables de Producción Importados. Base 2004. Trimestral | Índice de Precios Implícitosde la Inversión en Maquinaria y Equipo Impotado. Base 2004. Trimestral,113.2_IDGCP_2004_T_34 | 113.2_IDGE_2004_T_30 | 113.2_IDGIC_2004_T_36 | 113.2_IDGIEDPI_2004_T_59 | 113.2_IDGIEDPMEI_2004_T_59
Índice de precios implícitos de la Oferta y Demanda Globales. Base 2004. Valores anuales,Índice 2004=100,Actividad,A,20,Índice de precios implícitos de demanda global consumo privado | Índice de precios implícitos de demanda global consumo publico | Índice de precios implícitos de demanda global exportacion | Índice de precios implícitos de demanda global ibif construccion | Índice de precios implícitos de demanda global ibif equipo durable produccion importado,25.1_DGCP_2004_A_27 | 25.1_DGCP_2004_A_30 | 25.1_DGE_2004_A_26 | 25.1_DGIC_2004_A_32 | 25.1_DGIEDPI_2004_A_55
Índice de precios implícitos de la Oferta y Demanda Globales. Base 2004. Valores trimestrales,Índice 2004=100,Actividad,T,20,Índice de precios implícitos de demanda global consumo privado | Índice de precios implícitos de demanda global consumo publico | Índice de precios implícitos de demanda global exportacion | Índice de precios implícitos de demanda global ibif construccion | Índice de precios implícitos de demanda global ibif equipo durable produccion importado,25.2_DGCP_2004_T_27 | 25.2_DGCP_2004_T_30 | 25.2_DGE_2004_T_26 | 25.2_DGIC_2004_T_32 | 25.2_DGIEDPI_2004_T_55
Datos producción y  Consumo de Gas Natural,En millones de metros cúbicos,Actividad,A,19,Camuzzi Gas Pampeana | Camuzzi Gas del Sur | Centrales Eléctricas | Comercial | Distrib. Gas Cuyana ECOGAS,364.1_CAMUZZI_GAANA__20 | 364.1_CAMUZZI_GASUR__19 | 364.1_CENTRALES_CAS__20 | 364.1_COMERCIALIAL__9 | 364.1_DISTRIB._GGAS__26
Datos producción y  Consumo de Gas Natural,En millones de metros cúbicos,Actividad,M,19,Camuzzi Gas Pampeana | Camuzzi Gas del Sur | Centrales Eléctricas | Comercial | Distrib. Gas Cuyana ECOGAS,364.3_CAMUZZI_GAANA__20 | 364.3_CAMUZZI_GASUR__19 | 364.3_CENTRALES_CAS__20 | 364.3_COMERCIALIAL__9 | 364.3_DISTRIB._GGAS__26
Datos producción y  Consumo de Gas Natural,En millones de metros cúbicos,Actividad,T,19,Camuzzi Gas Pampeana | Camuzzi Gas del Sur | Centrales Eléctricas | Comercial | Distrib. Gas Cuyana ECOGAS,364.2_CAMUZZI_GAANA__20 | 364.2_CAMUZZI_GASUR__19 | 364.2_CENTRALES_CAS__20 | 364.2_COMERCIALIAL__9 | 364.2_DISTRIB_GGAS__26
Datos producción y ventas por empresa,Metros Cúbicos,Actividad,A,19,"Producción de Petróleo Crudo SINOPEC ARGENTINA EXPLORATION AND PRODUCTION, INC. (ex OCCIDENTAL) | Producción de Petróleo Crudo PAN AMERICAN ENERGY LLC | Producción de Petróleo Crudo CHEVRON ARGENTINA S.R.L. | Producción de Petróleo Crudo YPF S.A. | Producción de Petróleo Crudo TECPETROL S.A.",365.1_PRODUCCIONINA__46 | 365.1_PRODUCCIONLLC__52 | 365.1_PRODUCCIONSRL__50 | 365.1_PRODUCCION_SA__35 | 365.1_PRODUCCION_SA__41
Datos producción y ventas por empresa,Metros Cúbicos,Actividad,M,19,"Producción de Petróleo Crudo SINOPEC ARGENTINA EXPLORATION AND PRODUCTION, INC. (ex OCCIDENTAL) | Producción de Petróleo Crudo PAN AMERICAN ENERGY LLC | Producción de Petróleo Crudo CHEVRON ARGENTINA S.R.L. | Producción de Petróleo Crudo YPF S.A. | Producción de Petróleo Crudo TECPETROL S.A.",365.3_PRODUCCIONINA__46 | 365.3_PRODUCCIONLLC__52 | 365.3_PRODUCCIONSRL__50 | 365.3_PRODUCCION_SA__35 | 365.3_PRODUCCION_SA__41
Datos producción y ventas por empresa,Metros Cúbicos,Actividad,T,19,"Producción de Petróleo Crudo SINOPEC ARGENTINA EXPLORATION AND PRODUCTION, INC. (ex OCCIDENTAL) | Producción de Petróleo Crudo PAN AMERICAN ENERGY LLC | Producción de Petróleo Crudo CHEVRON ARGENTINA S.R.L. | Producción de Petróleo Crudo YPF S.A. | Producción de Petróleo Crudo TECPETROL S.A.",365.2_PRODUCCIONINA__46 | 365.2_PRODUCCIONLLC__52 | 365.2_PRODUCCIONSRL__50 | 365.2_PRODUCCION_SA__35 | 365.2_PRODUCCION_SA__41
Evolución del sector agropecuario. Valores por campaña,Hectáreas,Actividad,A,19,Indicadores de evolución del sector agropecuario. Superficie sembrada de algodón en hectáreas | Indicadores de evolución del sector agropecuario. Superficie sembrada de alpiste en hectáreas | Indicadores de evolución del sector agropecuario. Superficie sembrada de arroz en hectáreas | Indicadores de evolución del sector agropecuario. Superficie sembrada de avena en hectáreas | Indicadores de evolución del sector agropecuario. Superficie sembrada de cebada cervecera en hectáreas,34.1_AHALG_0_P_17 | 34.1_AHALP_0_P_18 | 34.1_AHARR_0_P_15 | 34.1_AHAVE_0_P_15 | 34.1_CCHCEB_0_P_26
Oferta y Demanda Global. Precios constantes. Base 1993. Valores anuales.,Millones de pesos a precios de 1993,Actividad,A,19,"Discrepancia estadistica y variacion de existencia, en millones de pesos de 1993 y Anual. | Consumo privado, en millones de pesos de 1993 y Anual. | Consumo publico, en millones de pesos de 1993 y Anual. | Exportaciones, en millones de pesos de 1993 y Anual. | Inversion bruta interna fija en construccion, en millones de pesos de 1993 y Anual.",2.1_DEVE_1993_A_46 | 2.1_DGCP_1993_A_27 | 2.1_DGCP_1993_A_30 | 2.1_DGE_1993_A_26 | 2.1_DGIC_1993_A_32
Oferta y Demanda Global. Precios constantes. Base 1993. Valores trimestrales.,Millones de pesos a precios de 1993,Actividad,T,19,"Discrepancia estadistica y variacion de existencia, en millones de pesos de 1993 y Trimestral. | Consumo privado, en millones de pesos de 1993 y Trimestral. | Consumo publico, en millones de pesos de 1993 y Trimestral. | Exportaciones, en millones de pesos de 1993 y Trimestral. | Inversion bruta interna fija en construccion, en millones de pesos de 1993 y Trimestral.",2.2_DEVE_1993_T_46 | 2.2_DGCP_1993_T_27 | 2.2_DGCP_1993_T_30 | 2.2_DGE_1993_T_26 | 2.2_DGIC_1993_T_32
Oferta y Demanda Global. Precios corrientes. Base 1993. Valores anuales,Millones de pesos,Actividad,A,19,"Discrepancia estadistica y variacion de existencia, en millones de pesos corrientes y Anual [Base 1993]. | Consumo privado, en millones de pesos corrientes y Anual [Base 1993]. | Consumo publico, en millones de pesos corrientes y Anual [Base 1993]. | Exportaciones, en millones de pesos corrientes y Anual [Base 1993]. | Inversion bruta interna fija en construccion, en millones de pesos corrientes y Anual [Base 1993].",2.3_DEVE_1993_A_46 | 2.3_DGCP_1993_A_27 | 2.3_DGCP_1993_A_30 | 2.3_DGE_1993_A_26 | 2.3_DGIC_1993_A_32
Oferta y Demanda Global. Precios corrientes. Base 1993. Valores trimestrales,Millones de pesos,Actividad,T,19,"Discrepancia estadistica y variacion de existencia, en millones de pesos corrientes y Trimestral [Base 1993]. | Consumo privado, en millones de pesos corrientes y Trimestral [Base 1993]. | Consumo publico, en millones de pesos corrientes y Trimestral [Base 1993]. | Exportaciones, en millones de pesos corrientes y Trimestral [Base 1993]. | Inversion bruta interna fija en construccion, en millones de pesos corrientes y Trimestral [Base 1993].",2.4_DEVE_1993_T_46 | 2.4_DGCP_1993_T_27 | 2.4_DGCP_1993_T_30 | 2.4_DGE_1993_T_26 | 2.4_DGIC_1993_T_32
Stock deuda externa privada. Valores trimestrales,Millones de dólares,Sector Externo,T,19,Stock deuda externa privada por anticipos prefinanciacion bienes | Stock deuda externa privada de comercio y servicios | Stock deuda externa privada de comercio y lineas de crédito | Stock deuda externa privada financiera y otras deudas | Stock deuda externa privada financiera por utilidades y dividendos,313.1_ANTICIPOS_NES_0_T_32 | 313.1_DEUDA_COMEIOS_0_T_25 | 313.1_DEUDA_COMEITO_0_T_30 | 313.1_DEUDA_FINADAS_0_T_29 | 313.1_DEUDA_FINADOS_0_T_42
Turismo receptivo y emisivo. Aeropuerto Internacional de Ezeiza y Aeroparque Jorge Newbery en miles de personas. Valores anuales,Miles de pasajeros,Sector Externo,A,19,Saldo en miles de pasajeros | Turismo emisivo estados unidos canada | Turismo emisivo resto america | Turismo emisivo chile | Turismo emisivo de Aeropuerto Internacional de Ezeiza y Aeroparque Jorge Newbery,322.1_SALDOLDO__5 | 322.1_TURISMO_EMADA__37_50 | 322.1_TURISMO_EMICA__29_40 | 322.1_TURISMO_EMILE__21_61 | 322.1_TURISMO_EMIVO__15
Ex Cajas Provinciales. Valores mensuales 1993-2006,Millones de pesos,Finanzas Públicas,M,18,Aplicaciones financieras inversión financiera . Metodología 1993 - 2006 | Fuentes financieras endeudamiento público e incremento de otros pasivos incremento otros pasivos . Metodología 1993 - 2006 | Gastos antes de figurativos . Metodología 1993 - 2006 | Gastos corrientes transferencias corrientes al sector privado total sector privado . Metodología 1993 - 2006 | Total gastos corrientes . Metodología 1993 - 2006,377.7_AP_FIN_CIN006__25_48 | 377.7_FTES_FIN_E006_0_M_54_55 | 377.7_GTOS_ANTES006__32_21 | 377.7_GTOS_CORR_006_0_M_55_58 | 377.7_GTOS_CORR_006__19_99
Ex Cajas Provinciales. Valores mensuales 2007-2014,Millones de pesos,Finanzas Públicas,M,18,Aplicaciones financieras inversión financiera . Metodología 2007 - 2014 | Fuentes financieras endeudamiento público e incremento de otros pasivos incremento otros pasivos . Metodología 2007 - 2014 | Gastos antes de figurativos . Metodología 2007 - 2014 | Gastos corrientes transferencias corrientes al sector privado total sector privado . Metodología 2007 - 2014 | Total gastos corrientes . Metodología 2007 - 2014,377.8_AP_FIN_CIN014__25_96 | 377.8_FTES_FIN_E014_0_M_54_66 | 377.8_GTOS_ANTES014__32_86 | 377.8_GTOS_CORR_014_0_M_55_88 | 377.8_GTOS_CORR_014__19_3
Factores de explicación de Base Monetaria. Datos diarios,En millones de pesos,Dinero y Bancos,D,18,Compras netas de divisas: Al Tesoro Nacional | Compras netas de divisas: Al Sector Privado | Compras netas de divisas: Total | Operaciones con LEFI | Otras Operaciones con el Tesoro Nacional: Transferencia de Utilidades,331.2_COMPRAS_NENAL__39 | 331.2_COMPRAS_NEROS__40 | 331.2_COMPRAS_NETAL__45 | 331.2_OPERACIONEEFI_D_MONE_0_20_54 | 331.2_OTRAS_OPERDES__39
Factores de explicación de Base Monetaria. Datos mensuales,En millones de pesos,Dinero y Bancos,M,18,Compras netas de divisas: Al Tesoro Nacional | Compras netas de divisas: Al Sector Privado | Compras netas de divisas: Total | Operaciones con LEFI | Otras Operaciones con el Tesoro Nacional: Transferencia de Utilidades,331.1_COMPRAS_NENAL__39 | 331.1_COMPRAS_NEROS__40 | 331.1_COMPRAS_NETAL__45 | 331.1_OPERACIONEEFI_M_MONE_0_20_18 | 331.1_OTRAS_OPERDES__39
Finanzas Públicas. Cuenta A.I.F. - Base devengado. Instituciones de Seguridad Social (1977-1986),Variación Porcentual,Finanzas Públicas,A,18,Ahorro | Aumentos Pasivos Financiento netos | Erogaciones corrientes . Total erogaciones corrientes | Erogaciones corrientes . Transferencias ctes y de capital . Pasividades | Financiamiento por contribuciones figurativas . De administración central,435.2_AHORRORRO_DEVE_0_6_3 | 435.2_AUM_PAS_FITOS_DEVE_0_17_68 | 435.2_EROG_CORR_ORR_DEVE_0_25_80 | 435.2_EROG_CORR_SIV_DEVE_0_28_80 | 435.2_FINAN_CONT_AC_DEVE_0_22_78
"Gasto Público del Gobierno Nacional en Política de Ingresos, por programa. Devengado anual en pesos corrientes",Millones de pesos,Finanzas Públicas,A,18,GPN en Argentina Trabaja. Devengado mensual . | GPN en Asignación Universal por Hijo para Protección Social. Devengado mensual . | GPN en Asignaciones Familiares. Devengado mensual | GPN en Becas (otorgadas por condición de vulnerabilidad). Devengado mensual. | GPN en Programa Jóvenes con Más y Mejor Trabajo. Devengado mensual .,186.1_ARGENTINA_AJA_0_0_17 | 186.1_ASIGNACIONIAL_0_0_43 | 186.1_ASIGNACIONRES_0_0_23 | 186.1_BECASCAS_0_0_5 | 186.1_JOVENES_MAAJO_0_0_25
"Gasto Público del Gobierno Nacional en Política de Ingresos, por programa. Devengado mensual en pesos corrientes",Millones de pesos,Finanzas Públicas,M,18,GPN en Argentina Trabaja. Devengado mensual . | GPN en Asignación Universal por Hijo para Protección Social. Devengado mensual . | GPN en Asignaciones Familiares. Devengado mensual | GPN en Becas (otorgadas por condición de vulnerabilidad). Devengado mensual. | GPN en Programa Jóvenes con Más y Mejor Trabajo. Devengado mensual .,186.3_ARGENTINA_AJA_0_0_17 | 186.3_ASIGNACIONIAL_0_0_43 | 186.3_ASIGNACIONRES_0_0_23 | 186.3_BECASCAS_0_0_5 | 186.3_JOVENES_MAAJO_0_0_25
"Gasto Público del Gobierno Nacional en Política de Ingresos, por programa. Devengado trimestral en pesos corrientes",Millones de pesos,Finanzas Públicas,T,18,GPN en Argentina Trabaja. Devengado mensual . | GPN en Asignación Universal por Hijo para Protección Social. Devengado mensual . | GPN en Asignaciones Familiares. Devengado mensual | GPN en Becas (otorgadas por condición de vulnerabilidad). Devengado mensual. | GPN en Programa Jóvenes con Más y Mejor Trabajo. Devengado mensual .,186.2_ARGENTINA_AJA_0_0_17 | 186.2_ASIGNACIONIAL_0_0_43 | 186.2_ASIGNACIONRES_0_0_23 | 186.2_BECASCAS_0_0_5 | 186.2_JOVENES_MAAJO_0_0_25
Principales variables ocupacionales. EPH continua. Valores trimestrales.,Porcentaje,Empleo e Ingresos,T,18,Tasa de empleo AIP. En porcentaje. | Tasa de actividad AIP. En porcentaje. | Tasa de desocupación AIP. En porcentaje. | Tasa de subocupación total en AIP. En porcentaje. | Tasa de subocupación total demandante en AIP. En porcentaje.,42.3_EPH_PUNTUAAIP_0_M_22 | 42.3_EPH_PUNTUAAIP_0_M_25 | 42.3_EPH_PUNTUAAIP_0_M_28 | 42.3_EPH_PUNTUAAIP_0_M_34 | 42.3_EPH_PUNTUAAIP_0_M_45
Principales variables ocupacionales. EPH puntual y continua. Valores anuales.,Porcentaje,Empleo e Ingresos,A,18,Tasa de actividad AIP. En porcentaje. EPH puntual desde 1982 hasta 2002. EPH continua desde 2003 en adelante. Valores anuales. | Tasa de actividad GBA. En porcentaje. EPH puntual desde 1982 hasta 2002. EPH continua desde 2003 en adelante. Valores anuales. | Tasa de actividad total. En porcentaje. EPH puntual desde 1982 hasta 2002. EPH continua desde 2003 en adelante. Valores anuales. | Tasa de desocupación AIP. En porcentaje. EPH puntual desde 1982 hasta 2002. EPH continua desde 2003 en adelante. Valores anuales. | Tasa de desocupación GBA. En porcentaje. EPH puntual desde 1982 hasta 2002. EPH continua desde 2003 en adelante. Valores anuales.,42.1_EPAA_0_A_25 | 42.1_EPAG_0_A_25 | 42.1_EPAT_0_A_27 | 42.1_EPDA_0_A_28 | 42.1_EPDG_0_A_28
Principales variables ocupacionales. EPH puntual. Valores mensuales.,Porcentaje,Empleo e Ingresos,S,18,Tasa de actividad AIP. En porcentaje. | Tasa de actividad GBA. En porcentaje. | Tasa de actividad total. En porcentaje. | Tasa de desocupación AIP. En porcentaje. | Tasa de desocupación GBA. En porcentaje.,42.2_EPAA_0_M_25 | 42.2_EPAG_0_M_25 | 42.2_EPAT_0_M_27 | 42.2_EPDA_0_M_28 | 42.2_EPDG_0_M_28
Índice de precios implícitos de la Oferta y Demanda Globales por componente. Base 1993. Valores anuales.,Índice 1993=100,Actividad,A,18,Índice de precios implícitos de demanda global consumo privado | Índice de precios implícitos de demanda global consumo publico | Índice de precios implícitos de demanda global exportacion | Índice de precios implícitos de demanda global ibif construccion | Índice de precios implícitos de demanda global ibif equipo durable produccion importado,24.1_DGCP_1993_A_27 | 24.1_DGCP_1993_A_30 | 24.1_DGE_1993_A_26 | 24.1_DGIC_1993_A_32 | 24.1_DGIEDPI_1993_A_55
Índice de precios implícitos de la Oferta y Demanda Globales por componente. Base 1993. Valores trimestrales,Índice 1993=100,Actividad,T,18,Índice de precios implícitos de demanda global consumo privado | Índice de precios implícitos de demanda global consumo publico | Índice de precios implícitos de demanda global exportacion | Índice de precios implícitos de demanda global ibif construccion | Índice de precios implícitos de demanda global ibif equipo durable produccion importado,24.2_DGCP_1993_T_27 | 24.2_DGCP_1993_T_30 | 24.2_DGE_1993_T_26 | 24.2_DGIC_1993_T_32 | 24.2_DGIEDPI_1993_T_55
Evolución del sector agropecuario. Valores por campaña,Toneladas,Actividad,A,17,Indicadores de evolución del sector agropecuario. Producción de algodón en toneladas | Indicadores de evolución del sector agropecuario. Producción de alpiste en toneladas | Indicadores de evolución del sector agropecuario. Producción de arroz en toneladas | Indicadores de evolución del sector agropecuario. Producción de avena en toneladas | Indicadores de evolución del sector agropecuario. Producción de cebada cervecera en toneladas,34.2_ATALG_0_P_19 | 34.2_ATALP_0_P_19 | 34.2_ATARR_0_P_17 | 34.2_ATAVE_0_P_17 | 34.2_CCTCEB_0_P_28
Ex Cajas Provinciales. Valores mensuales 2017,Millones de pesos,Finanzas Públicas,M,17,Aplicaciones financieras inversión financiera . Metodología 2017 | Fuentes financieras endeudamiento público e incremento de otros pasivos incremento otros pasivos . Metodología 2017 | Gastos antes de figurativos . Metodología 2017 | Gastos corrientes transferencias corrientes al sector privado total sector privado . Metodología 2017 | Total gastos corrientes . Metodología 2017,377.9_AP_FIN_CIN017__20_95 | 377.9_FTES_FIN_E017_0_M_49_78 | 377.9_GTOS_ANTES017__27_3 | 377.9_GTOS_CORR_017_0_M_50_66 | 377.9_GTOS_CORR_017__14_31
"Exportaciones por sector de actividad, saldo comercial y rangos de exportación de la empresa exportadora. Datos anuales",Miles metros cúbicos,Actividad,A,17,Petróleo Crudo Procesado | Producción de Butano | Producción de Propano | Producción de Aerokerosene | Producción de Mezclas IFO,363.1_PETROLEO_CADO__24 | 363.1_PRODUCCIONANO__20 | 363.1_PRODUCCIONANO__21 | 363.1_PRODUCCIONENE__26 | 363.1_PRODUCCIONIFO__25
"Exportaciones por sector de actividad, saldo comercial y rangos de exportación de la empresa exportadora. Datos mesuales",Miles metros cúbicos,Actividad,M,17,Petróleo Crudo Procesado | Producción de Butano | Producción de Propano | Producción de Aerokerosene | Producción de Mezclas IFO,363.3_PETROLEO_CADO__24 | 363.3_PRODUCCIONANO__20 | 363.3_PRODUCCIONANO__21 | 363.3_PRODUCCIONENE__26 | 363.3_PRODUCCIONIFO__25
"Exportaciones por sector de actividad, saldo comercial y rangos de exportación de la empresa exportadora. Datos trimestrales",Miles metros cúbicos,Actividad,T,17,Petróleo Crudo Procesado | Producción de Butano | Producción de Propano | Producción de Aerokerosene | Producción de Mezclas IFO,363.2_PETROLEO_CADO__24 | 363.2_PRODUCCIONANO__20 | 363.2_PRODUCCIONANO__21 | 363.2_PRODUCCIONENE__26 | 363.2_PRODUCCIONIFO__25
Finanzas Públicas. Cuenta A.I.F. - Base devengado. Instituciones de Seguridad Social (1987-1989),Variación Porcentual,Finanzas Públicas,A,17,Ahorro | Aumentos Pasivos Financiento netos | Erogaciones corrientes . Total erogaciones corrientes | Erogaciones corrientes . Transferencias ctes y de capital . Pasividades | Necesidad de financiamiento antes figurativas,435.3_AHORRORRO_DEVE_0_6_58 | 435.3_AUM_PAS_FITOS_DEVE_0_17_45 | 435.3_EROG_CORR_ORR_DEVE_0_25_4 | 435.3_EROG_CORR_SIV_DEVE_0_28_32 | 435.3_NECES_FINAGUR_DEVE_0_23_74
Finanzas Públicas. Cuenta A.I.F. - Base devengado. Instituciones de Seguridad Social (1990-1992),Variación Porcentual,Finanzas Públicas,A,17,Ahorro | Aumentos Pasivos Financiento netos | Erogaciones corrientes . Total erogaciones corrientes | Erogaciones corrientes . Transferencias ctes y de capital . Pasividades | Necesidad de financiamiento antes figurativas,435.4_AHORRORRO_DEVE_0_6_32 | 435.4_AUM_PAS_FITOS_DEVE_0_17_73 | 435.4_EROG_CORR_ORR_DEVE_0_25_11 | 435.4_EROG_CORR_SIV_DEVE_0_28_50 | 435.4_NECES_FINAGUR_DEVE_0_23_71
Intercambio Comercial Argentino. Valores anuales,Millones de dólares,Sector Externo,A,17,Importaciones de bienes de capital + importaciones de partes y piezas. En millones de dólares. | Importaciones de bienes de intermedios + importaciones de combustibles y lubricantes. En millones de dólares. | Exportación de combustibles y energía. En millones de dólares. | Exportaciones de manufacturas de origen agropecuario. En millone.s de dólares | Exportaciones de manufacturas de origen industrial. En millones d.e dólares,74.1_IBCPP_0_A_32 | 74.1_IBICL_0_A_47 | 74.1_IECE_0_A_35 | 74.1_IEMOA_0_A_48 | 74.1_IEMOI_0_A_46
Intercambio Comercial Argentino. Valores mensuales,Millones de dólares,Sector Externo,M,17,Importaciones de bienes de capital + importaciones de partes y piezas. En millones de dólares. | Importaciones de bienes de intermedios + importaciones de combustibles y lubricantes. En millones de dólares. | Exportación de combustibles y energía. En millones de dólares. | Exportaciones de manufacturas de origen agropecuario. En millone.s de dólares | Exportaciones de manufacturas de origen industrial. En millones d.e dólares,74.3_IBCPP_0_M_32 | 74.3_IBICL_0_M_47 | 74.3_IECE_0_M_35 | 74.3_IEMOA_0_M_48 | 74.3_IEMOI_0_M_46
Intercambio Comercial Argentino. Valores trimestrales,Millones de dólares,Sector Externo,T,17,Importaciones de bienes de capital + importaciones de partes y piezas. En millones de dólares. | Importaciones de bienes de intermedios + importaciones de combustibles y lubricantes. En millones de dólares. | Exportación de combustibles y energía. En millones de dólares. | Exportaciones de manufacturas de origen agropecuario. En millone.s de dólares | Exportaciones de manufacturas de origen industrial. En millones d.e dólares,74.2_IBCPP_0_T_32 | 74.2_IBICL_0_T_47 | 74.2_IECE_0_T_35 | 74.2_IEMOA_0_T_48 | 74.2_IEMOI_0_T_46
Préstamos a las entidades financieras sector privado,Millones de pesos,Dinero y Bancos,M,17,Préstamos al sector privado en pesos: consumo | Detalle préstamos al sector privado en pesos: garantía real prendarios | Detalle préstamos al sector privado en pesos: consumo personales | Préstamos al sector privado en pesos | Detalle préstamos al sector privado en pesos: garantía real hipotecarios,91.1_DETALLE_PREND_0_0_33 | 91.1_DETALLE_PREND_0_0_53 | 91.1_DETALLE_PRLES_0_0_52 | 91.1_DETALLE_PRPOT_0_0_25 | 91.1_DETALLE_PRPOT_0_0_53
Índice de Precios al Consumidor de la Ciudad de Buenos Aires. Nivel general y principales aperturas. Base 2021 = 100,Índice base 100,Precios,M,17,Nivel de precios de alimentos bebidas no alcoholicas | Nivel de precios de bebidas alcoholicas tabaco | Nivel de precios de cuidado personal proteccion social otros | Nivel de precios de educacion | Nivel de precios de equipamiento mantenimiento hogar,193.2_ALIMENTOS_CAS_2021_0_32_80 | 193.2_BEBIDAS_ALACO_2021_0_26_81 | 193.2_CUIDADO_PEROS_2021_0_40_67 | 193.2_EDUCACIONION_2021_0_9_53 | 193.2_EQUIPAMIENGAR_2021_0_32_39
EMAE apertura por sectores. Índice Base 2004. Valores anuales.,Índice 2004=100,Actividad,A,16,"EMAE. Comercio mayorista y minorista y reparaciones | EMAE. Enseñanza | EMAE. Administración pública, defensa y seguridad social | EMAE. Transporte, almacenamiento y comunicaciones | EMAE. Servicios sociales (salud)",11.1_AGCS_2004_A_41 | 11.1_CMMR_2004_A_10 | 11.1_C_2004_A_60 | 11.1_EMC_2004_A_25 | 11.1_HR_2004_A_24
EMAE apertura por sectores. Índice Base 2004. Valores mensuales.,Índice 2004=100,Actividad,M,16,"EMAE. Comercio mayorista y minorista y reparaciones | EMAE. Enseñanza | EMAE. Administración pública, defensa y seguridad social | EMAE. Transporte, almacenamiento y comunicaciones | EMAE. Servicios sociales (salud)",11.3_AGCS_2004_M_41 | 11.3_CMMR_2004_M_10 | 11.3_C_2004_M_60 | 11.3_EMC_2004_M_25 | 11.3_HR_2004_M_24
EMAE apertura por sectores. Índice Base 2004. Valores trimestrale.,Índice 2004=100,Actividad,T,16,"EMAE. Comercio mayorista y minorista y reparaciones | EMAE. Enseñanza | EMAE. Administración pública, defensa y seguridad social | EMAE. Transporte, almacenamiento y comunicaciones | EMAE. Servicios sociales (salud)",11.2_AGCS_2004_T_41 | 11.2_CMMR_2004_T_10 | 11.2_C_2004_T_60 | 11.2_EMC_2004_T_25 | 11.2_HR_2004_T_24
Producción de la Industria manufacturera. Valores anuales,Miles de M3,Actividad,M,16,Aerokerosene en Miles de M3 | Fuel Oil en Miles de M3 | Gas Oil en Miles de M3 | Kerosene en Miles de M3 | Lubricantes en Miles de M3,41.3_A_0_A_12 | 41.3_FO_0_A_8 | 41.3_GO_0_A_7 | 41.3_K_0_A_8 | 41.3_L_0_A_11
Producción de la Industria manufacturera. Valores trimestrales,Miles de M3,Actividad,T,16,Aerokerosene en Miles de M3 | Fuel Oil en Miles de M3 | Gas Oil en Miles de M3 | Kerosene en Miles de M3 | Lubricantes en Miles de M3,41.2_A_0_T_12 | 41.2_FO_0_T_8 | 41.2_GO_0_T_7 | 41.2_K_0_T_8 | 41.2_L_0_T_11
Préstamos a las entidades financieras sector privado,Millones de dólares,Dinero y Bancos,M,16,Préstamos al sector privado en pesos y dólares: garantía real | Detalle préstamos al sector privado en dolares: garantía real prendarios | Detalle préstamos al sector privado en dolares: consumo personales | Detalle préstamos al sector privado en dolares: garantía real hipotecarios | Detalle préstamos al sector privado en dolares: comerciales otros,91.1_DETALLE_PRDOC_0_0_47 | 91.1_DETALLE_PREND_0_0_55 | 91.1_DETALLE_PRLES_0_0_54 | 91.1_DETALLE_PRPOT_0_0_55 | 91.1_DETALLE_PRROS_0_0_53
Índice de Precios al Consumidor de la Ciudad de Buenos Aires. Nivel general y principales aperturas. Base Julio 2011 - Junio 2012 = 100,Índice base 100,Precios,M,16,Nivel de precios de alimentos bebidas no alcoholicas | Nivel de precios de bebidas alcoholicas tabaco | Nivel de precios de bienes servicios varios | Nivel de precios de comunicaciones | Nivel de precios de educacion,193.1_ALIMENTOS_CAS_JULI_0_32 | 193.1_BEBIDAS_ALACO_JULI_0_26 | 193.1_BIENES_SERIOS_JULI_0_23 | 193.1_COMUNICACINES_JULI_0_14 | 193.1_EDUCACIONION_JULI_0_9
Empleo registrado del sector privado por rama de actividad. Total puestos de trabajo,Puestos de trabajo,Empleo e Ingresos,T,15,Empleo registrado del sector agricultura_ganaderia_caza_silvicultura | Empleo registrado del sector comercio_por_mayor_por_menor | Empleo registrado del sector construccion | Empleo registrado del sector enseñanza | Empleo registrado del sector explotacion_minas_canteras,156.1_ACULTURURA_0_0_39 | 156.1_CRCIO_PNOR_0_0_28 | 156.1_CTRUCCIION_0_0_12 | 156.1_ENIANZANZA_0_0_10 | 156.1_EOTACIORAS_0_0_26
Producción de la Industria manufacturera. Valores mensuales,Miles de unidades,Actividad,A,15,Acondicionadores de aire para auto en Miles de Unidades | Acondicionadores de aire en Miles de Unidades | Artículos sanitarios de cerámica en Miles de piezas | Calefactores y estufas en Miles de Unidades | Cámaras fotográficas en Miles de Unidades,41.1_AAP_0_M_29 | 41.1_AA_0_M_21 | 41.1_ASC_0_M_29 | 41.1_CE_0_M_20 | 41.1_CF_0_M_20
"Remuneración bruta promedio de los asalariados registrados del sector privado, por rama de actividad. Valores con estacionalidad",Pesos corrientes,Empleo e Ingresos,M,15,"Rem. bruta promedio asalariados reg. Sector priv. Agricultura, Ganadería, Caza y Silvicultura. | Rem. bruta promedio asalariados reg. Sector priv. Serv. Inmobiliarios, Empresariales y de Alquiler. | Rem. bruta promedio asalariados reg. Sector priv. Comercio al por Mayor y Menor. | Rem. bruta promedio asalariados reg. Sector priv. Construcción. | Rem. bruta promedio asalariados reg. Sector priv. Enseñanza.",157.1_ACULTURURA_C_0_0_39 | 157.1_AVIDADELER_C_0_0_48 | 157.1_CRCIO_RNES_C_0_0_21 | 157.1_CTRUCCIION_C_0_0_12 | 157.1_ENIANZANZA_C_0_0_10
"Remuneración bruta promedio de los asalariados registrados del sector privado, por rama de actividad. Valores sin estacionalidad",Pesos corrientes,Empleo e Ingresos,M,15,"Rem. bruta promedio asal. reg. Priv. Sin Estac. Agricultura, Ganadería, Caza y Silvicultura. | Rem. bruta promedio asal. reg. Priv. Sin Estac. Serv. Inmobiliarios, Empresariales y de Alquiler. | Rem. bruta promedio asal. reg. Priv. Sin Estac. Comercio al por Mayor y Menor. | Rem. bruta promedio asal. reg. Priv. Sin Estac. Construcción. | Rem. bruta promedio asal. reg. Priv. Sin Estac. Enseñanza.",157.2_ACULTURURA_S_0_0_39 | 157.2_AVIDADELER_S_0_0_48 | 157.2_CRCIO_RNES_S_0_0_21 | 157.2_CTRUCCIION_S_0_0_12 | 157.2_ENIANZANZA_S_0_0_10
"Índices de valor, precios y cantidad de las exportaciones de bienes. Valores anuales",Índice 2004=100,Sector Externo,A,15,Índice de cantidad de exportaciones. Agro | Índice de cantidad de exportaciones. Combustibles | Índice de cantidad de exportaciones. Nivel general | Índice de cantidad de exportaciones. Industria | Índice de cantidad de exportaciones. Productos primarios,80.1_IICNA_0_A_30 | 80.1_IICNC_0_A_38 | 80.1_IICNG_0_A_33 | 80.1_IICNI_0_A_35 | 80.1_IICNPP_0_A_45
"Índices de valor, precios y cantidad de las exportaciones de bienes. Valores trimestrales",Índice 2004=100,Sector Externo,T,15,Índice de cantidad de exportaciones. Agro | Índice de cantidad de exportaciones. Combustibles | Índice de cantidad de exportaciones. Nivel general | Índice de cantidad de exportaciones. Industria | Índice de cantidad de exportaciones. Productos primarios,80.2_IICENA_0_T_44 | 80.2_IICENC_0_T_52 | 80.2_IICENG_0_T_47 | 80.2_IICENI_0_T_49 | 80.2_IICENPP_0_T_59
EMI. Índice Base 2004. Valores anuales.,Índice 2004=100,Actividad,A,14,EMI. Alimentos y bebidas. Índice (Base 2004) | EMI. Automotores. Índice (Base 2004) | EMI. Caucho y plásticos. Índice (Base 2004) | Estimados Mensual Industrial desestacionalizado. Índice (Base 2004) | EMI. Impresión. Índice (Base 2004),12.1_AB_2004_A_17 | 12.1_A_2004_A_11 | 12.1_CP_2004_A_15 | 12.1_ED_2004_A_12 | 12.1_EI_2004_A_17
EMI. Índice Base 2004. Valores mensuales.,Índice 2004=100,Actividad,M,14,EMI. Alimentos y bebidas. Índice (Base 2004) | EMI. Automotores. Índice (Base 2004) | EMI. Caucho y plásticos. Índice (Base 2004) | Estimados Mensual Industrial desestacionalizado. Índice (Base 2004) | EMI. Impresión. Índice (Base 2004),12.3_AB_2004_M_17 | 12.3_A_2004_M_11 | 12.3_CP_2004_M_15 | 12.3_ED_2004_M_12 | 12.3_EI_2004_M_17
EMI. Índice Base 2004. Valores trimestrales.,Índice 2004=100,Actividad,T,14,EMI. Alimentos y bebidas. Índice (Base 2004) | EMI. Automotores. Índice (Base 2004) | EMI. Caucho y plásticos. Índice (Base 2004) | Estimados Mensual Industrial desestacionalizado. Índice (Base 2004) | EMI. Impresión. Índice (Base 2004),12.2_AB_2004_T_17 | 12.2_A_2004_T_11 | 12.2_CP_2004_T_15 | 12.2_ED_2004_T_12 | 12.2_EI_2004_T_17
EMI. Índice Base 2012. Valores anuales.,Índice 2012=100,Actividad,A,14,EMI. Alimentos y bebidas. Índice (Base 2012) | EMI. Automotores. Índice (Base 2012) | EMI. Caucho y plásticos. Índice (Base 2012) | Estimados Mensual Industrial desestacionalizado. Índice (Base 2012) | EMI. Impresión. Índice (Base 2012),13.1_AB_2012_A_17 | 13.1_A_2012_A_11 | 13.1_CP_2012_A_15 | 13.1_ED_2012_A_12 | 13.1_EI_2012_A_17
EMI. Índice Base 2012. Valores mensuales.,Índice 2012=100,Actividad,M,14,EMI. Alimentos y bebidas. Índice (Base 2012) | EMI. Automotores. Índice (Base 2012) | EMI. Caucho y plásticos. Índice (Base 2012) | Estimador Mensual Industrial desestacionalizado. Índice (Base 2012) | EMI. Impresión. Índice (Base 2012),13.3_AB_M_2012_0_17 | 13.3_A_M_2012_0_11 | 13.3_CP_M_2012_0_15 | 13.3_ED_M_2012_0_12 | 13.3_EI_M_2012_0_17
EMI. Índice Base 2012. Valores trimestrales.,Índice 2012=100,Actividad,T,14,EMI. Alimentos y bebidas. Índice (Base 2012) | EMI. Automotores. Índice (Base 2012) | EMI. Caucho y plásticos. Índice (Base 2012) | Estimados Mensual Industrial desestacionalizado. Índice (Base 2012) | EMI. Impresión. Índice (Base 2012),13.2_AB_2012_T_17 | 13.2_A_2012_T_11 | 13.2_CP_2012_T_15 | 13.2_ED_2012_T_12 | 13.2_EI_2012_T_17
Incidencia absoluta mensual por bienes y por servicios,Índice,Precios,M,14,Indice de incidencia cuyo de bienes | Indice de incidencia cuyo de servicios | Indice de incidencia GBA de bienes | Indice de incidencia GBA de servicios | Indice de incidencia nacional de bienes,346.1_CUYO_BIENENES__11 | 346.1_CUYO_SERVIIOS__14 | 346.1_GBA_BIENESNES__10 | 346.1_GBA_SERVICIOS__13 | 346.1_NACIONAL_BNES__15
Producción de la Industria manufacturera. Valores mensuales,Miles de M3,Actividad,A,14,Aerokerosene en Miles de M3 | Fuel Oil en Miles de M3 | Gas Oil en Miles de M3 | Kerosene en Miles de M3 | Lubricantes en Miles de M3,41.1_A_0_M_12 | 41.1_FO_0_M_8 | 41.1_GO_0_M_7 | 41.1_K_0_M_8 | 41.1_L_0_M_11
Trabajadores registrados según modalidad ocupacional principal. Total del país en miles. Base 2012. Valores mensuales.,Miles de Personas,Empleo e Ingresos,M,14,Asalariados. Sector público. Con estacionalidad. | Asalariados. Sector privado. Con estacionalidad. | Asalariados. Casas particulares. Con estacionalidad. | Asalariados. Sector público. Sin estacionalidad. | Asalariados. Sector privado. Sin estacionalidad.,151.1_AARIADODAD_2012_M_30 | 151.1_AARIADODAD_2012_M_31 | 151.1_AARIADODAD_2012_M_45 | 151.1_AARIADOTAC_2012_M_25 | 151.1_AARIADOTAC_2012_M_26
Índice de Precios al Consumidor. Bienes y Servicios. Base diciembre 2016. Valores mensuales,Índice,Precios,M,14,IPC. Bienes. Región pampeana. Base dic 2016. Mensual. | IPC. Bienes. GBA. Base dic 2016. Mensual. | IPC. Bienes. Nacional. Base dic 2016. Mensual. | IPC. Bienes. Región noreste. Base dic 2016. Mensual. | IPC. Bienes. Patagonia. Base dic 2016. Mensual.,147.3_IBIENESANA_DICI_T_19 | 147.3_IBIENESGBA_DICI_T_14 | 147.3_IBIENESNAL_DICI_T_19 | 147.3_IBIENESNEA_DICI_T_14 | 147.3_IBIENESNIA_DICI_T_20
Índice de Precios al Consumidor. Bienes y Servicios. Base diciembre 2016. Valores trimestrales,Índice,Precios,T,14,IPC. Bienes. Región pampeana. Base dic 2016. Trimestral. | IPC. Bienes. GBA. Base dic 2016. Trimestral. | IPC. Bienes. Nacional. Base dic 2016. Trimestral. | IPC. Bienes. Región noreste. Base dic 2016. Trimestral. | IPC. Bienes. Patagonia. Base dic 2016. Trimestral.,147.1_IPC_BIENESANA_DICI_T_19 | 147.1_IPC_BIENESGBA_DICI_T_14 | 147.1_IPC_BIENESNAL_DICI_T_19 | 147.1_IPC_BIENESNEA_DICI_T_14 | 147.1_IPC_BIENESNIA_DICI_T_20
Índice de Tipo de Cambio Real Multilateral. Valores anuales. Base 2015,Índice 17-Dic-2015=100,Dinero y Bancos,A,14,Índice de Tipo de Cambio Real Brasil | Índice de Tipo de Cambio Real Canadá | Índice de Tipo de Cambio Real China | Índice de Tipo de Cambio Real Chile | Índice de Tipo de Cambio Real Estados Unidos,116.1_TCRB_0_A_23 | 116.1_TCRCA_0_A_23 | 116.1_TCRCH_0_A_22 | 116.1_TCRC_0_A_22 | 116.1_TCREU_0_A_31
Índice de Tipo de Cambio Real Multilateral. Valores diarios Base 2015,Índice 17-Dic-2015=100,Dinero y Bancos,D,14,Índice de Tipo de Cambio Real China | Índice de Tipo de Cambio Real India | Índice de Tipo de Cambio Real Suiza | Índice de Tipo de Cambio Real Chile | Índice de Tipo de Cambio Real Japón,116.4_TCRZE_2015_D_22_16 | 116.4_TCRZE_2015_D_22_26 | 116.4_TCRZE_2015_D_22_27 | 116.4_TCRZE_2015_D_22_31 | 116.4_TCRZE_2015_D_22_43
Índice de Tipo de Cambio Real Multilateral. Valores mensuales. Base 2015,Índice 17-Dic-2015=100,Dinero y Bancos,M,14,Índice de Tipo de Cambio Real Brasil | Índice de Tipo de Cambio Real Chile | Índice de Tipo de Cambio Real China | Índice de Tipo de Cambio Real Canadá | Índice de Tipo de Cambio Real Estados Unidos,116.3_TCRB_0_M_23 | 116.3_TCRCH_0_M_22 | 116.3_TCRC_0_M_22 | 116.3_TCRC_0_M_23 | 116.3_TCREU_0_M_31
Índice de Tipo de Cambio Real Multilateral. Valores trimestrales. Base 2015,Índice 17-Dic-2015=100,Dinero y Bancos,T,14,Índice de Tipo de Cambio Real Brasil | Índice de Tipo de Cambio Real Canadá | Índice de Tipo de Cambio Real Chile | Índice de Tipo de Cambio Real China | Índice de Tipo de Cambio Real Estados Unidos,116.2_TCRB_0_T_23 | 116.2_TCRCA_0_T_23 | 116.2_TCRCH_0_T_22 | 116.2_TCRC_0_T_22 | 116.2_TCREU_0_T_31
"EMI. Variación interanual (Base 2004), Valores mensuales",Variación Porcentual,Actividad,M,13,"EMI. Alimentos y bebidas. Variación Interanual (Base 2004), Mensuales | EMI. Automotores. Variación Interanual (Base 2004), Mensuales | EMI. Caucho y plásticos. Variación Interanual (Base 2004) | EMI. Impresión. Variación Interanual (Base 2004), Mensuales | Estimador Mensual Industrial. Variación Interanual (Base 2004), Mensuales",14.2_AB_M_2004_0_17 | 14.2_A_M_2004_0_11 | 14.2_CP_M_2004_0_15 | 14.2_EI_M_2004_0_17 | 14.2_E_M_2004_0_3
Indicador sintético de la actividad de la construcción (ISAC). Insumos serie original,Índice 2004=100,Actividad,M,13,Indicador sintético de la actividad de la construcción. Insumos. Artículos sanitarios de cerámica | Indicador sintético de la actividad de la construcción. Insumos. Asfalto | Indicador sintético de la actividad de la construcción. Insumos. Cales | Indicador sintético de la actividad de la construcción. Insumos. Cemento portland | Indicador sintético de la actividad de la construcción. Insumos. Hierro redondo y aceros para la construcción,33.3_ISAC_ARTICICA_0_0_37_38 | 33.3_ISAC_ASFALLTO_0_0_12_97 | 33.3_ISAC_CALESLES_0_0_10_7 | 33.3_ISAC_CEMENAND_0_0_21_29 | 33.3_ISAC_HIERRION_0_0_49_36
Indicador sintético de la actividad de la construcción (ISAC). Insumos serie sin estacionalidad,Índice 2004=100,Actividad,M,13,Indicador sintético de la actividad de la construcción. Insumos. Artículos sanitarios de cerámica. Serie sin estacionalidad | Indicador sintético de la actividad de la construcción. Insumos. Asfalto. Serie sin estacionalidad | Indicador sintético de la actividad de la construcción. Insumos. Cales. Serie sin estacionalidad | Indicador sintético de la actividad de la construcción. Insumos. Cemento portland. Serie sin estacionalidad | Indicador sintético de la actividad de la construcción. Insumos. Hierro redondo y aceros para la construcción. Serie sin estacionalidad,33.4_ISAC_ARTICICA_0_0_37_66 | 33.4_ISAC_ASFALLTO_0_0_12_6 | 33.4_ISAC_CALESLES_0_0_10_20 | 33.4_ISAC_CEMENAND_0_0_21_24 | 33.4_ISAC_HIERRION_0_0_49_34
Indicador sintético de la actividad de la construcción (ISAC). Insumos serie tendencia ciclo,Índice 2004=100,Actividad,M,13,Indicador sintético de la actividad de la construcción. Insumos. Artículos sanitarios de cerámica. Serie tendencia ciclo | Indicador sintético de la actividad de la construcción. Insumos. Asfalto. Serie tendencia ciclo | Indicador sintético de la actividad de la construcción. Insumos. Cales. Serie tendencia ciclo | Indicador sintético de la actividad de la construcción. Insumos. Cemento portland. Serie tendencia ciclo | Indicador sintético de la actividad de la construcción. Insumos. Hierro redondo y aceros para la construcción. Serie tendencia ciclo,33.5_ISAC_ARTICICA_0_0_37_31 | 33.5_ISAC_ASFALLTO_0_0_12_33 | 33.5_ISAC_CALESLES_0_0_10_33 | 33.5_ISAC_CEMENAND_0_0_21_37 | 33.5_ISAC_HIERRION_0_0_49_83
Indices Bursátiles Argentina. Desagregación sectorial,Indice,Mercados Financieros,D,13,Índices bursátiles por sector. Alimentos y Bebidas | Índices bursátiles por sector. Agropecuario | Índices bursátiles por sector. Bienes raíces | Índices bursátiles por sector. Comercio | Índices bursátiles por sector. Construcción,180.1_IND_BURS_ABEB_0_0_17 | 180.1_IND_BURS_AROP_0_0_14 | 180.1_IND_BURS_BCES_0_0_18 | 180.1_IND_BURS_CMER_0_0_14 | 180.1_IND_BURS_CNST_0_0_14
Participación de los principales socios en el comercio. Valores mensuales,Porcentaje (0-100),Economía Internacional,M,13,Participación de Mexico en el total del comercio de Argentina | Participación de Brasil en el total del comercio de Argentina | Participación de Chile en el total del comercio de Argentina | Participación de Zona Euro en el total del comercio de Argentina | Participación de Vietnam en el total del comercio de Argentina,140.1_A_0_M_8 | 140.1_A_0_M_9 | 140.1_B_0_M_6 | 140.1_C_0_M_5 | 140.1_C_0_M_7
Rendimiento Títulos del Tesoro de Estados Unidos,Porcentaje,Economía Internacional,D,13,Rendimiento Bono del Tesoro a 1 año | Rendimiento Bono del Tesoro a 7 años | Rendimiento Bono del Tesoro a 5 años | Rendimiento Bono del Tesoro a 3 años | Rendimiento Bono del Tesoro a 2 años,132.1_TITULOS_USIOS_0_0_18_18 | 132.1_TITULOS_USIOS_0_0_18_21 | 132.1_TITULOS_USIOS_0_0_18_26 | 132.1_TITULOS_USIOS_0_0_18_5 | 132.1_TITULOS_USIOS_0_0_18_80
Series históricas de estadísticas monetarias de Argentina,Porcentaje,Dinero y Bancos,M,13,Tasa de interés Por depósitos a plazo fijo de 30 a 59 días De moneda nacional | Tasa de interés Por obligaciones con entidades financieras del exterior | Tasa de interés Por depósitos en caja de ahorro De moneda nacional | Tasa de interés Por préstamos interfinancieros hasta 15 días de plazo De moneda nacional | Tasa de interés Por adelantos en cuenta corriente al sector privadono financiero De moneda nacional,174.1_T_INTERD_0_0_41 | 174.1_T_INTEROR_0_0_57 | 174.1_T_INTERO_0_0_38 | 174.1_T_INTERO_0_0_57 | 174.1_T_INTERO_II_0_0_57
"Utilización de la capacidad instalada en la industria.  Base 2006, Valores mensuales.",Porcentaje,Actividad,M,13,Utilización de la capacidad instalada en la industria de Productos de caucho y plástico como porcentaje del total de la capacidad del sector | Utilización de la capacidad instalada en la industria de Edición e impresión como porcentaje del total de la capacidad del sector | Utilización de la capacidad instalada en la industria de metales básicos como porcentaje del total de la capacidad del sector | Utilización de la capacidad instalada en la industria Metalmecánica exluidos los automotores como porcentaje del total de la capacidad del sector | Utilización de la capacidad instalada en la industria de Productos minerales no metálicos como porcentaje del total de la capacidad del sector,29.3_UCP_2006_M_20 | 29.3_UEI_2006_M_22 | 29.3_UIMB_2006_M_33 | 29.3_UMNIA_2006_M_42 | 29.3_UMNM_2006_M_27
Utilización de la capacidad instalada en la industria. Base 2004. Valores mensuales,Porcentaje,Actividad,M,13,Utilización de la capacidad instalada en la industria de Productos de caucho y plástico como porcentaje del total de la capacidad del sector | Utilización de la capacidad instalada en la industria de Edición e impresión como porcentaje del total de la capacidad del sector | Utilización de la capacidad instalada en la industria de metales básicos como porcentaje del total de la capacidad del sector | Utilización de la capacidad instalada en la industria Metalmecánica exluidos los automotores como porcentaje del total de la capacidad del sector | Utilización de la capacidad instalada en la industria de Productos minerales no metálicos como porcentaje del total de la capacidad del sector,31.3_UCP_2004_M_20 | 31.3_UEI_2004_M_22 | 31.3_UIMB_2004_M_33 | 31.3_UMNIA_2004_M_42 | 31.3_UMNM_2004_M_27
Utilización de la capacidad instalada en la industria. Base 2004. Valores trimestrales.,Porcentaje,Actividad,T,13,Utilización de la capacidad instalada en la industria de Productos de caucho y plástico como porcentaje del total de la capacidad del sector | Utilización de la capacidad instalada en la industria de Edición e impresión como porcentaje del total de la capacidad del sector | Utilización de la capacidad instalada en la industria de metales básicos como porcentaje del total de la capacidad del sector | Utilización de la capacidad instalada en la industria Metalmecánica exluidos los automotores como porcentaje del total de la capacidad del sector | Utilización de la capacidad instalada en la industria de Productos minerales no metálicos como porcentaje del total de la capacidad del sector,31.2_UCP_2004_T_20 | 31.2_UEI_2004_T_22 | 31.2_UIMB_2004_T_33 | 31.2_UMNIA_2004_T_42 | 31.2_UMNM_2004_T_27
Utilización de la capacidad instalada en la industria. Base 2006. Valores anuales.,Porcentaje,Actividad,A,13,Utilización de la capacidad instalada en la industria de Productos de caucho y plástico como porcentaje del total de la capacidad del sector | Utilización de la capacidad instalada en la industria de Edición e impresión como porcentaje del total de la capacidad del sector | Utilización de la capacidad instalada en la industria de metales básicos como porcentaje del total de la capacidad del sector | Utilización de la capacidad instalada en la industria Metalmecánica exluidos los automotores como porcentaje del total de la capacidad del sector | Utilización de la capacidad instalada en la industria de Productos minerales no metálicos como porcentaje del total de la capacidad del sector,29.1_UCP_2006_A_20 | 29.1_UEI_2006_A_22 | 29.1_UIMB_2006_A_33 | 29.1_UMNIA_2006_A_42 | 29.1_UMNM_2006_A_27
Utilización de la capacidad instalada en la industria. Base 2006. Valores trimestrales.,Porcentaje,Actividad,T,13,Utilización de la capacidad instalada en la industria de Productos de caucho y plástico como porcentaje del total de la capacidad del sector | Utilización de la capacidad instalada en la industria de Edición e impresión como porcentaje del total de la capacidad del sector | Utilización de la capacidad instalada en la industria de metales básicos como porcentaje del total de la capacidad del sector | Utilización de la capacidad instalada en la industria Metalmecánica exluidos los automotores como porcentaje del total de la capacidad del sector | Utilización de la capacidad instalada en la industria de Productos minerales no metálicos como porcentaje del total de la capacidad del sector,29.2_UCP_2006_T_20 | 29.2_UEI_2006_T_22 | 29.2_UIMB_2006_T_33 | 29.2_UMNIA_2006_T_42 | 29.2_UMNM_2006_T_27
Utilización de la capacidad instalada en la industria. Base 2012. Valores anuales.,Porcentaje,Actividad,A,13,Utilización de la capacidad instalada en la industria de Productos de caucho y plástico como porcentaje del total de la capacidad del sector | Utilización de la capacidad instalada en la industria de Edición e impresión como porcentaje del total de la capacidad del sector | Utilización de la capacidad instalada en la industria de metales básicos como porcentaje del total de la capacidad del sector | Utilización de la capacidad instalada en la industria Metalmecánica exluidos los automotores como porcentaje del total de la capacidad del sector | Utilización de la capacidad instalada en la industria de Productos minerales no metálicos como porcentaje del total de la capacidad del sector,30.1_UCP_2012_A_20 | 30.1_UEI_2012_A_22 | 30.1_UIMB_2012_A_33 | 30.1_UMNIA_2012_A_42 | 30.1_UMNM_2012_A_27
Utilización de la capacidad instalada en la industria. Base 2012. Valores mensuales,Porcentaje,Actividad,M,13,Utilización de la capacidad instalada en la industria de Productos de caucho y plástico como porcentaje del total de la capacidad del sector | Utilización de la capacidad instalada en la industria de Edición e impresión como porcentaje del total de la capacidad del sector | Utilización de la capacidad instalada en la industria de metales básicos como porcentaje del total de la capacidad del sector | Utilización de la capacidad instalada en la industria Metalmecánica exluidos los automotores como porcentaje del total de la capacidad del sector | Utilización de la capacidad instalada en la industria de Productos minerales no metálicos como porcentaje del total de la capacidad del sector,30.3_UCP_2012_M_20 | 30.3_UEI_2012_M_22 | 30.3_UIMB_2012_M_33 | 30.3_UMNIA_2012_M_42 | 30.3_UMNM_2012_M_27
Utilización de la capacidad instalada en la industria. Base 2012. Valores trimestrales.,Porcentaje,Actividad,T,13,Utilización de la capacidad instalada en la industria de Productos de caucho y plástico como porcentaje del total de la capacidad del sector | Utilización de la capacidad instalada en la industria de Edición e impresión como porcentaje del total de la capacidad del sector | Utilización de la capacidad instalada en la industria de metales básicos como porcentaje del total de la capacidad del sector | Utilización de la capacidad instalada en la industria Metalmecánica exluidos los automotores como porcentaje del total de la capacidad del sector | Utilización de la capacidad instalada en la industria de Productos minerales no metálicos como porcentaje del total de la capacidad del sector,30.2_UCP_2012_T_20 | 30.2_UEI_2012_T_22 | 30.2_UIMB_2012_T_33 | 30.2_UMNIA_2012_T_42 | 30.2_UMNM_2012_T_27
"Índice de Precios al Consumidor, por capítulos. Base  diciembre 2016. Valores mensuales",Índice Dic-2016=100,Precios,M,13,IPC-GBA. Bebidas alcohólicas. Base dic 2016. Mensual | IPC-GBA. Alimentos y Bebidas. Base dic 2016. Mensual | IPC-GBA. Atención médica y salud. Base dic 2016. Mensual | IPC-GBA. Bienes y servicios varios. Base dic 2016. Mensual | IPC-GBA. Equipamiento del hogar. Base dic 2016. Mensual,101.1_I2ABA_2016_M_28 | 101.1_I2AB_2016_M_26 | 101.1_I2AMS_2016_M_30 | 101.1_I2BSV_2016_M_15 | 101.1_I2EDH_2016_M_31
Índice de Precios al Consumidor. Nivel General. Base diciembre 2016. Valores mensuales,Variación Porcentual,Precios,M,13,IPC. Tasa de variación acumulada desde diciembre del año anterior. Nivel General. Cuyo. Base dic 2016. Mensual acumulados. | IPC. Tasa de variación mensual. Nivel General. Cuyo. Base dic 2016. | IPC. Tasa de variación acumulada desde diciembre del año anterior. Nivel General. Gran Buenos Aires. Base dic 2016. Mensual acumulados. | IPC. Tasa de variación mensual. Nivel General. Gran Buenos Aires. Base dic 2016. | IPC. Tasa de variación acumulada desde diciembre del año anterior. Nivel General. Nacional. Base dic 2016. Mensual acumulados.,145.3_INGCUYIOR_DICI_M_53 | 145.3_INGCUYUAL_DICI_M_34 | 145.3_INGGBAIOR_DICI_M_52 | 145.3_INGGBAUAL_DICI_M_33 | 145.3_INGNACIOR_DICI_M_57
Demanda de electricidad. Datos anuales,MW,Actividad,A,12,Potencia Instalada Hidráulica Renovable | Potencia Instalada Ciclos Combinados | Potencia Instalada Nuclear | Potencia Instalada Biogas | Potencia Instalada Turbina a gas,367.1_POTENCIA_IBLE__39 | 367.1_POTENCIA_IDOS__36 | 367.1_POTENCIA_IEAR__26 | 367.1_POTENCIA_IGAS__25 | 367.1_POTENCIA_IGAS__32
Estadisticas de Servicios Públicos. Base 1993. Valores mensuales.,Índice 2004=100,Actividad,M,12,"Indicador sintético de electricidad, gas y agua desestacionalizada. Base 2004=100 | Indicador sintético electricidad, gas y agua original. Base 2004=100 | Indicador sintético de servicios públicos, nivel general desestacionalizado. Base 2004=100 | Indicador sintético de servicios públicos, nivel general. Base 2004=100 | Indicador sintético de peajes desestacionalizado. Base 2004=100",35.3_EGABD_1993_M_33 | 35.3_EGABO_1993_M_35 | 35.3_NGD_1993_M_32 | 35.3_NG_1993_M_13 | 35.3_PBD_1993_M_18
Estadisticas de Servicios Públicos. Base 1993. Valores trimestrales.,Índice 2004=100,Actividad,T,12,"Indicador sintético de electricidad, gas y agua desestacionalizada. Base 2004=100 | Indicador sintético electricidad, gas y agua original. Base 2004=100 | Indicador sintético de servicios públicos, nivel general desestacionalizado. Base 2004=100 | Indicador sintético de servicios públicos, nivel general. Base 2004=100 | Indicador sintético de peajes desestacionalizado. Base 2004=100",35.2_EGABD_1993_T_33 | 35.2_EGABO_1993_T_35 | 35.2_NGD_1993_T_32 | 35.2_NG_1993_T_13 | 35.2_PBD_1993_T_18
Estadísticas de Servicios Públicos. Base 1993. Valores anuales.,Índice 2004=100,Actividad,A,12,"Indicador sintético de electricidad, gas y agua desestacionalizada. Base 2004=100 | Indicador sintético electricidad, gas y agua original. Base 2004=100 | Indicador sintético de servicios públicos, nivel general desestacionalizado. Base 2004=100 | Indicador sintético de servicios públicos, nivel general. Base 2004=100 | Indicador sintético de peajes desestacionalizado. Base 2004=100",35.1_EGABD_1993_A_33 | 35.1_EGABO_1993_A_35 | 35.1_NGD_1993_A_32 | 35.1_NG_1993_A_13 | 35.1_PBD_1993_A_18
Financiamiento Privado en Mercado de Capitales. Dólares.,Dólares,Mercados Financieros,M,12,Monto emitido por grandes empresas de Cheques de Pago Diferido (CPDP). Mensual. | Monto emitido por PyMEs de Cheques de Pago Diferido (CPDA). Mensual. | Monto emitido por grandes empresas de Acciones. Mensual. | Monto emitido por PyMEs de Acciones. Mensual. | Monto total general emitido. Mensual.,170.1_FNCIAMIDCP_0_0_40 | 170.1_FNCIAMIDCP_0_0_43 | 170.1_FNCIAMINES_0_0_44 | 170.1_FNCIAMINES_0_0_47 | 170.1_FNCIAMIRAL_0_0_46
Financiamiento Privado en Mercado de Capitales. Dólares.,Unidades,Mercados Financieros,M,12,Cantidad de emisiones de grandes empresas de acciones. Cantidades mensuales. | Cantidad de emisiones de PyMEs de acciones. Cantidades mensuales. | Cantidad de emisiones de grandes empresas de Cheques de Pago Diferido. Cantidades mensuales. | Cantidad de emisiones de PyMEs de Cheques de Pago Diferido. Cantidades mensuales. | Cantidad de emisiones de grandes empresas de Fideicomisos Financieros (FF). Cantidades mensuales.,170.1_EIONES_ACC_0_0_16 | 170.1_EIONES_ACC_0_0_19 | 170.1_EIONES_CPD_0_0_16 | 170.1_EIONES_CPD_0_0_19 | 170.1_EIONES_FF_0_0_15
Producción de la Industria manufacturera. Valores anuales,Toneladas,Actividad,M,12,Caucho Sint en Toneladas | Detergentes y limpiadores (incluye lavandinas) en Toneladas | Isopropanol en Toneladas | Jabones Tocador y Lavar en Toneladas | Negro de Humo en Toneladas,41.3_CS_0_A_16 | 41.3_DLIL_0_A_42 | 41.3_I_0_A_11 | 41.3_JTL_0_A_21 | 41.3_NH_0_A_10
Producción de la Industria manufacturera. Valores mensuales,Toneladas,Actividad,A,12,Caucho Sint en Toneladas | Detergentes y limpiadores (incluye lavandinas) en Toneladas | Isopropanol en Toneladas | Jabones Tocador y Lavar en Toneladas | Negro de Humo en Toneladas,41.1_CS_0_M_16 | 41.1_DLIL_0_M_42 | 41.1_I_0_M_11 | 41.1_JTL_0_M_21 | 41.1_NH_0_M_10
Producción de la Industria manufacturera. Valores trimestrales,Toneladas,Actividad,T,12,Caucho Sint en Toneladas | Detergentes y limpiadores (incluye lavandinas) en Toneladas | Isopropanol en Toneladas | Jabones Tocador y Lavar en Toneladas | Negro de Humo en Toneladas,41.2_CS_0_T_16 | 41.2_DLIL_0_T_42 | 41.2_I_0_T_11 | 41.2_JTL_0_T_21 | 41.2_NH_0_T_10
Índices de precios internacionales de productos básicos. Datos anuales,Centavos de dólar por libra,Precios,A,12,Azúcar (EE.UU.). Centavos de US$ por libra. Anual | Azúcar (Europa). Centavos de US$ por libra. Anual | Azúcar mercado libre. Centavos de US$ por libra. Anual | Algodón. Centavos de US$ por libra. Anual | Caucho. Centavos de US$ por libra. Anual,121.1_AE_0_0_11 | 121.1_AE_0_0_13 | 121.1_AML_0_0_20 | 121.1_A_0_0_7 | 121.1_CAU_0_0_6
Índices de precios internacionales de productos básicos. Datos mensuales,Centavos de dólar por libra,Precios,M,12,Azúcar (EE.UU.). Centavos de US$ por libra. Mensual | Azúcar (Europa). Centavos de US$ por libra. Mensual | Azúcar mercado libre. Centavos de US$ por libra. Mensual | Algodón. Centavos de US$ por libra. Mensual | Café Arábica. Centavos de US$ por libra. Mensual,121.3_AE_0_0_11 | 121.3_AE_0_0_13 | 121.3_AML_0_0_20 | 121.3_A_0_0_7 | 121.3_CA_0_0_12
Índices de precios internacionales de productos básicos. Datos trimestrales,Centavos de dólar por libra,Precios,T,12,Azúcar (EE.UU.). Centavos de US$ por libra. Trimestral | Azúcar (Europa). Centavos de US$ por libra. Trimestral | Azúcar mercado libre. Centavos de US$ por libra. Trimestral | Algodón. Centavos de US$ por libra. Trimestral | Caucho. Centavos de US$ por libra. Trimestral,121.2_AE_0_0_11 | 121.2_AE_0_0_13 | 121.2_AML_0_0_20 | 121.2_A_0_0_7 | 121.2_CAU_0_0_6
Centros de Compras. Valores anuales,Miles de pesos,Actividad,A,11,"Ventas por grupos de artículos de amoblamientos, decoración y textiles para el hogar | Ventas por grupos de artículos de diversión y esparcimiento | Ventas por grupos de artículos de artículos electrónicos, cd, electrodomesticos y computacion | Ventas por grupos de artículos de indumentaria, calzado y marroquinería | Ventas por grupos de artículos de juguetería",37.1_EMVMADTH_2008_A_57 | 37.1_EMVMDE_2008_A_52 | 37.1_EMVMECEC_2008_A_57 | 37.1_EMVMICM_2008_A_58 | 37.1_EMVMJ_2008_A_39
Centros de Compras. Valores mensuales,Miles de pesos,Actividad,M,11,"Ventas por grupos de artículos de amoblamientos, decoración y textiles para el hogar | Ventas por grupos de artículos de diversión y esparcimiento | Ventas por grupos de artículos de artículos electrónicos, cd, electrodomesticos y computacion | Ventas por grupos de artículos de indumentaria, calzado y marroquinería | Ventas por grupos de artículos de juguetería",37.3_EMVMADTH_2008_M_57 | 37.3_EMVMDE_2008_M_52 | 37.3_EMVMECEC_2008_M_57 | 37.3_EMVMICM_2008_M_58 | 37.3_EMVMJ_2008_M_39
Centros de Compras. Valores trimestrales,Miles de pesos,Actividad,T,11,"Ventas por grupos de artículos de amoblamientos, decoración y textiles para el hogar | Ventas por grupos de artículos de diversión y esparcimiento | Ventas por grupos de artículos de artículos electrónicos, cd, electrodomesticos y computacion | Ventas por grupos de artículos de indumentaria, calzado y marroquinería | Ventas por grupos de artículos de juguetería",37.2_EMVMADTH_2008_T_59 | 37.2_EMVMDE_2008_T_48 | 37.2_EMVMECEC_2008_T_53 | 37.2_EMVMICM_2008_T_59 | 37.2_EMVMJ_2008_T_35
Cobros y pagos por bienes por modalidad de pago. Valores mensuales,Millones de dólares,Sector Externo,M,11,Bienes Cobros Prefinanciaciones de exportaciones del exterrior | Bienes Cobros de exportaciones | Bienes Cobros Otros ingresos por Bienes | Bienes Cobros anticipados de exportaciones | Bienes Cobros Financiamientos locales de exportaciones,183.1_BIENES_COBIOR_0_M_50 | 183.1_BIENES_COBNES_0_M_27 | 183.1_BIENES_COBNES_0_M_35 | 183.1_BIENES_COBNES_0_M_39 | 183.1_BIENES_COBNES_0_M_51
"Ingreso Nacional, Ahorro Nacional y Préstamo neto. Valores anuales",Millones de pesos,Actividad,A,11,Ahorro Nacional Bruto en pesos corrientes | Cuenta Capital de la Balanza de Pagos en pesos corrientes | Consumo Nacional en pesos corrientes | Formación Bruta de Capital Fijo en pesos corrientes | Ingreso Nacional Bruto Disponible en pesos corrientes,26.1_ANB_0_A_21 | 26.1_CCBP_0_A_28 | 26.1_CN_0_A_16 | 26.1_FBCF_0_A_28 | 26.1_INBD_0_A_33
"Ingreso Nacional, Ahorro Nacional y Préstamo neto. Valores trimestrales",Millones de pesos,Actividad,T,11,Ahorro Nacional Bruto en pesos corrientes | Cuenta Capital de la Balanza de Pagos en pesos corrientes | Consumo Nacional en pesos corrientes | Formación Bruta de Capital Fijo en pesos corrientes | Ingreso Nacional Bruto Disponible en pesos corrientes,26.2_ANB_0_T_21 | 26.2_CCBP_0_T_28 | 26.2_CN_0_T_16 | 26.2_FBCF_0_T_28 | 26.2_INBD_0_T_33
Relevamiento de Expectativas de Mercado (REM). Datos mensuales,Miles de millones de pesos,Precios,M,11,REM:Mediana Resultado Primario Sector Público No Financiero var ia 2016 | REM:Mediana Resultado Primario Sector Público No Financiero var ia 2017 | REM:Mediana Resultado Primario Sector Público No Financiero var ia 2018 | REM:Mediana Resultado Primario Sector Público No Financiero var ia 2019 | REM:Mediana Resultado Primario Sector Público No Financiero var ia 2020,430.1_MEDIANA_IP016_M_0_0_47_87 | 430.1_MEDIANA_IP017_M_0_0_47_13 | 430.1_MEDIANA_IP018_M_0_0_47_74 | 430.1_MEDIANA_IP019_M_0_0_47_19 | 430.1_REM_RESULT020_M_0_0_39_67
Tipo de cambio $-USD - futuro dólar. Valores diarios,Pesos argentinos por dólar,Mercados Financieros,D,11,Futuro ROFEX USD 12M | Tipo de cambio ARS/USD. Futuro ROFEX. 1 mes. | Tipo de cambio ARS/USD. Futuro ROFEX. 2 meses. | Tipo de cambio ARS/USD. Futuro ROFEX. 3 meses. | Tipo de cambio ARS/USD. Futuro ROFEX. 4 meses.,168.1_FRO_ROF12M_D_0_0_20 | 168.1_FRO_ROF1M_D_0_0_19 | 168.1_FRO_ROF2M_D_0_0_19 | 168.1_FRO_ROF3M_D_0_0_19 | 168.1_FRO_ROF4M_D_0_0_19
"Tipos de Cambio Históricos, Banco Central",Pesos,Dinero y Bancos,D,11,Dólar Estadounidense | Dólar Financiero Esp. Venta | Dólar Financiero. Venta | Dólar Financiero Esp. Compra | Dólar Financiero. Compra,175.1_DR_ESTANSE_0_0_20 | 175.1_DR_FINANTA_0_0_21 | 175.1_DR_FINANTA_0_0_22 | 175.1_DR_FINAPRA_0_0_22 | 175.1_DR_FINAPRA_0_0_23
Ventas totales nacionales en Centros de Compras. Valores mensuales,Pesos,Actividad,M,11,"Ventas centros de compras. Amoblamientos, decoración y textiles para el hogar | Ventas centros de compras. Diversión y esparcimiento | Ventas centros de compras. Electrónicos, CD, electrodomésticos y computación | Ventas centros de compras. Indumentaria, calzado y marroquinería | Ventas centros de compras. Juguetería",458.1_AMOBLAMIENGAR_ABRI_M_39_10 | 458.1_DIVERSION_NTO_ABRI_M_23_37 | 458.1_ELECTRONICION_ABRI_M_42_47 | 458.1_INDUMENTARRIA_ABRI_M_34_29 | 458.1_JUGUETERIARIA_ABRI_M_10_48
Fondos Comunes de Inversión por tipo. Datos anuales,Millones de pesos,Mercados Financieros,A,10,"Fondos Comunes de Inversión de ASG, patrimonio a diciembre de cada año | Fondos Comunes de Inversión de Fondos Cerrados, patrimonio a diciembre de cada año | Fondos Comunes de Inversión de Fondos PyMEs, patrimonio a diciembre de cada año | Fondos Comunes de Inversión de Infraestructura, patrimonio a diciembre de cada año | Fondos Comunes de Inversión de Mercado de Dinero, patrimonio a diciembre de cada año",171.1_FCI_ASGASG_0_0_7 | 171.1_FCI_CERRADDOS_0_0_12 | 171.1_FFONDOSMES_0_0_16 | 171.1_FINFRAEURA_0_0_19 | 171.1_FMERCADERO_0_0_18
Fondos Comunes de Inversión por tipo. Datos mensuales,Millones de pesos,Mercados Financieros,M,10,"Fondos Comunes de Inversión de ASG, patrimonio mensual | Fondos Comunes de Inversión de Fondos Cerrados, patrimonio mensual | Fondos Comunes de Inversión de Fondos PyMEs, patrimonio mensual | Fondos Comunes de Inversión de Infraestructura, patrimonio mensual | Fondos Comunes de Inversión de Mercado de Dinero, patrimonio mensual",171.3_FCI_ASGASG_0_0_7 | 171.3_FCI_CERRADDOS_0_0_12 | 171.3_FFONDOSMES_0_0_16 | 171.3_FINFRAEURA_0_0_19 | 171.3_FMERCADERO_0_0_18
Relevamiento de Expectativas de Mercado (REM). Datos mensuales,% de la PEA,Precios,M,10,REM: mediana de desocupación abierta en cuarto trimestre 2021 | REM: mediana de desocupación abierta en cuarto trimestre 2022 | REM: mediana de desocupación abierta en cuarto trimestre 2024 | REM: mediana de desocupación abierta en cuarto trimestre 2023 | REM: mediana de desocupación abierta en cuarto trimestre 2025,430.1_REM_DESOCU021_M_0_0_24_41 | 430.1_REM_DESOCU022_M_0_0_24_25 | 430.1_REM_DESOCU023_M_0_0_24_18 | 430.1_REM_DESOCU023_M_0_0_24_53 | 430.1_REM_DESOCU025_M_0_0_24_34
Índice de Precios al Consumidor de Mendoza. Nivel general y principales aperturas. Base 2010 = 100,Índice base 100,Precios,M,10,Nivel de precios de alimentos bebidas | Nivel de precios de atención medica gastos salud | Nivel de precios de educacion | Nivel de precios de equipamiento mantenimiento hogar | Nivel de precios de esparcimiento,195.1_ALIMENTOS_DAS_0_0_17 | 195.1_ATENCION_MLUD_0_0_28 | 195.1_EDUCACIONION_0_0_9 | 195.1_EQUIPAMIENGAR_0_0_32 | 195.1_ESPARCIMIENTO_0_0_13
Índice de Precios al Consumidor de San Luis. Nivel general y principales aperturas. Base 2003 = 100,Índice base 100,Precios,M,10,Nivel de precios de alimentos bebidas | Nivel de precios de atención medica gastos salud | Nivel de precios de educacion | Nivel de precios de equipamiento mantenimiento hogar | Nivel de precios de esparcimiento,197.1_ALIMENTOS_DAS_2014_0_17 | 197.1_ATENCION_MLUD_2014_0_28 | 197.1_EDUCACIONION_2014_0_9 | 197.1_EQUIPAMIENGAR_2014_0_32 | 197.1_ESPARCIMIENTO_2014_0_13
Índice de Precios al Consumidor de Santa Fe. Nivel general y principales aperturas. Base 2014 = 100,Índice base 100,Precios,M,10,Nivel de precio alimentos bebidas | Nivel de precio educacion | Nivel de precio equipamiento hogar | Nivel de precio esparcimiento | Nivel de precio indumentaria,198.1_ALIMENTOS_DAS_2014_0_17 | 198.1_EDUCACIONION_2014_0_9 | 198.1_EQUIPAMIENGAR_2014_0_18 | 198.1_ESPARCIMIENTO_2014_0_13 | 198.1_INDUMENTARRIA_2014_0_12
Índice de Precios al Consumidor de la provincia de Córdoba. Nivel general y principales aperturas. Base 2014 = 100,Índice base 100,Precios,M,10,Nivel de precios de alimentos bebidas | Nivel de precios de bienes servicios varios | Nivel de precios de ensenianza | Nivel de precios de equipamiento mantenimiento hogar | Nivel de precios de esparcimiento,194.1_ALIMENTOS_DAS_2014_0_17 | 194.1_BIENES_SERIOS_2014_0_23 | 194.1_ENSENIANZANZA_2014_0_10 | 194.1_EQUIPAMIENGAR_2014_0_32 | 194.1_ESPARCIMIENTO_2014_0_13
Índice de Precios al Consumidor del Gran Resistencia Chaco. Nivel general y divisiones.,Índice base 100 en septiembre 2010,Precios,M,10,"Indumentaria y calzado | Propiedad, combustible, agua y electricidad | Alimentos y bebidas | Equipamiento y mantenimiento del hogar | Bienes y servicios varios",464.2_IPC_CHACO_ADO_0_0_32_90 | 464.2_IPC_CHACO_DAD_0_0_53_1 | 464.2_IPC_CHACO_DAS_0_0_29_94 | 464.2_IPC_CHACO_GAR_0_0_48_32 | 464.2_IPC_CHACO_IOS_0_0_35_17
Índice de Precios al Consumidor histórico,Índice base 100,Precios,M,10,Atención médica y salud | Alimentos y bebidas | Bienes y servicios varios | Educación | Equipamiento y mant. del hogar,178.1_ACION_MLUD_0_0_21 | 178.1_AENTOS_DAS_0_0_17 | 178.1_BES_SERIOS_0_0_23 | 178.1_EACIONION_0_0_9 | 178.1_EPAMIENGAR_0_0_32
"Índice de Precios al Consumidor, por capítulos. Base 10/2013 - 9/2014.",Índice oct-13/sep-14=100,Precios,T,10,Índice de Precios al Consumidor. Alimentos y bebidas. Base 10/2013 - 9/2014. Trimestral | Índice de Precios al Consumidor. Atensión médica y salud. Base 10/2013 - 9/2014. Trimestral | Índice de Precios al Consumidor. Servicios varios. Base 10/2013 - 9/2014. Trimestral | Índice de Precios al Consumidor. Equipamiento del hogar. Base 10/2013 - 9/2014. Trimestral | Índice de Precios al Consumidor. Educación. Base 10/2013 - 9/2014. Trimestral,98.2_INAB_102_0_24 | 98.2_INAMS_102_0_28 | 98.2_INBSV_102_0_30 | 98.2_INEDH_102_0_29 | 98.2_INE_102_0_16
"Índice de Precios al Consumidor, por capítulos. Base 2008. Valores mensuales",Índice abr-2008=100,Precios,M,10,IPC Alimentos y Bebidas. Base Abril 2008. Mensual | IPC Atención médica y salud. Base Abril 2008. Mensual | IPC Bienes y servicios varios. Base Abril 2008. Mensual | IPC Equipamiento del hogar Base. Abril 2008. Mensual | IPC Educación. Base Abril 2008. Mensual,97.2_IAB_2008_M_21 | 97.2_IAMS_2008_M_25 | 97.2_IBSV_2008_M_27 | 97.2_IEH_2008_M_22 | 97.2_IE_2008_M_13
"Índice de Precios al Consumidor, por capítulos. Base 2008. Valores trimestrales",Índice abr-2008=100,Precios,T,10,IPC Alimentos y Bebidas. Base Abril 2008. Trimestral | IPC Atención médica y salud. Base Abril 2008. Trimestral | IPC Bienes y servicios varios. Base Abril 2008. Trimestral | IPC Equipamiento del hogar Base. Abril 2008. Trimestral | IPC Educación. Base Abril 2008. Trimestral,97.1_IAB_2008_T_21 | 97.1_IAMS_2008_T_25 | 97.1_IBSV_2008_T_27 | 97.1_IEH_2008_T_22 | 97.1_IE_2008_T_13
"Índice de Precios al Consumidor, por capítulos. Base 2013.",Índice oct-13/sep-14=100,Precios,M,10,Índice de Precios al Consumidor. Alimentos y bebidas. Base 10/2013 - 9/2014. Mensual | Índice de Precios al Consumidor. Atensión médica y salud. Base 10/2013 - 9/2014. Mensual | Índice de Precios al Consumidor. Servicios varios. Base 10/2013 - 9/2014. Mensual | Índice de Precios al Consumidor. Equipamiento del hogar. Base 10/2013 - 9/2014. Mensual | Índice de Precios al Consumidor. Educación. Base 10/2013 - 9/2014. Mensual,98.3_INAB_2013_0_24 | 98.3_INAMS_2013_0_28 | 98.3_INBSV_2013_0_30 | 98.3_INEDH_2013_0_29 | 98.3_INE_2013_0_16
Índice de Precios al Consumidor. Bienes y servicios. Base 2003. Valores mensuales,Índice 2003=100,Precios,M,10,IPC Alimentos y Bebidas. Base 2003. Mensual | IPC Atención médica y salud. Base 2003. Mensual | IPC Bienes y servicios varios. Base 2003. Mensual | IPC Equipamiento del hogar Base. 2003. Mensual | IPC Educación. Base 2003. Mensual,100.3_I2AB_2003_M_26 | 100.3_I2AMS_2003_M_30 | 100.3_I2BSV_2003_M_32 | 100.3_I2EDH_2003_M_31 | 100.3_I2E_2003_M_18
Índice de Precios al Consumidor. Bienes y servicios. Base 2003. Valores trimestrales,Índice 2003=100,Precios,T,10,IPC Alimentos y Bebidas. Base 2003. Trimestral | IPC Atención médica y salud. Base 2003. Trimestral | IPC Bienes y servicios varios. Base 2003. Trimestral | IPC Equipamiento del hogar Base. 2003. Trimestral | IPC Educación. Base 2003. Trimestral,100.2_I2AB_2003_T_26 | 100.2_I2AMS_2003_T_30 | 100.2_I2BSV_2003_T_32 | 100.2_I2EDH_2003_T_31 | 100.2_I2E_2003_T_18
Índices de precios internacionales de productos básicos. Datos anuales,Índice 2005=100,Precios,A,10,Índice de Commodities. Alimentos y Bebidas. Anual | Índice de Commodities. Agropecuarios No Comestibles. Anual | Índice de Commodities. Alimentos. Anual | Índice de Commodities. Bebidas. Anual | Índice de Commodities. Energía. Anual,121.1_AB_0_0_17 | 121.1_ANC_0_0_28 | 121.1_A_0_0_9 | 121.1_B_0_0_7 | 121.1_EN_0_0_7
Índices de precios internacionales de productos básicos. Datos mensuales,Índice 2005=100,Precios,M,10,Índice de Commodities. Alimentos y Bebidas. Mensual | Índice de Commodities. Agropecuarios No Comestibles. Mensual | Índice de Commodities. Alimentos. Mensual | Índice de Commodities. Bebidas. Mensual | Índice de Commodities. Energía. Mensual,121.3_AB_0_0_17 | 121.3_ANC_0_0_28 | 121.3_A_0_0_9 | 121.3_B_0_0_7 | 121.3_EN_0_0_7
Índices de precios internacionales de productos básicos. Datos trimestrales,Índice 2005=100,Precios,T,10,Índice de Commodities. Alimentos y Bebidas. Trimestral | Índice de Commodities. Agropecuarios No Comestibles. Trimestral | Índice de Commodities. Alimentos. Trimestral | Índice de Commodities. Bebidas. Trimestral | Índice de Commodities. Energía. Trimestral,121.2_AB_0_0_17 | 121.2_ANC_0_0_28 | 121.2_A_0_0_9 | 121.2_B_0_0_7 | 121.2_EN_0_0_7
Ahorro del resto del mundo. Base 2004,Millones de Pesos,Actividad,A,9,Adquisiciones menos Disposiciones de Activos no Financieros no Producidos. Anual | Exportaciones de bienes y servicios. Anual | Importaciones de bienes y servicios. Anual | Préstamo / Endeudamiento Neto | Rentas Netas de Factores del Exterior. Anual,167.1_ADISP_AVOS_2004_0_37 | 167.1_E_BS_SCIOS_2004_0_13 | 167.1_I_BS_SCIOS_2004_0_13 | 167.1_PT_ENDEETO_2004_0_19 | 167.1_RAS_NETEXT_2004_0_21
Ahorro del resto del mundo. Base 2004,Millones de Pesos,Actividad,T,9,Adquisiciones menos Disposiciones de Activos no Financieros no Producidos. Trimestral | Exportaciones de bienes y servicios. Trimestral | Importaciones de bienes y servicios. Trimestral | Préstamo / Endeudamiento Neto | Rentas Netas de Factores del Exterior. Trimestral,167.2_ADISP_AVOS_2004_0_37 | 167.2_E_BS_SCIOS_2004_0_13 | 167.2_I_BS_SCIOS_2004_0_13 | 167.2_PT_ENDEETO_2004_0_19 | 167.2_RAS_NETEXT_2004_0_21
"Ahorro externo y ahorro interno, Valores anuales",Millones de pesos,Actividad,A,9,Ahorro Interno Bruto en pesos corrientes | Ahorro Nacional Bruto en pesos corrientes | Ahorro del Resto del Mundo en pesos corrientes | Discrepancia estadística y variación de existencias en pesos corrientes | Exportaciones de bienes y servicios en pesos corrientes,27.1_AIB_0_A_20 | 27.1_ANB_0_A_21 | 27.1_ARDM_0_A_22 | 27.1_DEVE_0_A_46 | 27.1_EBS_0_A_30
"Ahorro externo y ahorro interno, Valores trimestrales",Millones de pesos,Actividad,T,9,Ahorro Interno Bruto en pesos corrientes | Ahorro Nacional Bruto en pesos corrientes | Ahorro del Resto del Mundo en pesos corrientes | Discrepancia estadística y variación de existencias en pesos corrientes | Exportaciones de bienes y servicios en pesos corrientes,27.2_AIB_0_T_20 | 27.2_ANB_0_T_21 | 27.2_ARDM_0_T_22 | 27.2_DEVE_0_T_46 | 27.2_EBS_0_T_30
Brasil PIB Oferta y demanda global. Valores trimestrales,Variación porcentual,Economía Internacional,T,9,Del sector Agropecuario de Brasil | Del sector Consumo de Brasil | De Exportaciones de Brasil | Del sector Gasto público de Brasil | De Importaciones de Brasil,308.1_PIB_AGROPERIO_0_T_16 | 308.1_PIB_CONSUMUMO_0_T_11 | 308.1_PIB_EXPORTNES_0_T_17 | 308.1_PIB_GASTO_ICO_0_T_17 | 308.1_PIB_IMPORTNES_0_T_17
Datos producción y ventas por empresa,Miles de Metros Cúbicos,Actividad,A,9,"Producción de Gas Natural TOTAL AUSTRAL S.A. | Producción de Gas Natural SINOPEC ARGENTINA EXPLORATION AND PRODUCTION, INC. (ex OCCIDENTAL) | Producción de Gas Natural PAN AMERICAN ENERGY LLC | Producción de Gas Natural CHEVRON ARGENTINA S.R.L. | Producción de Gas Natural YPF S.A.",365.1_PRODUCCION.A.__42 | 365.1_PRODUCCIONION__55 | 365.1_PRODUCCIONLLC__49 | 365.1_PRODUCCIONSRL__47 | 365.1_PRODUCCION_SA__32
Datos producción y ventas por empresa,Miles de Metros Cúbicos,Actividad,M,9,"Producción de Gas Natural TOTAL AUSTRAL S.A. | Producción de Gas Natural SINOPEC ARGENTINA EXPLORATION AND PRODUCTION, INC. (ex OCCIDENTAL) | Producción de Gas Natural PAN AMERICAN ENERGY LLC | Producción de Gas Natural CHEVRON ARGENTINA S.R.L. | Producción de Gas Natural YPF S.A.",365.3_PRODUCCION.A.__42 | 365.3_PRODUCCIONION__55 | 365.3_PRODUCCIONLLC__49 | 365.3_PRODUCCIONSRL__47 | 365.3_PRODUCCION_SA__32
Datos producción y ventas por empresa,Miles de Metros Cúbicos,Actividad,T,9,"Producción de Gas Natural TOTAL AUSTRAL S.A. | Producción de Gas Natural SINOPEC ARGENTINA EXPLORATION AND PRODUCTION, INC. (ex OCCIDENTAL) | Producción de Gas Natural PAN AMERICAN ENERGY LLC | Producción de Gas Natural CHEVRON ARGENTINA S.R.L. | Producción de Gas Natural YPF S.A.",365.2_PRODUCCION.A.__42 | 365.2_PRODUCCIONION__55 | 365.2_PRODUCCIONLLC__49 | 365.2_PRODUCCIONSRL__47 | 365.2_PRODUCCION_SA__32
Índice de terminos del intercambio. Base 2004. Valores trimestrales.,Índice 2004=100,Sector Externo,T,9,Índice de precios de exportación serie trimestral | Índice de precios de importación serie trimestral | Índice de términos del intercambio serie trimestral | Variación trimestral del índice de precios de exportación en porcentaje | Variación anual del índice de precios de exportación en porcentaje,82.2_IPE_2004_T_26 | 82.2_IPI_2004_T_26 | 82.2_ITI_2004_T_27 | 82.2_VAP_2004_T_20 | 82.2_VMP_2004_T_22
Agregados monetarios,Pesos,Dinero y Bancos,M,8,Detalle desagregado de Plazo Fijo Sector Privado en pesos de 60 a 89 días | Detalle desagregado de Plazo Fijo Sector Privado en pesos de 90 a 179 días | Detalle desagregado de Plazo Fijo Sector Privado en pesos de 180 a 365 días | Detalle desagregado de Plazo Fijo Sector Privado en pesos hasta 59 días | Detalle desagregado de Plazo Fijo Sector Privado en pesos más de 366 días,90.1_DET_DESAGRIAS_0_0_49 | 90.1_DET_DESAGRIAS_0_0_50 | 90.1_DET_DESAGRIAS_0_0_51 | 90.1_DET_DESAGRIAS_0_0_52 | 90.1_DET_DESAGRMAS_0_0_46
Costo de vida en la Capital Federal. Base 1960. Valores trimestrales desde 1974,Índice,Precios,T,8,Costo de vida: alimentacion | Costo de vida: alojamiento | Costo de vida: gastos generales | Costo de vida: indumentaria | Costo de vida: menaje,356.2_ALIMENTACIION__12 | 356.2_ALOJAMIENTNTO__11 | 356.2_GASTOS_GENLES__16 | 356.2_INDUMENTARRIA__12 | 356.2_MENAJEAJE__6
Costo de vida en la Capital Federal. Valores anuales. Base 1960,Índice,Precios,A,8,Costo de vida: alimentacion | Costo de vida: alojamiento | Costo de vida: gastos generales | Costo de vida: indumentaria | Costo de vida: menaje,356.1_ALIMENTACIION__12 | 356.1_ALOJAMIENTNTO__11 | 356.1_GASTOS_GENLES__16 | 356.1_INDUMENTARRIA__12 | 356.1_MENAJEAJE__6
Empleo registrado del sector privado por sector de actividad. Valores con estacionalidad,Puestos de trabajo,Empleo e Ingresos,T,8,"Empleo registrado. Sector Privado. Agricultura, Ganadería y Pesca. | Empleo registrado. Sector Privado. Comercio. | Empleo registrado. Sector Privado. Construcción. | Empleo registrado. Sector Privado. Electricidad, Gas y Agua. | Empleo registrado. Sector Privado. Industria.",155.1_ACULTURSCA_C_0_0_27 | 155.1_CRCIOCIO_C_0_0_8 | 155.1_CTRUCCIION_C_0_0_12 | 155.1_ETRICIDGUA_C_0_0_21 | 155.1_ISTRIARIA_C_0_0_9
Empleo registrado del sector privado por sector de actividad. Valores sin estacionalidad,Puestos de trabajo,Empleo e Ingresos,T,8,"Empleo registrado. Sector Privado. Sin Estacionalidad. Agricultura, Ganadería y Pesca. | Empleo registrado. Sector Privado. Sin Estacionalidad. Comercio. | Empleo registrado. Sector Privado. Sin Estacionalidad. Construcción. | Empleo registrado. Sector Privado. Sin Estacionalidad. Electricidad, Gas y Agua. | Empleo registrado. Sector Privado. Sin Estacionalidad. Industria.",155.2_ACULTURSCA_S_0_0_27 | 155.2_CRCIOCIO_S_0_0_8 | 155.2_CTRUCCIION_S_0_0_12 | 155.2_ETRICIDGUA_S_0_0_21 | 155.2_ISTRIARIA_S_0_0_9
Importaciones. Valores anuales,Millones de dólares,Sector Externo,A,8,Importaciones de bienes de capital. En millones de dólares CIF | Importaciones de bienes de consumo. En millones de dólares CIF | Importaciones de bienes intermedios. En millones de dólares CIF | Importaciones de combustibles. En millones de dólares CIF | Importaciones de piezas y accesorios para bienes de capital. En millones de dólares CIF,76.1_IBCA_0_A_18 | 76.1_IBC_0_A_18 | 76.1_IBI_0_A_22 | 76.1_IC_0_A_15 | 76.1_IPABC_0_A_36
Importaciones. Valores mensuales,Millones de dólares,Sector Externo,M,8,Importaciones de bienes de capital. En millones de dólares CIF | Importaciones de bienes de consumo. En millones de dólares CIF | Importaciones de bienes intermedios. En millones de dólares CIF | Importaciones de combustibles. En millones de dólares CIF | Importaciones de piezas y accesorios para bienes de capital. En millones de dólares CIF,76.3_IBCA_0_M_18 | 76.3_IBC_0_M_18 | 76.3_IBI_0_M_22 | 76.3_IC_0_M_15 | 76.3_IPABC_0_M_36
Importaciones. Valores trimestrales,Millones de dólares,Sector Externo,T,8,Importaciones de bienes de capital. En millones de dólares CIF | Importaciones de bienes de consumo. En millones de dólares CIF | Importaciones de bienes intermedios. En millones de dólares CIF | Importaciones de combustibles. En millones de dólares CIF | Importaciones de piezas y accesorios para bienes de capital. En millones de dólares CIF,76.2_IBCA_0_T_18 | 76.2_IBC_0_T_18 | 76.2_IBI_0_T_22 | 76.2_IC_0_T_15 | 76.2_IPABC_0_T_36
Indicador sintético de la actividad de la construcción. Base 2004. Valores anuales,Índice 2004=100,Actividad,A,8,Indicador sintético de la actividad de la construcción de obras petroleras | Indicador sintético de la actividad de la construcción ciclo - tendencia | Indicador sintético de la actividad de la construcción de edificicios para otros destinos | Indicador sintético de la actividad de la construcción de edificicios para vivienda | Indicador sintético de la actividad de la construcción,32.1_ICP_2004_A_30 | 32.1_ICT_2004_A_20 | 32.1_IEOD_2004_A_29 | 32.1_IEV_2004_A_23 | 32.1_ING_2004_A_18
Indicador sintético de la actividad de la construcción. Base 2004. Valores mensuales (DISCONTINUADO),Índice 2004=100,Actividad,M,8,Indicador sintético de la actividad de la construcción de obras petroleras | Indicador sintético de la actividad de la construcción ciclo - tendencia | Indicador sintético de la actividad de la construcción de edificicios para otros destinos | Indicador sintético de la actividad de la construcción de edificicios para vivienda | Indicador sintético de la actividad de la construcción,32.3_ICP_2004_M_30 | 32.3_ICT_2004_M_20 | 32.3_IEOD_2004_M_29 | 32.3_IEV_2004_M_23 | 32.3_ING_2004_M_18
Indicador sintético de la actividad de la construcción. Base 2004. Valores trimestrales,Índice 2004=100,Actividad,T,8,Indicador sintético de la actividad de la construcción de obras petroleras | Indicador sintético de la actividad de la construcción ciclo - tendencia | Indicador sintético de la actividad de la construcción de edificicios para otros destinos | Indicador sintético de la actividad de la construcción de edificicios para vivienda | Indicador sintético de la actividad de la construcción,32.2_ICP_2004_T_30 | 32.2_ICT_2004_T_20 | 32.2_IEOD_2004_T_29 | 32.2_IEV_2004_T_23 | 32.2_ING_2004_T_18
Principales subgrupos de recaudación tributaria. Millones de pesos. Datos anuales,Millones de pesos,Finanzas Públicas,A,8,Recaudación DGA. Anuales | Recaudación DGI. Anuales | Recaudación DGA. Variación interanual | Recaudación DGI. Variación interanual | Recaudación Seguridad Social. Anuales,172.1_SOTAL_DDGA_0_0_12 | 172.1_SOTAL_DDGI_0_0_12 | 172.1_SOTAL_D_IAF_0_0_19 | 172.1_SOTAL_D_IA_0_0_19 | 172.1_SRIDAD_IAL_0_0_16
Reservas internacionales y pasivos financieros del BCRA,Millones de pesos,Dinero y Bancos,D,8,"Letras de Liquidez  -  Saldo en Pesos | Otros depósitos del gobierno, en millones de pesos | Pasivos monetarios, en millones de pesos | Pasivos monetarios, en millones de pesos (letras) | Posición neta de pases, en millones de pesos",92.2_LETRAS_LIQSOS_0_0_27_53 | 92.2_OTROS_DEPORNO_0_0_24_42 | 92.2_PASIVOS_MOIOS_0_0_18_34 | 92.2_PASIVOS_MOSOS_0_0_31_15 | 92.2_POSICION_NSES_0_0_19_25
Reservas internacionales y pasivos financieros del BCRA,Millones de pesos,Dinero y Bancos,M,8,"Otros depósitos del gobierno, en millones de pesos | Letras de Liquidez  -  Saldo en Pesos | Pasivos monetarios, en millones de pesos (letras) | Pasivos monetarios, en millones de pesos | Posición neta de pases, en millones de pesos",92.1_ODG_0_0_24 | 92.1_PMLD_0_0_27_100 | 92.1_PMLP_0_0_31 | 92.1_PM_0_0_18 | 92.1_PNP_0_0_19
Ventas al Mercado Interno de Producción Nacional. Base 1994. Valores anuales,Unidades,Actividad,A,8,"Ventas al mercado interno de automóviles de producción nacional, en unidades | Ventas al mercado interno de automotores nacionales de carga y pasajeros, en unidades | Ventas al mercado interno de automóviles de automotores nacionales e importados en unidades | Ventas de automotores de carga y pasajeros nacionales e importados en unidades | Ventas al mercado interno de automotores nacionales e importados total de unidades",38.1_ANA_1994_A_23 | 38.1_ANCP_1994_A_23 | 38.1_ANIA_1994_A_27 | 38.1_ANICP_1994_A_27 | 38.1_ANIT_1994_A_21
Ventas al Mercado Interno de Producción Nacional. Base 1994. Valores mensuales,Unidades,Actividad,M,8,Ventas al mercado interno de Producción Nacional de automoviles de automotores nacionales en unidades | Ventas al mercado interno de producción nacional de automotores nacionales de carga y pasajeros en unidades | Ventas al mercado interno de automóviles de automotores nacionales e importados en unidades | Ventas de automotores de carga y pasajeros nacionales e importados en unidades | Ventas al mercado interno de automotores nacionales e importados total de unidades,38.3_ANA_1994_M_23 | 38.3_ANCP_1994_M_23 | 38.3_ANIA_1994_M_27 | 38.3_ANICP_1994_M_27 | 38.3_ANIT_1994_M_21
Ventas al Mercado Interno de Producción Nacional. Base 1994. Valores trimestrales,Unidades,Actividad,T,8,Ventas al mercado interno de Producción Nacional de automoviles de automotores nacionales en unidades | Ventas al mercado interno de Producción Nacional de automotores nacionales de carga y pasajeros en unidades | Ventas al mercado interno de automóviles de automotores nacionales e importados en unidades | Ventas de automotores de carga y pasajeros nacionales e importados en unidades | Ventas al mercado interno de automotores nacionales e importados total de unidades,38.2_ANA_1994_T_23 | 38.2_ANCP_1994_T_23 | 38.2_ANIA_1994_T_27 | 38.2_ANICP_1994_T_27 | 38.2_ANIT_1994_T_21
Índice de Precios Internos Básicos del Productor. Base 1993. SERIE DISCONTINUADA. Valores mensuales,Índice 1993=100,Precios,M,8,IPP. Nivel genera l Mensual. Variación % anual. Base 1993 | IPP. Nivel general Mensual. Variación % mensual. Base 1993 | IPP. Nivel general. Base 1993. Mensual | IPP. Productos nacionales manufacturados y energía eléctrica. Base 1993. Mensual | IPP. Productos nacionales primarios. Base 1993. Mensual,108.3_I1NGVA_1993_M_38 | 108.3_I1NGVM_1993_M_40 | 108.3_I1NG_1993_M_22 | 108.3_I1PNMEE_1993_M_53 | 108.3_I1PNP_1993_M_39
Índice de salarios. Base 2012. Valores mensuales,Índice,Empleo e Ingresos,M,8,Índice del Nivel General de salarios con modificaciones del Decreto 381/07 a partir de enero 2008 (1) | Índice del Nivel General de salarios sin modificaciones del Decreto 381/07 a partir de enero 2008 (1) | Índice de salarios del sector público con modificaciones del Decreto 381/07 a partir de enero 2008 (1) | Índice de salarios del sector privado no registrado con modificaciones del Decreto 381/07 a partir de enero 2008 (1) | Índice de salarios del sector privado no registrado sin modificaciones del Decreto 381/07 a partir de enero 2008 (1),56.2_NGMD_2012_M_22 | 56.2_NGSMD_2012_M_26 | 56.2_SPMD_2012_M_22 | 56.2_SPNRMD_2012_M_32 | 56.2_SPNRSMD_2012_M_36
Índice de salarios. Base 2012. Valores trimestrales,Índice,Empleo e Ingresos,T,8,Índice del Nivel General de salarios con modificaciones del Decreto 381/07 a partir de enero 2008 (1) | Índice del Nivel General de salarios sin modificaciones del Decreto 381/07 a partir de enero 2008 (1) | Índice de salarios del sector público con modificaciones del Decreto 381/07 a partir de enero 2008 (1) | Índice de salarios del sector privado no registrado con modificaciones del Decreto 381/07 a partir de enero 2008 (1) | Índice de salarios del sector privado no registrado sin modificaciones del Decreto 381/07 a partir de enero 2008 (1),56.1_NGMD_2012_T_22 | 56.1_NGSMD_2012_T_26 | 56.1_SPMD_2012_T_22 | 56.1_SPNRMD_2012_T_32 | 56.1_SPNRSMD_2012_T_36
Datos históricos de la industria siderúrgica. Datos Anuales,Unidades,Actividad,A,7,Volúmen de produción de acero crudo | Volúmen de produción de hierro primario arrabio | Volúmen de produción de hierro primario hierro esponja | Volúmen de produción de hierro primario total | Volúmen de produción de laminados planos en caliente,359.1_ACERO_CRUDUDO__11 | 359.1_HIERRO_PRIBIO__23 | 359.1_HIERRO_PRINJA__30 | 359.1_HIERRO_PRITAL__21 | 359.1_LAMINADOS_NTE__28
Datos históricos de la industria siderúrgica. Datos mensuales,Miles de Toneladas,Actividad,M,7,Volúmen de produción de acero crudo | Volúmen de produción de hierro primario arrabio | Volúmen de produción de hierro primario hierro esponja | Volúmen de produción de hierro primario total | Volúmen de produción de laminados planos en caliente,359.3_ACERO_CRUDUDO__11 | 359.3_HIERRO_PRIBIO__23 | 359.3_HIERRO_PRINJA__30 | 359.3_HIERRO_PRITAL__21 | 359.3_LAMINADOS_NTE__28
Datos históricos de la industria siderúrgica. Datos trimestrales,Miles de Toneladas,Actividad,T,7,Volúmen de produción de acero crudo | Volúmen de produción de hierro primario arrabio | Volúmen de produción de hierro primario hierro esponja | Volúmen de produción de hierro primario total | Volúmen de produción de laminados planos en caliente,359.2_ACERO_CRUDUDO__11 | 359.2_HIERRO_PRIBIO__23 | 359.2_HIERRO_PRINJA__30 | 359.2_HIERRO_PRITAL__21 | 359.2_LAMINADOS_NTE__28
Informe Mensual de Ingresos y Gastos. Sector Público Nacional No Financiero. Valores anuales 2015-2018,Millones de pesos,Finanzas Públicas,T,7,Ingresos totales - Ingresos tributarios - Combustibles | Ingresos totales - Ingresos tributarios - Derechos de importación | Ingresos totales - Ingresos tributarios - Ganancias | Ingresos totales - Ingresos tributarios - Impuestos internos | Ingresos totales - Ingresos de capital,452.1_COMBUSTIBLLES_0_A_12_22 | 452.1_DERECHOS_IION_0_A_20_41 | 452.1_GANANCIASIAS_0_A_9_40 | 452.1_IMPUESTOS_NOS_0_A_18_32 | 452.1_INGRESOS_CTAL_0_A_16_68
"Población total, económicamente activa, ocupada, desocupada y subocupada para el total aglomerados EPH. Valores semestrales.",Miles de personas,Empleo e Ingresos,S,7,"Población desocupada del total de los aglomerados de la EPH, en miles de personas | Población ocupada del total de los aglomerados de la EPH, en miles de personas | Población económicamente activa del total de los aglomerados de la EPH, en miles de personas | Población total del total de los aglomerados de la EPH, en miles de personas | Población subocupada del total de los aglomerados de la EPH, en miles de personas",49.1_TAED_0_0_33 | 49.1_TAEO_0_0_30 | 49.1_TAEP_0_0_25 | 49.1_TAEP_0_0_37 | 49.1_TOTAL_AGLODOS_0_S_33_15
"Población total, económicamente activa, ocupada, desocupada y subocupada para el total aglomerados EPH. Valores trimestrales.",Miles de personas,Empleo e Ingresos,T,7,"Población desocupada del total de los aglomerados de la EPH, en miles de personas | Población ocupada del total de los aglomerados de la EPH, en miles de personas | Población activa del total de los aglomerados de la EPH, en miles de personas | Población total del total de los aglomerados de la EPH, en miles de personas | Población subocupada del total de los aglomerados de la EPH, en miles de personas",49.2_TAED_0_0_33 | 49.2_TAEO_0_0_30 | 49.2_TAEP_0_0_25 | 49.2_TAEP_0_0_37 | 49.2_TOTAL_AGLODOS_0_T_33_90
"Población total, económicamente activa, ocupada, desocupada y subocupada para el total urbano. Desde 1991 a 2002. Valores semestrales",Miles de personas,Empleo e Ingresos,S,7,"Población desocupada del total urbano, en miles de personas | Población ocupada del total urbano, en miles de personas | Población económicamente activa del total urbano, en miles de personas | Población total del total urbano, en miles de personas | Población subocupada del total urbano, en miles de personas",461.1_DESOCUPADOANO_0_S_24_80 | 461.1_OCUPADOS_TANO_0_S_21_11 | 461.1_PEA_TOTAL_ANO_0_S_16_2 | 461.1_POBLACION_ANO_0_S_28_46 | 461.1_SUBOCUPADOANO_0_S_24_48
"Población total, económicamente activa, ocupada, desocupada y subocupada para el total urbano. Desde 2002 a 2010. Valores trimestrales.",Miles de personas,Empleo e Ingresos,T,7,"Población desocupada del total urbano, en miles de personas | Población ocupada del total urbano, en miles de personas | Población económicamente activa del total urbano, en miles de personas | Población total del total urbano, en miles de personas | Población subocupada del total urbano, en miles de personas",461.2_DESOCUPADOANO_0_T_24_96 | 461.2_OCUPADOS_TANO_0_T_21_37 | 461.2_PEA_TOTAL_ANO_0_T_16_38 | 461.2_POBLACION_ANO_0_T_28_20 | 461.2_SUBOCUPADOANO_0_T_24_52
"Población total, económicamente activa, ocupada, desocupada y subocupada para el total urbano. Desde 2010. Valores trimestrales.",Miles de personas,Empleo e Ingresos,T,7,"Población desocupada del total urbano, en miles de personas | Población ocupada del total urbano, en miles de personas | Población económicamente activa del total urbano, en miles de personas | Población total del total urbano, en miles de personas | Población subocupada del total urbano, en miles de personas",461.3_DESOCUPADOANO_AEA_T_24_25 | 461.3_OCUPADOS_TANO_AEA_T_21_6 | 461.3_PEA_TOTAL_ANO_AEA_T_16_38 | 461.3_POBLACION_ANO_AEA_T_28_3 | 461.3_SUBOCUPADOANO_AEA_T_24_10
Salario real y poder adquisitivo en la industria. Salario hora normal. Valores anuales desde 1985,Índice,Empleo e Ingresos,A,7,Salario nominal | Del poder adquisitvo 1986=100 | Salario real 1986=100 | Variación del salario real respecto del período anterior | Variación del salario real respecto a igual período del año anterior,355.1_NOMINAL_AL_A__9 | 355.1_PODER_ADQU986__27 | 355.1_REAL_BASE_986__14 | 355.1_VARIACION_L_A__24 | 355.1_VARIACION_L_B__24
Salario real y poder adquisitivo en la industria. Salario hora normal. Valores mensuales desde 1989,Índice,Empleo e Ingresos,M,7,Salario nominal | Del poder adquisitvo 1986=100 | Salario real 1986=100 | Variación del salario real respecto del período anterior | Variación del salario real respecto a igual período del año anterior,355.2_NOMINAL_AL_A__9 | 355.2_PODER_ADQU986__27 | 355.2_REAL_BASE_986__14 | 355.2_VARIACION_L_A__24 | 355.2_VARIACION_L_B__24
Tipo de cambio $-USD - futuro dólar. Valores diarios,Tasa de Interés,Mercados Financieros,D,7,Interes abierto 12M | Interes abierto 1M | Interes abierto 2M | Interes abierto 3M | Interes abierto 4M,168.1_IRES_AB12M_D_0_0_19 | 168.1_IRES_AB_1M_D_0_0_18 | 168.1_IRES_AB_2M_D_0_0_18 | 168.1_IRES_AB_3M_D_0_0_18 | 168.1_IRES_AB_4M_D_0_0_18
Índice de Confianza del Consumidor. Serie Anual,Indice,Actividad,A,7,ICC: Desagregacion por subindices situacion macro | ICC: Desagregacion por regiones GBA | ICC: Desagregacion por regiones Interior | ICC: Desagregacion por subindices bienes durables e inmuebles | ICC: Desagregacion por subindices situacion personal,380.1_DESAGREGACCRO_0_A_40 | 380.1_DESAGREGACGBA_0_A_26 | 380.1_DESAGREGACIOR_0_A_31 | 380.1_DESAGREGACLES_0_A_50 | 380.1_DESAGREGACNAL_0_A_43
Índice de Confianza del Consumidor. Serie Mensual.,Indice,Actividad,M,7,ICC: Desagregacion por subindices situacion macro | ICC: Desagregacion por regiones GBA | ICC: Desagregacion por regiones Interior | ICC: Desagregacion por subindices bienes durables e inmuebles | ICC: Desagregacion por subindices situacion personal,380.3_DESAGREGACCRO_0_T_40 | 380.3_DESAGREGACGBA_0_T_26 | 380.3_DESAGREGACIOR_0_T_31 | 380.3_DESAGREGACLES_0_T_50 | 380.3_DESAGREGACNAL_0_T_43
Índice de Confianza del Consumidor. Serie Trimestral,Indice,Actividad,T,7,ICC: Desagregacion por subindices situacion macro | ICC: Desagregacion por regiones GBA | ICC: Desagregacion por regiones Interior | ICC: Desagregacion por subindices bienes durables e inmuebles | ICC: Desagregacion por subindices situacion personal,380.2_DESAGREGACCRO_0_T_40 | 380.2_DESAGREGACGBA_0_T_26 | 380.2_DESAGREGACIOR_0_T_31 | 380.2_DESAGREGACLES_0_T_50 | 380.2_DESAGREGACNAL_0_T_43
Índice de Precios Internos Básicos al por Mayor. Base 1993. SERIE DISCONTINUADA. Valores mensuales,Índice 1993=100,Precios,M,7,IPIB. Nivel general. Base 1993. Mensual | IPIB. Productos nacionales manufacturados y energía eléctrica. Base 1993. Mensual | IPIB. Productos nacionales primarios. Base 1993. Mensual | IPIB. Precios relativos Nacionales/Importados. Base 1993. Mensual | IPIB. Precios relativos Primarios/Manufacturados y energía eléctrica. Base 1993. Mensual,107.3_I1NG_1993_M_23 | 107.3_I1PNMEE_1993_M_54 | 107.3_I1PNP_1993_M_40 | 107.3_I1PRNI_1993_M_49 | 107.3_I1PRPMEE_1993_M_57
Índice de Precios Internos Básicos al por Mayor. SERIE DISCONTINUADA. Base 1993. Valores anuales,Índice 1993=100,Precios,A,7,IPIM. Nivel general. Base 1993. Anual | IPIM. Productos nacionales manufacturados y energía eléctrica. Base 1993. Anual | IPIM. Productos nacionales primarios. Base 1993. Anual | IPIM. Precios relativos Nacionales/Importados. Base 1993. Anual | IPIM. Precios relativos Primarios/Manufacturados y energía eléctrica. Base 1993. Anual,107.1_I1NG_1993_A_23 | 107.1_I1PNMEE_1993_A_54 | 107.1_I1PNP_1993_A_40 | 107.1_I1PRNI_1993_A_49 | 107.1_I1PRPMEE_1993_A_57
Índice de Precios Internos Básicos al por Mayor. SERIE DISCONTINUADA. Base 1993. Valores trimestrales,Índice 1993=100,Precios,T,7,IPIB. Nivel general. Base 1993. Trimestral | IPIB. Productos nacionales manufacturados y energía eléctrica. Base 1993. Trimestral | IPIB. Productos nacionales primarios. Base 1993. Trimestral | IPIB. Precios relativos Nacionales/Importados. Base 1993. Trimestral | IPIB. Precios relativos Primarios/Manufacturados y energía eléctrica. Base 1993. Trimestral,107.2_I1NG_1993_T_23 | 107.2_I1PNMEE_1993_T_54 | 107.2_I1PNP_1993_T_40 | 107.2_I1PRNI_1993_T_49 | 107.2_I1PRPMEE_1993_T_57
Índice de Precios Internos al por Mayor. Base 1993. SERIE DISCONTINUADA. Valores anuales.,Índice 1993=100,Precios,A,7,IPIM. Nivel general. Base 1993. Anual | IPIM. Productos nacionales manufacturados y energía eléctrica. Base 1993. Anual | IPIM. Productos nacionales primarios. Base 1993. Anual | IPIM. Precios relativos Nacionales/Importados. Base 1993. Anual | IPIM. Precios relativos Primarios/Manufacturados y energía eléctrica. Base 1993. Anual,106.1_I1NG_1993_A_23 | 106.1_I1PNMEE_1993_A_54 | 106.1_I1PNP_1993_A_40 | 106.1_I1PRNI_1993_A_49 | 106.1_I1PRPMEE_1993_A_51
Índice de Precios Internos al por Mayor. Base 1993. SERIE DISCONTINUADA. Valores mensuales.,Índice 1993=100,Precios,M,7,IPIM. Nivel general. Base 1993. Mensual | IPIM. Productos nacionales manufacturados y energía eléctrica. Base 1993. Mensual | IPIM. Productos nacionales primarios. Base 1993. Mensual | IPIM. Precios relativos Nacionales/Importados. Base 1993. Mensual | IPIM. Precios relativos Primarios/Manufacturados y energía eléctrica. Base 1993. Mensual,106.3_I1NG_1993_M_23 | 106.3_I1PNMEE_1993_M_47 | 106.3_I1PNP_1993_M_33 | 106.3_I1PRNI_1993_M_42 | 106.3_I1PRPMEE_1993_M_51
Índice de Precios Internos al por Mayor. Base 1993. SERIE DISCONTINUADA. Valores trimestrales.,Índice 1993=100,Precios,T,7,IPIM. Nivel general. Base 1993. Trimestral | IPIM. Productos nacionales manufacturados y energía eléctrica. Base 1993. Trimestral | IPIM. Productos nacionales primarios. Base 1993. Trimestral | IPIM. Precios relativos Nacionales/Importados. Base 1993. Trimestral | IPIM. Precios relativos Primarios/Manufacturados y energía eléctrica. Base 1993. Trimestral,106.2_I1NG_1993_T_23 | 106.2_I1PNMEE_1993_T_49 | 106.2_I1PNP_1993_T_40 | 106.2_I1PRNI_1993_T_49 | 106.2_I1PRPMEE_1993_T_51
Índice de Precios al Consumidor. Nivel General. Base diciembre 2016. Valores mensuales,Índice,Precios,M,7,IPC. Nivel General Cuyo. Base dic 2016. Mensual. | IPC. Nivel General Gran Buenos Aires. Base dic 2016. Mensual. | IPC. Nivel General Nacional. Base dic 2016. Mensual. | IPC. Nivel General Región Noreste. Base dic 2016. Mensual. | IPC. Nivel General región Noroeste. Base dic 2016. Mensual.,145.3_INGCUYUYO_DICI_M_11 | 145.3_INGGBAGBA_DICI_M_10 | 145.3_INGNACNAL_DICI_M_15 | 145.3_INGNEANEA_DICI_M_10 | 145.3_INGNOANOA_DICI_M_10
Índice de Precios al Consumidor. Nivel General. Base diciembre 2016. Valores trimestrales,Índice,Precios,T,7,IPC. Nivel General. Cuyo. Base dic 2016. Trimestral. | IPC. Nivel General. Gran Buenos Aires. Base dic 2016. Trimestral. | IPC. Nivel General. Nacional. Base dic 2016. Trimestral. | IPC. Nivel General. Región Noreste. Base dic 2016. Trimestral. | IPC. Nivel General. región Noroeste. Base dic 2016. Trimestral.,145.1_IPC_NG_CUYUYO_DICI_T_11 | 145.1_IPC_NG_GBAGBA_DICI_T_10 | 145.1_IPC_NG_NACNAL_DICI_T_15 | 145.1_IPC_NG_NEANEA_DICI_T_10 | 145.1_IPC_NG_NOANOA_DICI_T_10
Canasta básica alimentaria .Regiones del país.,pesos,Empleo e Ingresos,M,6,Canasta Básica Alimentaria. Cuyo | Canasta Básica Alimentaria. Gran Buenos Aires | Canasta Básica Alimentaria. Noreste | Canasta Básica Alimentaria. Noroeste | Canasta Básica Alimentaria. Pampeana,444.1_CANASTA_BARIACuyo_0_0_26_47 | 444.1_CANASTA_BARIAGBA_0_0_26_47 | 444.1_CANASTA_BARIANoreste_0_0_26_47 | 444.1_CANASTA_BARIANoroeste_0_0_26_47 | 444.1_CANASTA_BARIAPampeana_0_0_26_47
Canasta básica total .Regiones del país.,pesos,Empleo e Ingresos,M,6,Canasta Básica Total. Cuyo | Canasta Básica Total. Gran Buenos Aires | Canasta Básica Total. Noreste | Canasta Básica Total. Noroeste | Canasta Básica Total. Pampeana,444.1_CANASTA_batotCuyo_0_0_26_47 | 444.1_CANASTA_batotGBA_0_0_26_47 | 444.1_CANASTA_batotNoreste_0_0_26_47 | 444.1_CANASTA_batotNoroeste_0_0_26_47 | 444.1_CANASTA_batotPampeana_0_0_26_47
Datos producción y ventas de biocombustibles. Datos anuales,Metros cúbicos,Actividad,A,6,Bioetanol total producción | Bioetanol en base a maíz producción | Bioetanol en base a cania de azúcarproducción | Bioetanol total ventas al corte | Bioetanol en base a maíz ventas al corte,368.1_BIOETANOL_ION__26 | 368.1_BIOETANOL_ION__35 | 368.1_BIOETANOL_ION__38 | 368.1_BIOETANOL_RTE__28 | 368.1_BIOETANOL_RTE__32
Datos producción y ventas de biocombustibles. Datos mensuales,Metros cúbicos,Actividad,M,6,Bioetanol total producción | Bioetanol en base a maíz producción | Bioetanol en base a cania de azúcarproducción | Bioetanol total ventas al corte | Bioetanol en base a maíz ventas al corte,368.3_BIOETANOL_ION__26 | 368.3_BIOETANOL_ION__35 | 368.3_BIOETANOL_ION__38 | 368.3_BIOETANOL_RTE__28 | 368.3_BIOETANOL_RTE__32
Datos producción y ventas de biocombustibles. Datos trimestrales,Metros cúbicos,Actividad,T,6,Bioetanol total producción | Bioetanol en base a maíz producción | Bioetanol en base a cania de azúcarproducción | Bioetanol total ventas al corte | Bioetanol en base a maíz ventas al corte,368.2_BIOETANOL_ION__26 | 368.2_BIOETANOL_ION__35 | 368.2_BIOETANOL_ION__38 | 368.2_BIOETANOL_RTE__28 | 368.2_BIOETANOL_RTE__32
Embarques de Oleaginosas y Cereales. Datos anuales,Millones de Toneladas,Actividad,A,6,Embarques de Maíz | Embarques de Poroto de Soja | Embarques de Resto | Embarques de Subproductos | Embarques de Total,369.1_MAIZAIZ__4 | 369.1_POROTO_SOJOJA__11 | 369.1_RESTOSTO__5 | 369.1_SUBPRODUCTTOS__12 | 369.1_TOTALTAL__5
Embarques de Oleaginosas y Cereales. Datos mensual,Millones de Toneladas,Actividad,M,6,Embarques de Maíz | Embarques de Poroto de Soja | Embarques de Resto | Embarques de Subproductos | Embarques de Total,369.3_MAIZAIZ__4 | 369.3_POROTO_SOJOJA__11 | 369.3_RESTOSTO__5 | 369.3_SUBPRODUCTTOS__12 | 369.3_TOTALTAL__5
Embarques de Oleaginosas y Cereales. Datos trimestral,Millones de Toneladas,Actividad,T,6,Embarques de Maíz | Embarques de Poroto de Soja | Embarques de Resto | Embarques de Subproductos | Embarques de Total,369.2_MAIZAIZ__4 | 369.2_POROTO_SOJOJA__11 | 369.2_RESTOSTO__5 | 369.2_SUBPRODUCTTOS__12 | 369.2_TOTALTAL__5
Flujos de Inversión Extranjera Directa. Valores trimestrales,Millones de dólares,Sector Externo,T,6,"Instrumentos de deuda | Participaciones de capital, distintas de reinversión de utilidades y aportes | Participaciones de capital, distintas de reinversión de utilidades y transferencias | Reinversión de utilidades | Total de flujos de inversión extranjera directa",314.1_INSTRUMENTUDA_0_T_18 | 314.1_PARTICIPACTES_0_T_52 | 314.1_PARTICIP_CIAS_0_T_52 | 314.1_REINVERSIODES_0_T_22 | 314.1_TOTALTAL_0_T_5
"Obreros ocupados, horas trabajadas y salarios en la industria. Valores trimestrales",Variación Porcentual,Empleo e Ingresos,T,6,Variaciones anuales de horas trabajadas en la industria | Variaciones anuales de obreros ocupados en la industria | Variaciones anuales de salario por obrero ocupado en la industria | Variaciones trimestrales de horas trabajadas en la industria | Variaciones trimestrales de obreros ocupados en la industria,55.1_VAHT_T_0_0_36 | 55.1_VAOO_T_0_0_36 | 55.1_VASO_T_0_0_34 | 55.1_VTHT_T_0_0_41 | 55.1_VTOO_T_0_0_41
Oferta y Demanda Global. Precios constantes desestacionalizados. Base 1993. Valores anuales.,Millones de pesos a precios de 1993,Actividad,A,6,"Consumo privado desestacionalizado, en millones de pesos de 1993 y Trimestral | Consumo publico desestacionalizado, en millones de pesos de 1993 y Trimestral | Exportaciones desestacionalizadas, en millones de pesos de 1993 y Trimestral | Inversion bruta interna fija desestacionalizada, en millones de pesos de 1993 y Trimestral | Importaciones desestacionalizadas, en millones de pesos de 1993 y Trimestral",1.1_DGCP_D_1993_A_27 | 1.1_DGCP_D_1993_A_30 | 1.1_DGE_D_1993_A_26 | 1.1_DGI_D_1993_A_19 | 1.1_OGI_D_1993_A_25
Oferta y Demanda Global. Precios constantes desestacionalizados. Base 1993. Valores trimestrales.,Millones de pesos a precios de 1993,Actividad,T,6,"Consumo publico, en millones de pesos de 1993 y Anual. | Inversion bruta interna fija, en millones de pesos de 1993 y Anual. | Oferta global total a precios de comprador, en millones de pesos de 1993 y Anual. | Consumo privado, en millones de pesos de 1993 y Anual. | Importación a precios de comprador, en millones de pesos de 1993 y Anual.",1.2_DGCP_D_1993_T_27 | 1.2_DGCP_D_1993_T_30 | 1.2_DGE_D_1993_T_26 | 1.2_DGI_D_1993_T_19 | 1.2_OGI_D_1993_T_25
Oferta y Demanda Global. Precios constantes desestacionalizados. Base 2004. Valores anuales.,Millones de pesos a precios de 2004,Actividad,A,6,"Consumo privado desestacionalizado, en millones de pesos de 2004 y Trimestral | Consumo publico desestacionalizado, en millones de pesos de 2004 y Trimestral | Exportaciones desestacionalizadas, en millones de pesos de 2004 y Trimestral | Inversion bruta interna fija desestacionalizada, en millones de pesos de 2004 y Trimestral | Importaciones desestacionalizadas, en millones de pesos de 2004 y Trimestral",3.1_DGCP_D_2004_A_27 | 3.1_DGCP_D_2004_A_30 | 3.1_DGE_D_2004_A_26 | 3.1_DGI_D_2004_A_19 | 3.1_OGI_D_2004_A_25
Oferta y Demanda Global. Precios constantes desestacionalizados. Base 2004. Valores trimestrales.,Millones de pesos a precios de 2004,Actividad,T,6,"Consumo privado, en millones de pesos de 2004 y Anual. | Consumo publico, en millones de pesos de 2004 y Anual. | Exportación a precios de comprador, en millones de pesos de 2004 y Trimestral. | Inversion bruta interna fija, en millones de pesos de 2004 y Anual. | Importación a precios de comprador, en millones de pesos de 2004 y Trimestral.",3.2_DGCP_D_2004_T_27 | 3.2_DGCP_D_2004_T_30 | 3.2_DGE_D_2004_T_26 | 3.2_DGI_D_2004_T_19 | 3.2_OGI_D_2004_T_25
Tasas de variación acumuladas de los meses del trimestre,Porcentaje,Precios,T,6,Tasas de variación del Índice de precios combinado (IPC - IPIM). En porcentaje | Tasas de variación de precios del Índice del Costo de la Construcción (ICC). En porcentaje | Tasas de variación del Índice de Precios Básicos al Productor (IPBP). En porcentaje | Tasas de variación del Índice de Precios al Consumidor (IPC). En porcentaje | Tasas de variación del Índice de Precios Internos al por Mayor (IPIM). En porcentaje,95.1_IC_0_0_12 | 95.1_IC_0_0_15 | 95.1_IP_0_0_4 | 95.1_I_0_0_3 | 95.1_I_0_0_4
Ventas de Supermercados Base 1996 y evolución de artículos por grupos base 2008. Mensuales. SERIES DESCONTINUADAS,Millones de pesos,Actividad,M,6,"Evolución mensual de las ventas de artículos electrónicos para el hogar en miles de pesos | Evolución mensual de las ventas de alimentos y bebidas en miles de pesos | Evolución mensual de las ventas de indumentaria, calzado y textiles para el hogar en miles de pesos | Evolución mensual de las ventas de articulos de limpieza y perfumería en miles de pesos | Evolución mensual de las ventas de otros artículos en miles de pesos",36.3_EMVGAAH_1996_0_58 | 36.3_EMVGAB_1996_0_58 | 36.3_EMVGACTH_1996_0_59 | 36.3_EMVGALP_1996_0_58 | 36.3_EMVGAO_1996_0_47
Ventas de Supermercados Base 1996 y evolución de artículos por grupos base 2008. Valores anuales.  SERIES DESCONTINUADAS,Millones de pesos,Actividad,A,6,"Evolución mensual de las ventas de alimentos y bebidas en miles de pesos | Evolución mensual de las ventas de artículos electrónicos para el hogar en miles de pesos | Evolución mensual de las ventas de indumentaria, calzado y textiles para el hogar en miles de pesos | Evolución mensual de las ventas de articulos de limpieza y perfumería en miles de pesos | Evolución mensual de las ventas de otros artículos en miles de pesos",36.1_EMVGAAB_1996_A_59 | 36.1_EMVGAAH_1996_A_58 | 36.1_EMVGAICTH_1996_A_59 | 36.1_EMVGALP_1996_A_56 | 36.1_EMVGAO_1996_A_47
Ventas de Supermercados Base 1996 y evolución de artículos por grupos base 2008. Valores trimestrales. SERIES DESCONTINUADAS,Millones de pesos,Actividad,T,6,"Evolución mensual de las ventas por grupos de artículos. Total en miles de pesos (base 2008) | Evolución mensual de las ventas de alimentos y bebidas en miles de pesos | Evolución mensual de las ventas de artículos electrónicos para el hogar en miles de pesos | Evolución mensual de las ventas de indumentaria, calzado y textiles para el hogar en miles de pesos | Evolución mensual de las ventas de articulos de limpieza y perfumería en miles de pesos",36.2_EMVGA2_1996_T_51 | 36.2_EMVGAAB_1996_T_59 | 36.2_EMVGAAH_1996_T_58 | 36.2_EMVGACTH_1996_T_59 | 36.2_EMVGALP_1996_T_56
Ventas totales nacionales en Centros de Compras. Valores mensuales,Miles de pesos,Actividad,M,6,Ventas centros de compras. Ventas GBA a precios corrientes | Ventas centros de compras. Ventas GBA a precios constantes | Ventas centros de compras. Ventas resto del país a precios corrientes | Ventas centros de compras. Ventas resto del país a precios constantes | Ventas centros de compras. Ventas totales a precios corrientes,458.1_VENTAS_GBATES_ABRI_M_29_66 | 458.1_VENTAS_GBATES_ABRI_M_29_80 | 458.1_VENTAS_RESTES_ABRI_M_31_4 | 458.1_VENTAS_RESTES_ABRI_M_31_8 | 458.1_VENTAS_TOTTES_ABRI_M_33_26
Índice de Confianza en el Gobierno. Serie anual.,Indice,Actividad,A,6,ICG. Desagregación Capacidad | ICG. Desagregación Eficiencia | ICG. Desagregación Evaluación General | ICG. Desagregación Honestidad | ICG Nivel General,370.1_CAPACIDADDAD_0_0_9_39 | 370.1_EFICIENCIACIA_0_0_10_1 | 370.1_EVALUACIONRAL_0_0_18_78 | 370.1_HONESTIDADDAD_0_0_10_7 | 370.1_ICG_NIVEL_RAL_0_0_17_84
Índice de Confianza en el Gobierno. Serie mensual.,Indice,Actividad,M,6,ICG. Desagregación Capacidad | ICG. Desagregación Eficiencia | ICG. Desagregación Evaluación General | ICG. Desagregación Honestidad | ICG Nivel General,370.3_CAPACIDADDAD_0_0_9_83 | 370.3_EFICIENCIACIA_0_0_10_66 | 370.3_EVALUACIONRAL_0_0_18_90 | 370.3_HONESTIDADDAD_0_0_10_58 | 370.3_ICG_NIVEL_RAL_0_0_17_94
Índice de Confianza en el Gobierno. Serie trimestral.,Indice,Actividad,T,6,ICG. Desagregación Capacidad | ICG. Desagregación Eficiencia | ICG. Desagregación Evaluación General | ICG. Desagregación Honestidad | ICG Nivel General,370.2_CAPACIDADDAD_0_0_9_12 | 370.2_EFICIENCIACIA_0_0_10_38 | 370.2_EVALUACIONRAL_0_0_18_92 | 370.2_HONESTIDADDAD_0_0_10_72 | 370.2_ICG_NIVEL_RAL_0_0_17_40
Índice de Precios Internos Básicos al por Mayor. Base 1993. SERIE DISCONTINUADA. Valores mensuales,Porcentaje,Precios,M,6,IPIB. Nivel general mensual. Variación % anual. Base 1993 | IPIB. Nivel general mensual. Variación % mensual. Base 1993 | IPIB. Productos importados. Variación % mensual. Base 1993 | IPIB. Productos nacionales manufacturados y energía eléctrica. Variación % mensual. Base 1993 | IPIB. Productos nacionales primarios. Variación % mensual. Base 1993,107.3_I1NGVA_1993_M_39 | 107.3_I1NGVM_1993_M_41 | 107.3_I1PIVM_1993_M_48 | 107.3_I1PNMEEVM_1993_M_56 | 107.3_I1PNPVM_1993_M_58
Índice de Precios Internos al por Mayor. Base 1993. SERIE DISCONTINUADA. Valores mensuales.,Porcentaje,Precios,M,6,IPIM. Nivel general mensual. Variación % anual. Base 1993 | IPIM. Nivel general mensual. Variación % mensual. Base 1993 | IPIM. Productos nacionales manufacturados y energía eléctrica. Variación % mensual. Base 1993 | IPIM. Productos nacionales primarios. Variación % mensual. Base 1993 | IPIM. Total productos nacionales. Variación % mensual. Base 1993,106.3_I1NGVA_1993_M_39 | 106.3_I1NGVM_1993_M_41 | 106.3_I1PNMEEVM_1993_M_51 | 106.3_I1PNPVM_1993_M_45 | 106.3_I1TPNVM_1993_M_47
"Índice de Precios al Consumidor GBA, por grupos. Datos mensuales. Base abril 2008.",Índice abr-2008=100,Precios,M,6,Índice de precios al consumidor estacionales. Mensual | Índice de precios al consumidor nivel general. Mensual | Índice de precios al consumidor regulados. Mensual | Índice de precios al consumidor IPC resto. Mensual | Índice de precios al consumidor precios relativos estacionales/ipc resto. Mensual,99.3_IE_2008_0_16 | 99.3_ING_2008_0_17 | 99.3_IR_2008_0_13 | 99.3_IR_2008_0_9 | 99.3_PREIR_2008_0_40
"Índice de Precios al Consumidor GBA, por grupos. Datos trimestrales. Base abril 2008.",Índice abr-2008=100,Precios,T,6,Índice de precios al consumidor estacionales. Trimestral | Índice de precios al consumidor nivel general. Trimestral | Índice de precios al consumidor regulados. Trimestral | Índice de precios al consumidor IPC resto. Trimestral | Índice de precios al consumidor precios relativos estacionales/ipc resto. Trimestral,99.2_IE_2008_0_16 | 99.2_ING_2008_0_17 | 99.2_IR_2008_0_13 | 99.2_IR_2008_0_9 | 99.2_PREIR_2008_0_40
Índice de terminos del intercambio. Base 2004. Valores anuales.,Índice 2004=100,Sector Externo,A,6,Índice de precios de exportación serie anual | Índice de precios de importanción serie anual | Índice de términos del intercambio serie anual | Variación anual del índice de precios de exportación en porcentaje | Variación anual del índice de precios de importación en porcentaje,82.1_IPE_2004_A_26 | 82.1_IPI_2004_A_26 | 82.1_ITI_2004_A_27 | 82.1_VMP_2004_A_22 | 82.1_VPP1_2004_A_23
Canasta Básica Alimentaria y Total por adulto equivalente desde 2016. Pesos corrientes. Valores mensuales,Pesos corrientes,Precios,M,5,Canasta básica alimentaria desde 2016. Pesos corrientes. | Canasta básica total desde 2016. Pesos corrientes. | Índice de Coeficiente de Engel desde 2016 | Línea de indigencia desde 2016. Pesos corrientes. | Línea de pobreza desde 2016. Pesos corrientes.,150.1_CSTA_BARIA_0_D_26 | 150.1_CSTA_BATAL_0_D_20 | 150.1_IRSA_COGEL_0_D_25 | 150.1_LA_INDICIA_0_D_16 | 150.1_LA_POBREZA_0_D_13
"Canasta Básica Alimentaria y Total por adulto equivalente, y Lineas de indigencia y pobreza desde 1992. GBA. Pesos corrientes. Valores mensuales",Pesos corrientes,Empleo e Ingresos,S,5,Canasta básica alimentaria en pesos corrientes desde 1992 hasta 2000 | Canasta básica total en pesos corrientes desde 1992 hasta 2000 | Índice de Coeficiente de Engel desde 1992 hasta 2000 | Línea de indigencia en pesos corrientes desde 1992 hasta 2000 | Línea de pobreza en pesos corrientes desde 1992 hasta 2000,59.3_CSTA_BARIA_0_0_26 | 59.3_CSTA_BATAL_0_0_20 | 59.3_IRSA_COGEL_0_0_25 | 59.3_LA_INDICIA_0_0_16 | 59.3_LA_POBREZA_0_0_13
"Canasta Básica Alimentaria y Total por adulto equivalente, y Lineas de indigencia y pobreza desde 2000. GBA. Pesos corrientes. Valores mensuales",Pesos corrientes,Empleo e Ingresos,M,5,Canasta básica alimentaria en pesos corrientes desde 2000 hasta 2000 | Canasta básica total en pesos corrientes desde 2000 hasta 2000 | Índice de Coeficiente de Engel desde 2000 hasta 2000 | Línea de indigencia en pesos corrientes desde 2000 hasta 2000 | Línea de pobreza en pesos corrientes desde 2000 hasta 2000,59.4_CSTA_BARIA_0_0_26 | 59.4_CSTA_BATAL_0_0_20 | 59.4_IRSA_COGEL_0_0_25 | 59.4_LA_INDICIA_0_0_16 | 59.4_LA_POBREZA_0_0_13
Datos pozos y metros perforados,Cantidad de pozos,Actividad,A,5,Pozos termnados Avanzada | Pozos termnados Servicio | Pozos termnados Explotación | Pozos termnados Exploración | Pozos termnados Total general,366.1_POZOS_TERMADA__25 | 366.1_POZOS_TERMCIO__25 | 366.1_POZOS_TERMION_I__28 | 366.1_POZOS_TERMION__28 | 366.1_POZOS_TERMRAL__30
Datos pozos y metros perforados,Cantidad de pozos,Actividad,M,5,Pozos termnados Avanzada | Pozos termnados Servicio | Pozos termnados Explotación | Pozos termnados Exploración | Pozos termnados Total general,366.3_POZOS_TERMADA__25 | 366.3_POZOS_TERMCIO__25 | 366.3_POZOS_TERMION_I__28 | 366.3_POZOS_TERMION__28 | 366.3_POZOS_TERMRAL__30
Datos pozos y metros perforados,Cantidad de pozos,Actividad,T,5,Pozos termnados Avanzada | Pozos termnados Servicio | Pozos termnados Explotación | Pozos termnados Exploración | Pozos termnados Total general,366.2_POZOS_TERMADA__25 | 366.2_POZOS_TERMCIO__25 | 366.2_POZOS_TERMION_I__28 | 366.2_POZOS_TERMION__28 | 366.2_POZOS_TERMRAL__30
Datos pozos y metros perforados,Metros,Actividad,A,5,Metros perforados Avanzada | Metros perforados Servicio | Metros perforados Explotación | Metros perforados Exploración | Metros perforados Total general,366.1_METROS_PERADA__26 | 366.1_METROS_PERCIO__26 | 366.1_METROS_PERION_II__29 | 366.1_METROS_PERION__29 | 366.1_METROS_PERRAL__31
Datos pozos y metros perforados,Metros,Actividad,M,5,Metros perforados Avanzada | Metros perforados Servicio | Metros perforados Explotación | Metros perforados Exploración | Metros perforados Total general,366.3_METROS_PERADA__26 | 366.3_METROS_PERCIO__26 | 366.3_METROS_PERION_II__29 | 366.3_METROS_PERION__29 | 366.3_METROS_PERRAL__31
Datos pozos y metros perforados,Metros,Actividad,T,5,Metros perforados Avanzada | Metros perforados Servicio | Metros perforados Explotación | Metros perforados Exploración | Metros perforados Total general,366.2_METROS_PERADA__26 | 366.2_METROS_PERCIO__26 | 366.2_METROS_PERION_II__29 | 366.2_METROS_PERION__29 | 366.2_METROS_PERRAL__31
Distribución funcional del ingreso en el total de la economía y en el sector privado. Como porcentaje del Producto Interno Bruto a costo de factores. Valores trimestrales,Porcentaje,Empleo e Ingresos,T,5,Excedente bruto de explotación del total de la economía | Ingreso mixto bruto del total de la economía | Impuestos netos de subsidios a la actividad | PIB a costo de factores | Remuneración del trabajo asalariado del total de la economía,53.1_EBE_0_0_27 | 53.1_TIMB_0_0_25 | 53.1_TINSA_0_0_41 | 53.1_TPC_0_0_12 | 53.1_TRTA_0_0_37
Estadisticas de Servicios Públicos. Base 1993. Valores mensuales.,Miles de pasajes,Actividad,M,5,Transporte de pasajeros dentro del servicio de cabotaje nacional de aeronavegacion comercial en miles de pasajes | Transporte de pasajeros del Servicio Ferroviario interurbano en miles de pasajes | Transporte de pasajeros del Servicio Ferroviario urbano en miles de pasajes | Transporte de pasajeros de servicios Subterráneos de Metrovías SA en miles de pasajes | Transporte de pasajeros del servicio de transporte automotor metropolitano en miles de pasajes,35.3_CNPSAC_1993_M_53 | 35.3_PSFI_1993_M_34 | 35.3_PSFU_1993_M_29 | 35.3_PSSM_1993_M_33 | 35.3_PSTAM_1993_M_39
Estadisticas de Servicios Públicos. Base 1993. Valores trimestrales.,Miles de pasajes,Actividad,T,5,Transporte de pasajeros dentro del servicio de cabotaje nacional de aeronavegacion comercial en miles de pasajes | Transporte de pasajeros del Servicio Ferroviario interurbano en miles de pasajes | Transporte de pasajeros del Servicio Ferroviario urbano en miles de pasajes | Transporte de pasajeros de servicios Subterráneos de Metrovías SA en miles de pasajes | Transporte de pasajeros del servicio de transporte automotor metropolitano en miles de pasajes,35.2_CNPSAC_1993_T_53 | 35.2_PSFI_1993_T_34 | 35.2_PSFU_1993_T_29 | 35.2_PSSMS_1993_T_36 | 35.2_PSTAM_1993_T_39
Estadísticas de Servicios Públicos. Base 1993. Valores anuales.,Miles de pasajes,Actividad,A,5,Transporte de pasajeros dentro del servicio de cabotaje nacional de aeronavegacion comercial en miles de pasajes | Transporte de pasajeros del Servicio Ferroviario interurbano en miles de pasajes | Transporte de pasajeros del Servicio Ferroviario urbano en miles de pasajes | Transporte de pasajeros de servicios Subterráneos de Metrovías SA en miles de pasajes | Transporte de pasajeros del servicio de transporte automotor metropolitano en miles de pasajes,35.1_CNPSAC_1993_A_53 | 35.1_PSFI_1993_A_34 | 35.1_PSFU_1993_A_29 | 35.1_PSSM_1993_A_33 | 35.1_PSTAM_1993_A_39
Ingreso de la Inversión Extranjera Directa. Valores trimestrales,Millones de dólares,Sector Externo,T,5,Intereses generados del ingreso de inversión extranjera directa | Renta procedente de participaciones de capital Distribución de utilidades | Renta procedente de participaciones de capital Reinversión de utilidades | Total ingreso de inversión extranjera directa | Total Renta procedente de participaciones de capital,315.1_INTERESESSES_0_T_9 | 315.1_RENTA_PROCDAD_0_T_49 | 315.1_RENTA_PROCLID_0_T_45 | 315.1_TOTALTAL_0_T_5 | 315.1_TOTAL_RENTTAL_0_T_33
Principales tasas de Interés de Referencia de las principales economías del mundo. Valores mensuales,Porcentaje,Economía Internacional,M,5,FF (Federal Funds) - EE.UU - Tasa | MRO (Main Refinancing Operations) - Zona Euro - Tasa | Overnight Interest Rate - Japón - Tasa | Repo - Inglaterra - Tasa | Selic - Brasil - Tasa,131.1_FET_0_0_12 | 131.1_MZT_0_0_18 | 131.1_OIRJT_0_0_34 | 131.1_RIT_0_0_20 | 131.1_SBT_0_0_17
Series históricas de estadísticas monetarias de Argentina,Millones de dólares,Dinero y Bancos,M,5,Agregados USD M1 | Agregados USD M2 | Agregados USD M3 | Reservas Internacionales BCRA Saldos | Reservas Internacionales BCRA Promedio mensual de saldos diarios,174.1_AGADOS_M1_0_0_16 | 174.1_AGADOS_M2_0_0_16 | 174.1_AGADOS_M3_0_0_16 | 174.1_RRVAS_IDOS_0_0_36 | 174.1_RRVAS_IIOS_0_0_60
Ventas al Mercado Interno de Producción Nacional. Base 1994. Valores anuales,Millones de paquetes,Actividad,A,5,Ventas al mercado interno de Producción Nacional de Cigarrillos en millones de paquetes del 1er cuartil | Ventas al mercado interno de Producción Nacional de Cigarrillos en millones de paquetes del 4to  cuartil | Ventas al mercado interno de Producción Nacional de Cigarrillos en millones de paquetes del 3er  cuartil | Ventas al mercado interno de Producción Nacional de Cigarrillos en millones de paquetes del 2do  cuartil | Ventas al mercado interno de Producción Nacional de Cigarrillos en millones de paquetes,38.1_CIGARRILLOTIL_1994_A_23_47 | 38.1_CIGARRILLOTIL_1994_A_23_54 | 38.1_CIGARRILLOTIL_1994_A_23_70 | 38.1_CIGARRILLOTIL_1994_A_23_76 | 38.1_C_1994_A_11
Ventas al Mercado Interno de Producción Nacional. Base 1994. Valores mensuales,Millones de paquetes,Actividad,M,5,Ventas al mercado interno de Producción Nacional de Cigarrillos en millones de paquetes del 3er cuartil | Ventas al mercado interno de Producción Nacional de Cigarrillos en millones de paquetes del 4to cuartil | Ventas al mercado interno de Producción Nacional de Cigarrillos en millones de paquetes del 2do cuartil | Ventas al mercado interno de Producción Nacional de Cigarrillos en millones de paquetes 1er cuartil | Ventas totales al mercado interno  Producción Nacional de Cigarrillos en millones de paquetes,38.3_CIGARRILLOTIL_1994_M_23_25 | 38.3_CIGARRILLOTIL_1994_M_23_30 | 38.3_CIGARRILLOTIL_1994_M_23_38 | 38.3_CIGARRILLOTIL_1994_M_23_40 | 38.3_C_1994_M_11
Ventas al Mercado Interno de Producción Nacional. Base 1994. Valores trimestrales,Millones de paquetes,Actividad,T,5,Ventas al mercado interno de Producción Nacional de Cigarrillos en millones de paquetes del 2do  cuartil | Ventas al mercado interno de Producción Nacional de Cigarrillos en millones de paquetes del 4to  cuartil | Ventas al mercado interno de Producción Nacional de Cigarrillos en millones de paquetes del 3er  cuartil | Ventas al mercado interno de Producción Nacional de Cigarrillos en millones de paquetes 1er cuartil | Ventas al mercado interno de Producción Nacional de Cigarrillos en millones de paquetes,38.2_CIGARRILLOTIL_1994_T_23_24 | 38.2_CIGARRILLOTIL_1994_T_23_30 | 38.2_CIGARRILLOTIL_1994_T_23_31 | 38.2_CIGARRILLOTIL_1994_T_23_47 | 38.2_C_1994_T_11
Índice de Costo de la Construcción. Base 1993. Valores anuales,Índice 1993=100,Precios,A,5,ICC. Gastos generales. Base 1933. Anual | ICC. Mano de obra/Materiales. Base 1933. Anual | ICC. Mano de obra. Base 1933. Anual | ICC. Materiales. Base 1933. Anual | ICC. Nivel general. Base 1933. Anual,109.1_I1GG_1993_A_25 | 109.1_I1MOM_1993_A_29 | 109.1_I1MO_1993_A_18 | 109.1_I1M_1993_A_19 | 109.1_I1NG_1993_A_22
Índice de Costo de la Construcción. Base 1993. Valores mensual,Índice 1993=100,Precios,M,5,ICC. Gastos generales. Base 1933. Mensual | ICC. Mano de obra/Materiales. Base 1933. Mensual | ICC. Mano de obra. Base 1933. Mensual | ICC. Materiales. Base 1933. Mensual | ICC. Nivel general. Base 1933. Mensual,109.3_I1GG_1993_A_25 | 109.3_I1MOM_1993_A_29 | 109.3_I1MO_1993_A_18 | 109.3_I1M_1993_A_19 | 109.3_I1NG_1993_A_22
Índice de Costo de la Construcción. Base 1993. Valores trimestral,Índice 1993=100,Precios,T,5,ICC. Gastos generales. Base 1933. Trimestral | ICC. Mano de obra/Materiales. Base 1933. Trimestral | ICC. Mano de obra. Base 1933. Trimestral | ICC. Materiales. Base 1933. Trimestral | ICC. Nivel general. Base 1933. Trimestral,109.2_I1GG_1993_A_25 | 109.2_I1MOM_1993_A_29 | 109.2_I1MO_1993_A_18 | 109.2_I1M_1993_A_19 | 109.2_I1NG_1993_A_22
Índice de Precios Internos Básicos del Productor. Base 1993. SERIE DISCONTINUADA. Valores anuales,Índice 1993=100,Precios,A,5,IPP. Nivel general. Base 1993. Anual | IPP. Productos nacionales manufacturados y energía eléctrica. Base 1993. Anual | IPP. Productos nacionales primarios. Base 1993. Anual | IPP. Precios relativos Primarios/Manufacturados y energía eléctrica. Base 1993. Anual | IPP. Total productos nacionales. Base 1993. Anual,108.1_I1NG_1993_A_22 | 108.1_I1PNMEE_1993_A_53 | 108.1_I1PNP_1993_A_39 | 108.1_I1PRPMEE_1993_A_56 | 108.1_I1TPN_1993_A_35
Índice de Precios Internos Básicos del Productor. Base 1993. SERIE DISCONTINUADA. Valores trimestrales,Índice 1993=100,Precios,T,5,IPP. Nivel general. Base 1993. Trimestral | IPP. Productos nacionales manufacturados y energía eléctrica. Base 1993. Trimestral | IPP. Productos nacionales primarios. Base 1993. Trimestral | IPP. Precios relativos Primarios/Manufacturados y energía eléctrica. Base 1993. Trimestral | IPP. Total productos nacionales. Base 1993. Trimestral,108.2_I1NG_1993_T_22 | 108.2_I1PNMEE_1993_T_53 | 108.2_I1PNP_1993_T_39 | 108.2_I1PRPMEE_1993_T_56 | 108.2_I1TPN_1993_T_35
"Índice de Precios al Consumidor GBA, por grupos. Datos anuales. Base abril 2008.",Índice abr-2008=100,Precios,A,5,Índice de precios al consumidor estacionales. Anual | Índice de precios al consumidor nivel general. Anual | Índice de precios al consumidor regulados. Anual | Índice de precios al consumidor IPC resto. Anual | Índice de precios al consumidor precios relativos estacionales/ipc resto. Anual,99.1_IE_2008_0_16 | 99.1_ING_2008_0_17 | 99.1_IR_2008_0_13 | 99.1_IR_2008_0_9 | 99.1_PREIR_2008_0_40
Índice de salarios. Base octubre 2016.  Valores mensuales.,Índice,Empleo e Ingresos,M,5,Índice de Salarios. Empleo registrado. Sector privado. | Índice de Salarios. Empleo no registrado. Sector privado. | Índice de Salarios. Empleo registrado. Sector público. | Índice de Salarios | Índice de Salarios. Empleo registrado.,149.1_SOR_PRIADO_OCTU_0_25 | 149.1_SOR_PRIADO_OCTU_0_28 | 149.1_SOR_PUBICO_OCTU_0_14 | 149.1_TL_INDIIOS_OCTU_0_21 | 149.1_TL_REGIADO_OCTU_0_16
Índices Bursátiles de Argentina.,Índice,Mercados Financieros,D,5,Índice Bucarp del IAMC | Índice Bolsa G del IAMC | Índice Merval del IAMC | Índice Merval 25 del IAMC | Índice Merval Argentina del IAMC,169.1_BAPCAP_0_0_6 | 169.1_BA_GA_G_0_0_7 | 169.1_MALVAL_0_0_6 | 169.1_MAL_25_25_0_0_9 | 169.1_MAL_ARGARG_0_0_10
"Canasta Básica Alimentaria y Total por adulto equivalente, y Lineas de indigencia y pobreza desde 1988. GBA. Pesos corrientes. Valores mensuales",Pesos corrientes,Empleo e Ingresos,T,4,Canasta básica alimentaria desde 2000 hasta 2006. Pesos corrientes. | Canasta básica total desde 2000 hasta 2006. Pesos corrientes. | Línea de indigencia desde 2000 hasta 2006. Pesos corrientes. | Línea de pobreza desde 2000 hasta 2006. Pesos corrientes.,59.2_CBA_0_D_26 | 59.2_CBT_0_D_20 | 59.2_LI_0_D_16 | 59.2_LP_0_D_13
Captura pesquera por categorías. Valores anuales,Toneladas,Actividad,A,4,"Captura pesquera, total crustáceos, Anual en toneladas | Captura pesquera, total general, Anual en toneladas | Captura pesquera, total moluscos, Anual en toneladas | Captura pesquera, total peces, Anual en toneladas",39.1_TC_0_A_16 | 39.1_TG_0_A_13 | 39.1_TM_0_A_14 | 39.1_TP_0_A_11
Captura pesquera por categorías. Valores mensuales,Toneladas,Actividad,M,4,"Captura pesquera, total crustáceos, Mensual en toneladas | Captura pesquera, total general, Mensual en toneladas | Captura pesquera, total moluscos, Mensual en toneladas | Captura pesquera, total peces, Mensual en toneladas",39.3_TC_0_M_16 | 39.3_TG_0_M_13 | 39.3_TM_0_M_14 | 39.3_TP_0_M_11
Captura pesquera por categorías. Valores trimestrales,Toneladas,Actividad,T,4,"Captura pesquera, total crustáceos, Trimestral en toneladas | Captura pesquera, total general, Trimestral en toneladas | Captura pesquera, total moluscos, Trimestral en toneladas | Captura pesquera, total peces, Trimestral en toneladas",39.2_TC_0_T_16 | 39.2_TG_0_T_13 | 39.2_TM_0_T_14 | 39.2_TP_0_T_11
Datos producción y ventas de biocombustibles. Datos anuales,Toneladas,Actividad,A,4,Biodisel exportaciones | Biodisel otras ventas al mercado interno | Biodisel producción | Biodisel ventas al corte,368.1_BIODISEL_ENES__22 | 368.1_BIODISEL_ORNO__40 | 368.1_BIODISEL_PION__19 | 368.1_BIODISEL_VRTE__24
Datos producción y ventas de biocombustibles. Datos mensuales,Toneladas,Actividad,M,4,Biodisel exportaciones | Biodisel otras ventas al mercado interno | Biodisel producción | Biodisel ventas al corte,368.3_BIODISEL_ENES__22 | 368.3_BIODISEL_ORNO__40 | 368.3_BIODISEL_PION__19 | 368.3_BIODISEL_VRTE__24
Datos producción y ventas de biocombustibles. Datos trimestrales,Toneladas,Actividad,T,4,Biodisel exportaciones | Biodisel otras ventas al mercado interno | Biodisel producción | Biodisel ventas al corte,368.2_BIODISEL_ENES__22 | 368.2_BIODISEL_ORNO__40 | 368.2_BIODISEL_PION__19 | 368.2_BIODISEL_VRTE__24
Faena pecuaria por especie. Valores anuales,Cabezas,Actividad,A,4,"Cantidad de aves procesadas, Anual | Faena de cabezas ovinos, Anual | Faena de cabezas porcinas, Anual | Faena de cabezas vacunas, Anual",40.1_AC_0_A_12 | 40.1_OC_0_A_14 | 40.1_PC_0_A_16 | 40.1_VC_0_A_15
Faena pecuaria por especie. Valores mensuales,Cabezas,Actividad,M,4,"Cantidad de aves procesadas, Anual | Faena de cabezas vacunas, Anual | Faena de cabezas porcinas, Anual | Faena pecuaria, vacunos, Mensual en cabezas",40.3_AC_0_M_12 | 40.3_OC_0_M_14 | 40.3_PC_0_M_16 | 40.3_VC_0_M_15
Faena pecuaria por especie. Valores trimestrales,Cabezas,Actividad,T,4,"Cantidad de aves procesadas, Anual | Faena de cabezas ovinos, Anual | Faena de cabezas porcinas, Anual | Faena de cabezas vacunas, Anual",40.2_AC_0_T_12 | 40.2_OC_0_T_14 | 40.2_PC_0_T_16 | 40.2_VC_0_T_15
Población empleada total por aglomerado urbano de la Encuesta de Indicadores Laborales. Valores anuales.,Índice,Empleo e Ingresos,A,4,Índice del Empleo en el Gran Buenos Aires de la Encuesta de Indicadores Laborales | Índice del Empleo en el Gran Cordoba de la Encuesta de Indicadores Laborales | Índice del Empleo en el Gran Mendoza de la Encuesta de Indicadores Laborales | Índice del Empleo en el Gran Rosario de la Encuesta de Indicadores Laborales,51.1_IGBA_0_0_24 | 51.1_IGC_0_0_19 | 51.1_IGM_0_0_19 | 51.1_IGR_0_0_19
Población empleada total por aglomerado urbano de la Encuesta de Indicadores Laborales. Valores mensuales,Índice,Empleo e Ingresos,M,4,Índice del Empleo en el Gran Cordoba de la Encuesta de Indicadores Laborales | Índice del Empleo en el Gran Mendoza de la Encuesta de Indicadores Laborales | Índice del Empleo en el Gran Buenos Aires de la Encuesta de Indicadores Laborales | Índice del Empleo en el Gran Rosario de la Encuesta de Indicadores Laborales,51.3_ICE_GRAOBA_0_M_19 | 51.3_ICE_GRAOZA_0_M_19 | 51.3_ICE_GRARES_0_M_24 | 51.3_ICE_GRARIO_0_M_19
Población empleada total por aglomerado urbano de la Encuesta de Indicadores Laborales. Valores trimestrales,Índice,Empleo e Ingresos,T,4,Índice del Empleo en el Gran Buenos Aires de la Encuesta de Indicadores Laborales | Índice del Empleo en el Gran Cordoba de la Encuesta de Indicadores Laborales | Índice del Empleo en el Gran Mendoza de la Encuesta de Indicadores Laborales | Índice del Empleo en el Gran Rosario de la Encuesta de Indicadores Laborales,51.2_IGBA_0_0_24 | 51.2_IGC_0_0_19 | 51.2_IGM_0_0_19 | 51.2_IGR_0_0_19
Población empleada total y por sector de actividad de la Encuesta de Indicadores Laborales. Valores anuales.,Índice,Empleo e Ingresos,A,4,Índice del Empleo en el Comercio y Servicios de la Encuesta de Indicadores Laborales | Índice del Empleo en la Construcción de la Encuesta de Indicadores Laborales | Índice del Empleo en la Industria de la Encuesta de Indicadores Laborales | Índice del Empleo total de la Encuesta de Indicadores Laborales,50.1_ICS_0_0_25 | 50.1_IC_0_0_19 | 50.1_II_0_0_16 | 50.1_IT_0_0_12
Población empleada total y por sector de actividad de la Encuesta de Indicadores Laborales. Valores mensuales.,Índice,Empleo e Ingresos,M,4,Índice del Empleo total de la Encuesta de Indicadores Laborales | Índice del Empleo en la Industria de la Encuesta de Indicadores Laborales | Índice del Empleo en la Construcción de la Encuesta de Indicadores Laborales | Índice del Empleo en el Comercio y Servicios de la Encuesta de Indicadores Laborales,50.3_ICS_0_M_12 | 50.3_ICS_0_M_16 | 50.3_ICS_0_M_19 | 50.3_ICS_0_M_25
Población empleada total y por sector de actividad de la Encuesta de Indicadores Laborales. Valores trimestrales.,Índice,Empleo e Ingresos,T,4,Índice del Empleo en el Comercio y Servicios de la Encuesta de Indicadores Laborales | Índice del Empleo en la Construcción de la Encuesta de Indicadores Laborales | Índice del Empleo en la Industria de la Encuesta de Indicadores Laborales | Índice del Empleo total de la Encuesta de Indicadores Laborales,50.2_ICS_0_0_25 | 50.2_IC_0_0_19 | 50.2_II_0_0_16 | 50.2_IT_0_0_12
"Poder de compra de las exportaciones de bienes y ganancia o pérdida del intercambio, Valores anuales.Base 2004",Millones de dólares de 2004,Sector Externo,A,4,Exportaciones en millones de dolares | Ganancia (o perdida) del intercambio en millones de dolares | Poder de compra de las exportaciones en millones de dolares | Variacion respecto del período anterior,83.1_EMD_2004_A_30 | 83.1_GPIMD_2004_A_45 | 83.1_PCEMD_2004_A_43 | 83.1_VPA_2004_A_26
Principales subgrupos de recaudación tributaria. Millones de pesos. Datos mensuales,Millones de pesos,Finanzas Públicas,M,4,Recaudación DGA. Anuales | Recaudación DGI. Anuales | Recaudación Seguridad Social. Anuales | Total recaudación. Anuales,172.3_SOTAL_DDGA_M_0_0_12 | 172.3_SOTAL_DDGI_M_0_0_12 | 172.3_SRIDAD_IAL_M_0_0_16 | 172.3_TL_RECAION_M_0_0_17
Principales subgrupos de recaudación tributaria. Millones de pesos. Datos trimestrales,Millones de pesos,Finanzas Públicas,T,4,Recaudación DGA. Anuales | Recaudación DGI. Anuales | Recaudación Seguridad Social. Anuales | Total recaudación. Anuales,172.2_SOTAL_DDGA_T_0_0_12 | 172.2_SOTAL_DDGI_T_0_0_12 | 172.2_SRIDAD_IAL_T_0_0_16 | 172.2_TL_RECAION_T_0_0_17
Principales subgrupos de recaudación tributaria. Millones de pesos. Datos trimestrales,Porcentaje,Finanzas Públicas,T,4,Recaudación DGA. Variación interanual | Recaudación DGI. Variación interanual | Recaudación Seguridad Social. Variación interanual | Total recaudación. Variación interanual,172.2_SOTAL_D_IAR_T_0_0_19 | 172.2_SOTAL_D_IA_T_0_0_19 | 172.2_SRIDAD_IA_T_0_0_23 | 172.2_TL_RECA_IA_T_0_0_24
Ventas al Mercado Interno de Producción Nacional. Base 1994. Valores anuales,Miles de M3,Actividad,A,4,Ventas al mercado interno de Producción Nacional de nafta comun en milles de metros cubicos | Ventas al mercado interno de Producción Nacional de nafta super en miles de metros cubicos | Ventas al mercado interno de Producción Nacional de Nafta ultra en miles de metros cubicos | Ventas al mercado interno de Producción Nacional de Naftas en miles de metros cubicos,38.1_NC_1994_A_11 | 38.1_NS_1994_A_11 | 38.1_NU_1994_A_11 | 38.1_N_1994_A_6
Ventas al Mercado Interno de Producción Nacional. Base 1994. Valores mensuales,Miles de M3,Actividad,M,4,Ventas al mercado interno de Producción Nacional de nafta comun en milles de metros cubicos | Ventas al mercado interno de Producción Nacional de nafta super en miles de metros cubicos | Ventas al mercado interno de Producción Nacional de Nafta ultra en miles de metros cubicos | Ventas al mercado interno de Producción Nacional de Naftas en miles de metros cubicos,38.3_NC_1994_M_11 | 38.3_NS_1994_M_11 | 38.3_NU_1994_M_11 | 38.3_N_1994_M_6
Ventas al Mercado Interno de Producción Nacional. Base 1994. Valores trimestrales,Miles de M3,Actividad,T,4,Ventas al mercado interno de Producción Nacional de nafta comun en milles de metros cubicos | Ventas al mercado interno de Producción Nacional de nafta super en miles de metros cubicos | Ventas al mercado interno de Producción Nacional de Nafta ultra en miles de metros cubicos | Ventas al mercado interno de Producción Nacional de Naftas en miles de metros cubicos,38.2_NC_1994_T_11 | 38.2_NS_1994_T_11 | 38.2_NU_1994_T_11 | 38.2_N_1994_T_6
Índice de Precios al Consumidor GBA. Bienes y servicios. Base 2008. Valores anuales,Índice abr-2008=100,Precios,A,4,IPC Servicios/Bienes Base Abril 2008. Anual | IPC Bienes Base Abril 2008. Anual | IPC Nivel General Base Abril 2008. Anual | IPC Servicios Base Abril 2008. Anual,96.1_IBS_2008_A_20 | 96.1_IB_2008_A_10 | 96.1_ING_2008_A_17 | 96.1_IS_2008_A_13
Índice de Precios al Consumidor GBA. Bienes y servicios. Base 2008. Valores mensuales,Porcentaje,Precios,M,4,IPC Servicios/Bienes. Variación % mensual | IPC Bienes. Variación % mensual | IPC Nivel General. Variación % mensual | IPC Servicios. Variación % mensual,96.3_IBSV_2008_M_23 | 96.3_IBV_2008_M_13 | 96.3_INGV_2008_M_20 | 96.3_ISV_2008_M_16
Índice de Precios al Consumidor GBA. Bienes y servicios. Base 2008. Valores mensuales,Índice abr-2008=100,Precios,M,4,IPC Servicios/Bienes Base Abril 2008. Mensual | IPC Bienes Base Abril 2008. Mensual | IPC Nivel General Base Abril 2008. Mensual | IPC Servicios Base Abril 2008. Mensual,96.3_IBS_2008_M_22 | 96.3_IB_2008_M_12 | 96.3_ING_2008_M_19 | 96.3_IS_2008_M_15
Índice de Precios al Consumidor GBA. Bienes y servicios. Base 2008. Valores trimestrales,Índice abr-2008=100,Precios,T,4,IPC Servicios/Bienes Base Abril 2008. Trimestral | IPC Bienes Base Abril 2008. Trimestral | IPC Nivel General Base Abril 2008. Trimestral | IPC Servicios Base Abril 2008. Trimestral,96.2_IBS_2008_T_22 | 96.2_IB_2008_T_12 | 96.2_ING_2008_T_19 | 96.2_IS_2008_T_15
"Índice de Precios al Consumidor, por categorías. Base diciembre 2016. Valores mensuales",Índice Dic-2016=100,Precios,M,4,IPC-GBA. Estacionales. Base abr 2016. Mensual | IPC-GBA. Núcleo. Base abr 2016. Mensual | IPC-GBA. Nivel General. Base abr 2016. Mensual | IPC-GBA. Regulados. Base abr 2016. Mensual,103.1_I2E_2016_M_21 | 103.1_I2N_2016_M_15 | 103.1_I2N_2016_M_19 | 103.1_I2R_2016_M_18
"Índice de Precios al Consumidor, por categorías. Base diciembre 2016. Valores trimestrales",Índice,Precios,T,4,IPC-GBA. Estacionales. Base dic 2016. Trimestral | IPC-GBA. Núcleo. Base dic 2016. Trimestral | IPC-GBA. Nivel General. Base dic 2016. Trimestral | IPC-GBA. Regulados. Base dic 2016. Trimestral,103.2_I2016_ELES_2016_T_21 | 103.2_I2016_NLEO_2016_T_15 | 103.2_I2016_NRAL_2016_T_19 | 103.2_I2016_RDOS_2016_T_18
Índices de precios internacionales de productos básicos. Datos anuales,Dólares por barril,Precios,A,4,Petróleo Brent. US$ por barril. Anual | Petróleo Dubai. US$ por barril. Anual | Petróleo WTI. US$ por barril. Anual | Petróleo. US$ por barril. Anual,121.1_PB_0_0_14 | 121.1_PD_0_0_14 | 121.1_PW_0_0_12 | 121.1_P_0_0_16
Índices de precios internacionales de productos básicos. Datos anuales,Dólares por m3,Precios,A,4,Madera blanda aserrada. US$ por m3. Anual | Madera dura aserrada. US$ por m3. Anual | Tronco de madera blanda. US$ por m3. Anual | Tronco de madera dura. US$ por m3. Anual,121.1_MBA_0_0_22 | 121.1_MDA_0_0_20 | 121.1_TMB_0_0_20 | 121.1_TMD_0_0_18
Índices de precios internacionales de productos básicos. Datos mensuales,Dólares por barril,Precios,M,4,Petróleo Brent. US$ por barril. Mensual | Petróleo Dubai. US$ por barril. Mensual | Petróleo WTI. US$ por barril. Mensual | Petróleo. US$ por barril. Mensual,121.3_PB_0_0_14 | 121.3_PD_0_0_14 | 121.3_PW_0_0_12 | 121.3_P_0_0_16
Índices de precios internacionales de productos básicos. Datos mensuales,Dólares por m3,Precios,M,4,Madera blanda aserrada. US$ por m3. Mensual | Madera dura aserrada. US$ por m3. Mensual | Tronco de madera blanda. US$ por m3. Mensual | Tronco de madera dura. US$ por m3. Mensual,121.3_MBA_0_0_22 | 121.3_MDA_0_0_20 | 121.3_TMB_0_0_20 | 121.3_TMD_0_0_18
Índices de precios internacionales de productos básicos. Datos trimestrales,Dólares por barril,Precios,T,4,Petróleo Brent. US$ por barril. Trimestral | Petróleo Dubai. US$ por barril. Trimestral | Petróleo WTI. US$ por barril. Trimestral | Petróleo. US$ por barril. Trimestral,121.2_PB_0_0_14 | 121.2_PD_0_0_14 | 121.2_PW_0_0_12 | 121.2_P_0_0_16
Índices de precios internacionales de productos básicos. Datos trimestrales,Dólares por m3,Precios,T,4,Madera blanda aserrada. US$ por m3. Trimestral | Madera dura aserrada. US$ por m3. Trimestral | Tronco de madera blanda. US$ por m3. Trimestral | Tronco de madera dura. US$ por m3. Trimestral,121.2_MBA_0_0_22 | 121.2_MDA_0_0_20 | 121.2_TMB_0_0_20 | 121.2_TMD_0_0_18
"Cantidad de pernoctaciones y viajeros, residentes y no residentes",Noches,Actividad,M,3,EOH. Pernoctaciones totales | EOH. Pernoctaciones residentes | EOH. Pernoctaciones no residentes,457.1_PERNOCTACILES_0_M_22_51 | 457.1_PERNOCTACITES_0_M_25_49 | 457.1_PERNOCTACITES_0_M_28_56
"Cantidad de pernoctaciones y viajeros, residentes y no residentes",Personas,Actividad,M,3,EOH. Viajeros no residentes | EOH. Viajeros residentes | EOH. Viajeros totales,457.1_VIAJEROS_NTES_0_M_22_86 | 457.1_VIAJEROS_RTES_0_M_19_94 | 457.1_VIAJEROS_TLES_0_M_16_50
EMAE. Índice Base 1993. Valores mensuales.,Variación Porcentual,Actividad,M,3,"Variación % del EMAE respecto al mismo período del año anterior (para Mensuales) | Variación % del EMAE respecto mes anterior (para Mensuales) | Variación % del EMAE respecto mes anterior (para Mensuales), tendencia suavizada",10.3_VIPAA_1993_M_31 | 10.3_VMASO_1993_M_31 | 10.3_VMATS_1993_M_36
EMAE. Índice Base 1993. Valores mensuales.,Índice 1993=100,Actividad,M,3,"Serie desestacionalizada EMAE en Mensual (base 1993) | Serie original EMAE en Mensual. Índice (base 1993) | Serie desestacionalizada EMAE, Mensual (base 1993), tendencia suavizada",10.3_ISD_1993_M_31 | 10.3_ISOM_1993_M_29 | 10.3_ITS_1993_M_26
EMAE. Índice Base 2004.Valores anuales.,Índice 2004=100,Actividad,A,3,EMAE. Base 2004 | EMAE tendencia cliclo. Base 2004 | EMAE desestacionalizado. Base 2004,143.1_NO_PR_2004_A_21 | 143.1_NO_PR_2004_A_28 | 143.1_NO_PR_2004_A_31
EMAE. Índice Base 2004.Valores mensuales.,Índice 2004=100,Actividad,M,3,EMAE. Base 2004 | EMAE tendencia cliclo. Base 2004 | EMAE desestacionalizado. Base 2004,143.3_NO_PR_2004_A_21 | 143.3_NO_PR_2004_A_28 | 143.3_NO_PR_2004_A_31
EMAE. Índice Base 2004.Valores trimestrales.,Índice 2004=100,Actividad,T,3,EMAE. Base 2004 | EMAE tendencia cliclo. Base 2004 | EMAE desestacionalizado. Base 2004,143.2_NO_PR_2004_A_21 | 143.2_NO_PR_2004_A_28 | 143.2_NO_PR_2004_A_31
Estadisticas de Servicios Públicos. Base 1993. Valores mensuales.,Miles de llamadas,Actividad,M,3,Servicio telefónico básico de llamadas interurbanas desde 2002 en miles de llamadas | Servicio telefónico básico de llamadas interurbanas en miles de llamadas. Base 1995 | Servicio telefónico básico de llamadas urbanas en miles de llamadas. Según base 1995,35.3_STBLI2_1993_M_49 | 35.3_STBLI_1993_M_44 | 35.3_STBLU_1993_M_39
Estadisticas de Servicios Públicos. Base 1993. Valores mensuales.,Miles de minutos,Actividad,M,3,Servicio telefónico internacional desde 2002 en miles de minutos de salida | Servicio telefónico internacional en miles de minutos entrados | Servicio telefónico internacional en miles de minutos salidos,35.3_SIMS2_1993_M_38 | 35.3_STIME_1993_M_41 | 35.3_STIMS_1993_M_40
Estadisticas de Servicios Públicos. Base 1993. Valores trimestrales.,Miles de llamadas,Actividad,T,3,Servicio telefónico básico de llamadas interurbanas desde 2002 en miles de llamadas | Servicio telefónico básico de llamadas interurbanas en miles de llamadas. Bases de Desde 1995 | Servicio telefónico básico de llamadas urbanas en miles de llamadas. Bases de Desde 1995,35.2_STBLI2_1993_T_49 | 35.2_STBLI_1993_T_44 | 35.2_STBLU_1993_T_39
Estadisticas de Servicios Públicos. Base 1993. Valores trimestrales.,Miles de minutos,Actividad,T,3,Servicio telefónico internacional desde 2002 en miles de minutos de salida | Servicio telefónico internacional en miles de minutos entrados | Servicio telefónico internacional en miles de minutos salidos,35.2_SIMS2_1993_T_38 | 35.2_STIME_1993_T_41 | 35.2_STIMS_1993_T_40
Estadísticas de Servicios Públicos. Base 1993. Valores anuales.,Miles de llamadas,Actividad,A,3,Servicio telefónico básico de llamadas interurbanas desde 2002 en miles de llamadas | Servicio telefónico básico de llamadas interurbanas en miles de llamadas | Servicio telefónico básico de llamadas urbanas en miles de llamadas,35.1_STBLI2_1993_A_49 | 35.1_STBLI_1993_A_44 | 35.1_STBLU_1993_A_39
Estadísticas de Servicios Públicos. Base 1993. Valores anuales.,Miles de minutos,Actividad,A,3,Servicio telefónico internacional desde 2002 en miles de minutos de salida | Servicio telefónico internacional en miles de minutos entrados | Servicio telefónico internacional en miles de minutos salidos,35.1_SIMS2_1993_A_38 | 35.1_STIME_1993_A_41 | 35.1_STIMS_1993_A_39
"Estimación obreros ocupados, horas trabajadas y salarios en la industria. Valores Anuales.",Índice,Empleo e Ingresos,A,3,Índice de horas trabajadas en la industria | Índice de obreros ocupados en la industria | Índice de salario por obrero ocupado en la industria,54.1_IHT_A_0_0_23 | 54.1_IOO_A_0_0_23 | 54.1_ISO_A_0_0_21
"Estimación obreros ocupados, horas trabajadas y salarios en la industria. Valores trimestrales.",Índice,Empleo e Ingresos,T,3,Índice de horas trabajadas en la industria | Índice de obreros ocupados en la industria | Índice de salario por obrero ocupado en la industria,54.2_IHT_T_0_0_23 | 54.2_IOO_T_0_0_23 | 54.2_ISO_T_0_0_21
Faena pecuaria por especie. Valores anuales,Toneladas,Actividad,A,3,"Faena pecuaria, aves, Anual en toneladas | Faena pecuaria, porcinos, Anual en toneladas | Faena pecuaria, vacunos, Anual en toneladas",40.1_AT_0_A_14 | 40.1_PT_0_A_18 | 40.1_VT_0_A_17
Faena pecuaria por especie. Valores mensuales,Toneladas,Actividad,M,3,"Faena pecuaria, aves, Mensual en toneladas | Faena pecuaria, porcinos, Mensual en toneladas | Faena pecuaria, vacunos, Mensual en toneladas",40.3_AT_0_M_14 | 40.3_PT_0_M_18 | 40.3_VT_0_M_17
Faena pecuaria por especie. Valores trimestrales,Toneladas,Actividad,T,3,"Faena pecuaria, aves, Trimestral en toneladas | Faena pecuaria, porcinos, Trimestral en toneladas | Faena pecuaria, vacunos, Trimestral en toneladas",40.2_AT_0_T_14 | 40.2_PT_0_T_18 | 40.2_VT_0_T_17
IPC Categorías. Tasas de variación mensual. Distribución mensual. Base Dic-2016,Variación porcentual,Precios,M,3,IPC estacionales | IPC núcleo | IPC Regulados,173.1_ECIONALLES_DIC-_0_12 | 173.1_INUCLEOLEO_DIC-_0_10 | 173.1_RLADOSDOS_DIC-_0_9
Indicador sintético de la actividad de la construcción (ISAC),Índice 2004=100,Actividad,M,3,Indicador sintético de la actividad de la construcción. Tendencia Ciclo | Indicador sintético de la actividad de la construcción. Nivel General | Indicador sintético de la actividad de la construcción. Sin Estacionalidad,33.2_ISAC_CICLOCIA_0_M_20_62 | 33.2_ISAC_NIVELRAL_0_M_18_63 | 33.2_ISAC_SIN_EDAD_0_M_23_56
Poder de compra de las exportaciones de bienes y ganancia o pérdida del intercambio.  Base 1993,Millones de dólares de 1993,Sector Externo,A,3,Exportaciones de bienes en millones de dólares de 1993 | Ganancia o pérdida del intercambio en millones de dólares de 1993 | Poder de compra de las exportaciones de bienes en millones de dólares de 1993,120.1_ED1_1993_0_26 | 120.1_GPI_1993_0_28 | 120.1_PCE_1993_0_24
Precios de paquetes de cigarrillos vendidos equivalentes a veinte unidades. Datos mensuales,Pesos,Precios,M,3,Precio inferior | Precio superior | Promedio ponderado,399.1_PRECIO_INFIOR_M_PAQU_0_15_18 | 399.1_PRECIO_SUPIOR_M_PAQU_0_15_54 | 399.1_PROMEDIO_PADO_M_PAQU_0_18_89
Principales subgrupos de recaudación tributaria. Millones de pesos. Datos mensuales,Porcentaje,Finanzas Públicas,M,3,Recaudación DGA. Variación interanual | Recaudación DGI. Variación interanual | Recaudación Seguridad Social. Variación interanual,172.3_SOTAL_D_IAR_M_0_0_19 | 172.3_SOTAL_D_IA_M_0_0_19 | 172.3_SRIDAD_IA_M_0_0_23
Principales tasas de interés. Valores diarios,Porcentaje (0-100),Dinero y Bancos,D,3,Tasas de interés publicadas por el BCRA. Call. | Tasas de interés publicadas por el BCRA. Badlar. | Instrumentos del BCRA. Tasa de Política Monetaria.,89.2_TS_INTEALL_0_D_18 | 89.2_TS_INTELAR_0_D_20 | 89.2_TS_INTE_PM_0_D_16
Producción de la Industria manufacturera. Valores anuales,Miles de M2,Actividad,M,3,Cerámicos pisos y revestimientos en Miles M2 | Ladrillos cerámicos huecos en Miles de unidades | Placas de yeso en Miles de M2,41.3_CPR_0_A_30 | 41.3_LCH_0_A_26 | 41.3_PY_0_A_11
Producción de la Industria manufacturera. Valores anuales,Miles de cabezas,Actividad,M,3,Faena Carne Vacuna en Miles Cabezas | Faena Ovinos en Miles Cabezas | Faena Porcinos en Miles Cabezas,41.3_FCV_0_A_18 | 41.3_FO_0_A_12 | 41.3_FP_0_A_14
Producción de la Industria manufacturera. Valores mensuales,Miles de cabezas,Actividad,A,3,Faena Carne Vacuna en Miles Cabezas | Faena Ovinos en Miles Cabezas | Faena Porcinos en Miles Cabezas,41.1_FCV_0_M_18 | 41.1_FO_0_M_12 | 41.1_FP_0_M_14
Producción de la Industria manufacturera. Valores trimestrales,Miles de M2,Actividad,T,3,Cerámicos pisos y revestimientos en Miles M2 | Ladrillos cerámicos huecos en Miles de unidades | Placas de yeso en Miles de M2,41.2_CPR_0_T_30 | 41.2_LCH_0_T_26 | 41.2_PY_0_T_11
Producción de la Industria manufacturera. Valores trimestrales,Miles de cabezas,Actividad,T,3,Faena Carne Vacuna en Miles Cabezas | Faena Ovinos en Miles Cabezas | Faena Porcinos en Miles Cabezas,41.2_FCV_0_T_18 | 41.2_FO_0_T_12 | 41.2_FP_0_T_14
Sector Público Nacional. Valores mensuales 2007-2014,,Finanzas Públicas,M,3,Gastos primarios antes de figurativos . Metodología 2007 - 2014 | Ingresos primarios antes de figurativos . Metodología 2007 - 2014 | Resultados financieros sin renta 2007 2014,379.8_GTOS_PRIMA014__42_44 | 379.8_ING_PRIMAR014__41_23 | 379.8_RESULTADO_014__36_23
Stock de Inversión Extranjera Directa. Valores semestrales,Millones de dólares,Sector Externo,S,3,Instrumentos de deuda del stock de Inversión Extranjera Directa | De Participaciones de capital del stock de Inversión Extranjera Directa | Total de Stock de Inversión Extranjera Directa,312.1_INSTRUMENTUDA_0_S_18 | 312.1_PARTICIPACTAL_0_S_23 | 312.1_TOTALTAL_0_S_5
Stock deuda externa privada. Valores trimestrales,Porecentaje del PIB,Sector Externo,T,3,Stock deuda externa privada en porcentaje de las exportaciones | Stock deuda externa privada en porcentaje del PIB | Stock deuda externa privada en porcentaje de RRII,313.1_EN_PORCENTNES_0_T_31 | 313.1_EN_PORCENTPIB_0_T_21 | 313.1_EN_PORCENTRII_0_T_18
Turismo receptivo y emisivo. Aeropuerto Internacional de Ezeiza y Aeroparque Jorge Newbery en miles de personas. Valores mensuales,Miles de pasajeros,Sector Externo,M,3,Saldo en miles de pasajeros | Turismo emisivo de Aeropuerto Internacional de Ezeiza y Aeroparque Jorge Newbery | Turismo receptivo de Aeropuerto Internacional de Ezeiza y Aeroparque Jorge Newbery,322.3_SALDOLDO__5 | 322.3_TURISMO_EMIVO__15 | 322.3_TURISMO_REIVO__17
Ventas al Mercado Interno de Producción Nacional. Base 1994. Valores anuales,Miles de toneladas,Actividad,A,3,Ventas al mercado interno de Producción Nacional de Azucar en miles de toneladas | Ventas al mercado interno de Producción Nacional de Asfalto en miles de toneladas | Ventas al mercado interno de Producción Nacional de cemento en miles de toneladas,38.1_A_1994_A_6 | 38.1_A_1994_A_7 | 38.1_CEM_1994_A_7
Ventas al Mercado Interno de Producción Nacional. Base 1994. Valores mensuales,Miles de toneladas,Actividad,M,3,Ventas al mercado interno de Producción Nacional de Azucar en miles de toneladas | Ventas al mercado interno de Producción Nacional de Asfalto en miles de toneladas | Ventas al mercado interno de Producción Nacional de cemento en miles de toneladas,38.3_A_1994_M_6 | 38.3_A_1994_M_7 | 38.3_CEM_1994_M_7
Ventas al Mercado Interno de Producción Nacional. Base 1994. Valores trimestrales,Miles de toneladas,Actividad,T,3,Ventas al mercado interno de Producción Nacional de Azucar en miles de toneladas | Ventas al mercado interno de Producción Nacional de Asfalto en miles de toneladas | Ventas al mercado interno de Producción Nacional de cemento en miles de toneladas,38.2_A_1994_T_6 | 38.2_A_1994_T_7 | 38.2_CEM_1994_T_7
"Ventas totales en autoservicios mayoristas a valores corrientes y constantes y evolución por canal de venta, medio de pago y grupos de artículos",Índice base 2017=100,Actividad,M,3,Autoservicios mayoristas. Ventas a precios constantes serie desestacionalizada | Autoservicios mayoristas. Ventas a precios constantes serie tendencia-ciclo | Autoservicios mayoristas. Ventas a precios constantes serie original,456.1_VENTAS_PREADA_0_M_44_40 | 456.1_VENTAS_PRECLO_0_M_41_8 | 456.1_VENTAS_PRENAL_0_M_34_85
"Ventas totales en supermercados a valores corrientes y constantes y evolución por canal de venta, medio de pago y grupos de artículos",Índice base 2017=100,Actividad,M,3,Ventas supermercados. Ventas a precios constantes serie desestacionalizada | Ventas supermercados. Ventas a precios constantes serie tendencia-ciclo | Ventas supermercados. Ventas a precios constantes serie original,455.1_VENTAS_PREADA_0_M_44_44 | 455.1_VENTAS_PRECLO_0_M_41_19 | 455.1_VENTAS_PRENAL_0_M_34_10
Ventas totales nacionales en Centros de Compras. Valores mensuales,Índice base 2017=100,Actividad,M,3,Ventas centros de compras. Ventas totales a precios constantes serie desestacionalizada | Ventas centros de compras. Ventas totales a precios constantes serie tendencia-ciclo | Ventas centros de compras. Ventas totales a precios constantes serie original,458.1_VENTAS_TOTADA_0_M_52_56 | 458.1_VENTAS_TOTCLO_0_M_49_19 | 458.1_VENTAS_TOTNAL_0_M_42_19
Índice de Precios Implícitos del Producto Interno Bruto (IPI - PIB) por Sectores. Base 1993. Valores Anuales. SERIE DISCONTINUADA,Índice 1993=100,Precios,T,3,Índice de precios implícitos en el PIB de Sectores Productores de Bienes y de Servicios. Base 1993. Trimestral | Índice de precios implícitos en el PIB de Sectores Productores de Bienes. Base 1993. Trimestral | Índice de precios implícitos en el PIB de Sectores Productores de Servicios. Base 1993. Trimestral,111.2_IPBS_1993_T_24 | 111.2_IPB_1993_T_14 | 111.2_IPS_1993_T_17
Índice de Precios Implícitos del Producto Interno Bruto (IPI - PIB) por Sectores. Base 1993. Valores Trimestrales. SERIE DISCONTINUADA,Índice 1993=100,Precios,A,3,Índice de precios implícitos en el PIB de Sectores Productores de Bienes y de Servicios. Base 1993. Anual | Índice de precios implícitos en el PIB de Sectores Productores de Bienes. Base 1993. Anual | Índice de precios implícitos en el PIB de Sectores Productores de Servicios. Base 1993. Anual,111.1_IPBS_1993_A_24 | 111.1_IPB_1993_A_14 | 111.1_IPS_1993_A_17
Índice de Precios al Consumidor. Bienes y servicios. Base diciembre 2016. Valores mensuales,Índice Dic-2016=100,Precios,M,3,IPC-GBA. Bienes. Base abr 2016. Mensual | IPC-GBA. Nivel General. Base abr 2016. Mensual | IPC-GBA. Servicios. Base abr 2016. Mensual,102.1_I2B_ABRI_M_15 | 102.1_I2NG_ABRI_M_22 | 102.1_I2S_ABRI_M_18
Índice de Precios al Consumidor. Bienes y servicios. Base diciembre 2016. Valores trimestrales,Índice,Precios,T,3,IPC-GBA. Bienes. Base dic 2016. Trimestral | IPC-GBA. Nivel General. Base dic 2016. Trimestral | IPC-GBA. Servicios. Base dic 2016. Trimestral,102.2_I2016_BNES_ABRI_T_15 | 102.2_I2016_NRAL_ABRI_T_22 | 102.2_I2016_SIOS_ABRI_T_18
"Índice de Producción Industrial Manufacturero (IPI). Nivel General, series original y desestacionalizada",Índice 2004 = 100,Actividad,M,3,IPI Nivel General Serie Desestacionalizada | IPI Nivel General Serie Original | IPI Nivel General Serie Tendencia Ciclo,453.1_SERIE_DESEADA_0_0_24_58 | 453.1_SERIE_ORIGNAL_0_0_14_46 | 453.1_SERIE_TENDCLO_0_0_21_61
Índice de salario mínimo vital y movil. Pesos corrientes. Valores mensuales,Pesos corrientes,Empleo e Ingresos,M,3,"Salario mínimo, vital y móvil desde 1988. Diario. Pesos corrientes. | Salario mínimo, vital y móvil desde 1988. Horario. Pesos corrientes. | Salario mínimo, vital y móvil desde 1988. Mensual. Pesos corrientes.",57.1_SMVMD_0_M_33 | 57.1_SMVMH_0_M_31 | 57.1_SMVMM_0_M_34
Índices de precios internacionales de productos básicos. Datos anuales,Dólares por kilogramo,Precios,A,3,Langostino. US$ por kg. Anual | Salmón. US$ por kg. Anual | Té. Centavos de US$ por Kg. Anual,121.1_L_0_0_10 | 121.1_S_0_0_6 | 121.1_T_0_0_2
Índices de precios internacionales de productos básicos. Datos anuales,Dólares por millón de BTU,Precios,A,3,Gas natural (EE.UU.). US$ por millón de BTU. Anual | Gas natural licuado. US$ por millón de BTU. Anual | Gas natural (Rusia). US$ por millón de BTU. Anual,121.1_GNE_0_0_16 | 121.1_GNL_0_0_19 | 121.1_GNR_0_0_17
Índices de precios internacionales de productos básicos. Datos mensuales,Dólares por kilogramo,Precios,M,3,Langostino. US$ por kg. Mensual | Salmón. US$ por kg. Mensual | Té. Centavos de US$ por kg. Mensual,121.3_L_0_0_10 | 121.3_S_0_0_6 | 121.3_T_0_0_2
Índices de precios internacionales de productos básicos. Datos mensuales,Dólares por millón de BTU,Precios,M,3,Gas natural (EE.UU.). US$ por millón de BTU. Mensual | Gas natural licuado. US$ por millón de BTU. Mensual | Gas natural (Rusia). US$ por millón de BTU. Mensual,121.3_GNE_0_0_16 | 121.3_GNL_0_0_19 | 121.3_GNR_0_0_17
Índices de precios internacionales de productos básicos. Datos trimestrales,Dólares por kilogramo,Precios,T,3,Langostino. US$ por kg. Trimestral | Salmón. US$ por kg. Trimestral | Té. Centavos de US$ por kg. Trimestral,121.2_L_0_0_10 | 121.2_S_0_0_6 | 121.2_T_0_0_2
Índices de precios internacionales de productos básicos. Datos trimestrales,Dólares por millón de BTU,Precios,T,3,Gas natural (EE.UU.). US$ por millón de BTU. Trimestral | Gas natural licuado. US$ por millón de BTU. Trimestral | Gas natural (Rusia). US$ por millón de BTU. Trimestral,121.2_GNE_0_0_16 | 121.2_GNL_0_0_19 | 121.2_GNR_0_0_17
Índices de salarios industriales básicos de convenios en la Capital Federal. Valores anuales,Indice,Empleo e Ingresos,A,3,De básico de convenio | De oficiales | De peones,351.1_BASICO_CONNIO__15 | 351.1_OFICIALESLES__9 | 351.1_PEONESNES__6
Índices de salarios industriales básicos de convenios en la Capital Federal. Valores trimestrales,Indice,Empleo e Ingresos,T,3,De básico de convenio | De oficiales | De peones,351.2_BASICO_CONNIO__15 | 351.2_OFICIALESLES__9 | 351.2_PEONESNES__6
"Brasil Actividad económica, industrial y producción automotriz. Valores mensuales",Índice Base 2002=100,Economía Internacional,M,2,Índice de actividad (IBC-Br) Desestacionalizado | Índice de actividad (IBC-Br) Original,309.1_INDICE_DE_ADO_0_M_45 | 309.1_INDICE_DE_NAL_0_M_35
"Brasil Actividad económica, industrial y producción automotriz. Valores mensuales",Índice Base 2012=100,Economía Internacional,M,2,Producción industrial Desestacionalizado | Producción industrial Original,309.1_PRODUCCIONADO_0_M_40 | 309.1_PRODUCCIONNAL_0_M_30
"CER, UVA y UVI. Valores Diarios","Índice 31-mar-2016=14,05",Dinero y Bancos,D,2,UVA diario | UVI diario,94.2_UVAD_D_0_0_10 | 94.2_UVID_D_0_0_10
Canasta básica alimentaria y total. Ciudad de Buenos Aires,pesos,Empleo e Ingresos,M,2,Canasta Básica Alimentaria | Canasta Básica Total,444.1_CANASTA_BARIA_0_0_26_47 | 444.1_CANASTA_BATAL_0_0_20_94
Coeficiente de Variación Salarial (CVS),31-oct-16=100,Dinero y Bancos,D,2,Índice de salarios total | Índice de salarios total registrado,447.1_TOTALTAL_0_0_5_37 | 447.1_TOTAL_REGIADO_0_0_16_61
Distribución Personal del Ingreso. Coeficiente de Gini y Brecha de Ingresos para el Ingreso de la Ocupación Principal e Ingreso per cápita Familiar. Percentil 90 / Percentil 10,Brecha de ingresos,Empleo e Ingresos,T,2,Brecha del Ingreso de la ocupación principal (Ratio Percentil 90/ Percentil 10) | Brecha del Ingreso per cápita familiar (Ratio Percentil 90/ Percentil 10),65.1_BII_0_0_19 | 65.1_BII_0_0_20
Distribución Personal del Ingreso. Coeficiente de Gini y Brecha de Ingresos para el Ingreso de la Ocupación Principal e Ingreso per cápita Familiar. Percentil 90 / Percentil 10,Coeficiente de Gini,Empleo e Ingresos,T,2,Coeficiente de Gini del Ingreso de la ocupación principal | Coeficiente de Gini del Ingreso per cápita familiar,65.1_CGI_0_0_20 | 65.1_CGI_0_0_21
EMAE. Índice Base 1993. Valores trimestrales.,Índice 1993=100,Actividad,T,2,Serie desestacionalizada EMAE en Trimestral (base 1993) | Serie original EMAE en Trimestral. Índice (base 1993),10.2_ISD_1993_T_31 | 10.2_ISOT_1993_T_32
EMAE. Índice Base 2004.Valores anuales.,Variación mensual,Actividad,A,2,EMAE tendencia cliclo. Base 2004. Variación % mensual | EMAE desestacionalizado. Base 2004. Variación % mensual,143.1_ICE_SER_VM_2004_A_31 | 143.1_ICE_SER_VM_2004_A_34
EMAE. Índice Base 2004.Valores mensuales.,Variación mensual,Actividad,M,2,EMAE tendencia cliclo. Base 2004. Variación % mensual | EMAE desestacionalizado. Base 2004. Variación % mensual,143.3_ICE_SER_VM_2004_A_31 | 143.3_ICE_SER_VM_2004_A_34
EMAE. Índice Base 2004.Valores trimestrales.,Variación mensual,Actividad,T,2,EMAE tendencia cliclo. Base 2004. Variación % mensual | EMAE desestacionalizado. Base 2004. Variación % mensual,143.2_ICE_SER_VM_2004_A_31 | 143.2_ICE_SER_VM_2004_A_34
Estadisticas de Servicios Públicos. Base 1993. Valores mensuales.,Miles de UTEq,Actividad,M,2,Peajes en accesos a la Ciudad de Buenos Aires en miles de vehículos pasantes por categoría (UTEq). Según base 1999 | Peaje en rutas nacionales y de la provincia de Buenos Aires en miles de vehículos pasantes por categoría (UTEq) según base 1999,35.3_PACU_1993_M_23 | 35.3_PRNP_1993_M_26
Estadisticas de Servicios Públicos. Base 1993. Valores mensuales.,Miles de vehículos,Actividad,M,2,Peajes en accesos a la Ciudad de Buenos Aires en miles de vehículos | Peaje en rutas nacionales en miles de vehiculos,35.3_PAC_1993_M_18 | 35.3_PRN_1993_M_22
Estadisticas de Servicios Públicos. Base 1993. Valores trimestrales.,Miles de UTEq,Actividad,T,2,Peajes en accesos a la Ciudad de Buenos Aires en miles de vehículos pasantes por categoría (UTEq). Bases de Desde 1999 | Peaje en rutas nacionales y de la provincia de Buenos Aires en miles de vehículos pasantes por categoría (UTEq). Bases de Desde 1999,35.2_PACU_1993_T_23 | 35.2_PRNP_1993_T_26
Estadisticas de Servicios Públicos. Base 1993. Valores trimestrales.,Miles de vehículos,Actividad,T,2,Peajes en accesos a la Ciudad de Buenos Aires en miles de vehículos | Peaje en rutas nacionales en miles de vehiculos,35.2_PAC_1993_T_18 | 35.2_PRN_1993_T_22
Estadísticas de Servicios Públicos. Base 1993. Valores anuales.,Miles de UTEq,Actividad,A,2,Peajes en accesos a la Ciudad de Buenos Aires en miles de vehículos pasantes por categoría (UTEq) | Peaje en rutas nacionales y de la provincia de Buenos Aires en miles de vehículos pasantes por categoría (UTEq),35.1_PACU_1993_A_23 | 35.1_PRNP_1993_A_26
Estadísticas de Servicios Públicos. Base 1993. Valores anuales.,Miles de vehículos,Actividad,A,2,Peajes en accesos a la Ciudad de Buenos Aires en miles de vehículos | Peaje en rutas nacionales en miles de vehiculos,35.1_PAC_1993_A_18 | 35.1_PRN_1993_A_22
Expectativas de Inflación. Datos mensuales,Variación Porcentual,Precios,M,2,Expectativa inflacion 12 meses. Mediana | Expectativa inflacion 12 meses. Promedio,431.1_EXPECTATIVANA_M_0_0_29_85 | 431.1_EXPECTATIVDIO_M_0_0_30_56
Haber mínimo jubilatorio. Pesos corrientes. Valores mensuales,Pesos corrientes,Empleo e Ingresos,M,2,"Haber mínimo jubilatorio en pesos desde 1971 | Haber mínimo jubilatorio en pesos corrientes, Mensual desde 1971",58.1_MP_0_M_13 | 58.1_MP_0_M_24
Hogares y población que habita con ingresos por debajo de la línea de pobreza e indigencia. EPH puntual. Aglomerado Gran Buenos Aires.,Porcentaje de hogares,Empleo e Ingresos,S,2,Hogares con ingresos debajo de línea de indigencia (%) desde 1988 hasta 2003 | Hogares con ingresos debajo de línea de pobreza (%) desde 1988 hasta 2003,60.1_IH_0_0_18 | 60.1_PH_0_0_14
Hogares y población que habita con ingresos por debajo de la línea de pobreza e indigencia. EPH puntual. Aglomerado Gran Buenos Aires.,Porcentaje de población,Empleo e Ingresos,S,2,Población con ingresos debajo de línea de indigencia (%) desde 1988 hasta 2003 | Población con ingresos debajo de línea de pobreza (%) desde 1988 hasta 2003,60.1_IP_0_0_20 | 60.1_PP_0_0_15
Indice de salarios ind. Basicos de convenios en CABA. Variaciones desde 1965. Valores anuales,Indice,Empleo e Ingresos,A,2,De básico de convenio | De real sin el básico de convenio,352.1_BASICO_CONNIO__15 | 352.1_REAL_SIN_BNIO__24
Indice de salarios ind. Basicos de convenios en CABA. Variaciones desde 1965. Valores trimestrales,Indice,Empleo e Ingresos,T,2,De básico de convenio | De real sin el básico de convenio,352.2_BASICO_CONNIO__15 | 352.2_REAL_SIN_BNIO__24
Liquidación de divisas por Exportaciones de Oleaginosas y Cereales. Datos mensuales,Millones de dólares,Sector Externo,M,2,Monto liquidación de divisasa acumulado mensual | Monto liquidación de divisasa promedio diario,349.2_ACUM_MENSUAL__13 | 349.2_PROMEDIO_DIO__16
Política de Ingresos. Asignación Universal Por Hijo para la Protección Social y por Embarazo. BESS-MTESS,Prestaciones,Finanzas Públicas,S,2,Asignación Universal por Embarazo (AUE). BESS-MTESS. Anuales a diciembre | Asignación Universal por Hijo o Hijo Discapacitado (AUH). BESS-MTESS. Anuales a diciembre,188.1_AUE_ASIGNAAZO_0_0_23 | 188.1_AUH_ASIGNAADO_0_0_48
Producción de la Industria manufacturera. Valores anuales,Miles de Hectolitros,Actividad,M,2,Despachos Gaseosas en Miles de Hectolitros | Mercado externo en Miles de Hectolitros,41.3_DG_0_A_18 | 41.3_ME_0_A_15
Producción de la Industria manufacturera. Valores anuales,Miles de Litros,Actividad,M,2,Bebidas Espirituosas en Milesls | Despachos autorizados de vino Mercado interno en Miles de Hectolitros,41.3_BE_0_A_20 | 41.3_DAVMI_0_A_42
Producción de la Industria manufacturera. Valores anuales,Unidades,Actividad,M,2,Tractores en Unidades | Utilitarios en Unidades,41.3_T_0_A_9 | 41.3_U_0_A_11
Producción de la Industria manufacturera. Valores mensuales,Miles de Hectolitros,Actividad,A,2,Despachos Gaseosas en Miles de Hectolitros | Mercado externo en Miles de Hectolitros,41.1_DG_0_M_18 | 41.1_ME_0_M_15
Producción de la Industria manufacturera. Valores mensuales,Miles de Litros,Actividad,A,2,Bebidas Espirituosas en Miles de litros | Despachos autorizados de vino Mercado interno en Miles de Hectolitros,41.1_BE_0_M_20 | 41.1_DAVMI_0_M_42
Producción de la Industria manufacturera. Valores mensuales,Unidades,Actividad,A,2,Tractores en Unidades | Utilitarios en Unidades,41.1_T_0_M_9 | 41.1_U_0_M_11
Producción de la Industria manufacturera. Valores trimestrales,Miles de Hectolitros,Actividad,T,2,Despachos Gaseosas en Miles de Hectolitros | Mercado externo en Miles de Hectolitros,41.2_DG_0_T_18 | 41.2_ME_0_T_15
Producción de la Industria manufacturera. Valores trimestrales,Miles de Litros,Actividad,T,2,Bebidas Espirituosas en Milesls | Despachos autorizados de vino Mercado interno en Miles de Hectolitros,41.2_BE_0_T_20 | 41.2_DAVMI_0_T_42
Producción de la Industria manufacturera. Valores trimestrales,Unidades,Actividad,T,2,Tractores en Unidades | Utilitarios en Unidades,41.2_T_0_T_9 | 41.2_U_0_T_11
Producto Interno Bruto. Precios corrientes. Base 1993. Valores anuales.,Millones de pesos corrientes,Actividad,A,2,PIB a precios constantes 2004 en millones de pesos | PIB a precios corrientes en millones de pesos.,9.1_PP2_2004_A_16 | 9.1_PPC_2004_A_22
Producto Interno Bruto. Precios corrientes. Base 1993. Valores trimestrales.,Millones de pesos corrientes,Actividad,T,2,PIB a precios constantes 2004 en millones de pesos | PIB a precios corrientes en millones de pesos.,9.2_PP2_2004_T_16 | 9.2_PPC_2004_T_22
Remuneración bruta de los asalariados registrados del sector privado. Pesos corrientes. Valores mensuales.,Pesos,Empleo e Ingresos,M,2,Asalariados. Sector privado. Remuneracion mediana. | Asalariados. Sector privado. Remuneracion promedio.,153.1_RNERACIANA_2009_M_20 | 153.1_RNERACIDIO_2009_M_21
Reservas internacionales y pasivos financieros del BCRA,Millones de dólares,Dinero y Bancos,D,2,"Pasivos monetarios, en millones de dólares (letras) | Reservas internacionales del BCRA, en millones de dólares",92.2_PASIVOS_MORES_0_0_33_100 | 92.2_RESERVAS_IRES_0_0_32_40
Reservas internacionales y pasivos financieros del BCRA,Millones de dólares,Dinero y Bancos,M,2,"Pasivos monetarios, en millones de dólares (letras) | Reservas internacionales del BCRA, en millones de dólares",92.1_PMLD_0_0_33 | 92.1_RID_0_0_32
Salario medio real. Valores mensuales,Reales,Economía Internacional,M,2,Remuneración media real Ocupados | Remuneración media real Todos los trabajos,310.1_REMUNERACIDOS_0_M_32 | 310.1_REMUNERACIJOS_0_M_42
Series históricas de estadísticas monetarias de Argentina,Pesos,Dinero y Bancos,M,2,Tipo de Cambio Moneda de cada momento | Tipo de Cambio En $ equivalentes,174.1_T_DE_CANTO_0_0_37 | 174.1_T_DE_CATES_0_0_32
Tasa de asalariados y asalariados sin descuento jubilatorio de la EPH. Valores anuales.,Porcentaje,Empleo e Ingresos,A,2,Tasa de asalariados sin descuento jubilatorio de la Encuesta Permanente de Hogares | Tasa de asalariados de la Encuesta Permanente de Hogares,52.1_ASDJ_0_0_37 | 52.1_TA_0_0_18
Tasa de asalariados y asalariados sin descuento jubilatorio de la EPH. Valores trimestrales,Porcentaje,Empleo e Ingresos,T,2,Tasa de asalariados sin descuento jubilatorio de la Encuesta Permanente de Hogares | Tasa de asalariados de la Encuesta Permanente de Hogares,52.2_ASDJ_0_0_37 | 52.2_TA_0_0_18
Ventas al Mercado Interno de Producción Nacional. Base 1994. Valores anuales,Miles de hectrolitos,Actividad,A,2,Ventas al mercado interno de Producción Nacional de Cerveza en miles de hectolitros | Ventas al mercado interno de Producción Nacional de Vino en miles de hectolitros,38.1_C_1994_A_7 | 38.1_V_1994_A_4
Ventas al Mercado Interno de Producción Nacional. Base 1994. Valores mensuales,Miles de hectrolitos,Actividad,M,2,Ventas al mercado interno de Producción Nacional de Cerveza en miles de hectolitros | Ventas al mercado interno de Producción Nacional de Vino en miles de hectolitros,38.3_C_1994_M_7 | 38.3_V_1994_M_4
Ventas al Mercado Interno de Producción Nacional. Base 1994. Valores trimestrales,Miles de hectrolitos,Actividad,T,2,Ventas al mercado interno de Producción Nacional de Cerveza en miles de hectolitros | Ventas al mercado interno de Producción Nacional de Vino en miles de hectolitros,38.2_C_1994_T_7 | 38.2_V_1994_T_4
"Ventas totales en autoservicios mayoristas a valores corrientes y constantes y evolución por canal de venta, medio de pago y grupos de artículos",Millones de pesos,Actividad,M,2,Autoservicios mayoristas. Ventas a precios constantes | Autoservicios mayoristas. Ventas a precios corrientes,456.1_VENTAS_PRETES_0_M_25_67 | 456.1_VENTAS_PRETES_0_M_25_91
"Ventas totales en supermercados a valores corrientes y constantes y evolución por canal de venta, medio de pago y grupos de artículos",Millones de pesos,Actividad,M,2,Ventas supermercados. Ventas a precios corrientes | Ventas supermercados. Ventas a precios constantes,455.1_VENTAS_PRETES_0_M_25_30 | 455.1_VENTAS_PRETES_0_M_25_98
Índice de Costo de la Construcción. Base 1993. Valores mensual,Porcentaje,Precios,M,2,ICC. Nivel general Mensual. Variación % anual. Base 1993 | ICC. Nivel general Mensual. Variación % mensual. Base 1993,109.3_I1NGVA_1993_A_38 | 109.3_I1NGVM_1993_A_40
Índice de Costo de la Construcción. Base 1993. Valores trimestral,Porcentaje,Precios,T,2,ICC. Nivel general Trimestral. Variación % anual. Base 1993 | ICC. Nivel general Trimestral. Variación % mensual. Base 1993,109.2_I1NGVA_1993_A_38 | 109.2_I1NGVM_1993_A_40
Índice de Precios Implícitos del Producto Interno Bruto (IPI - PIB). Base 1993. Valores Trimestrales. SERIE DISCONTINUADA,Porcentaje,Precios,T,2,Índice de Precios Implícitos en el PIB corriente. Variación % trimestral. Base 1993 | Índice de Precios Implícitos en el PIB corriente. Variación % interanual. Base 1993,110.2_IPCVA_1993_T_33 | 110.2_IPCVT_1993_T_38
Índice de Precios Internos Básicos al por Mayor. SERIE DISCONTINUADA. Base 1993. Valores trimestrales,Porcentaje,Precios,T,2,IPIB. Nivel general trimestral. Variación % anual. Base 1993 | IPIB. Nivel general trimestral. Variación % mensual. Base 1993,107.2_I1NGVA_1993_T_39 | 107.2_I1NGVM_1993_T_41
Índice de Precios Internos Básicos del Productor. Base 1993. SERIE DISCONTINUADA. Valores trimestrales,Porcentaje,Precios,T,2,IPP. Nivel general trimestral. Variación % anual. Base 1993 | IPP. Nivel general trimestral. Variación % mensual. Base 1993,108.2_I1NGVA_1993_T_38 | 108.2_I1NGVM_1993_T_40
Índice de Precios Internos al por Mayor. Base 1993. SERIE DISCONTINUADA. Valores trimestrales.,Porcentaje,Precios,T,2,IPIM. Nivel general trimestral. Variación % anual. Base 1993 | IPIM. Nivel general trimestral. Variación % trimestral. Base 1993,106.2_I1NGVA_1993_T_39 | 106.2_I1NGVM_1993_T_41
Índice de precios de materias primas. Dólares y pesos. Base 1995. Valores anuales.,Índice Dic-1995=100,Sector Externo,A,2,Índice de materias primas en pesos. Anual (Base 1995) | Índice de materias primas en dólares. Anual (Base 1995),88.1_IPMPP_1995_A_36 | 88.1_IPMPU_1995_A_34
Índice de precios de materias primas. Dólares y pesos. Base 1995. valores mensuales,Índice Dic-1995=100,Sector Externo,M,2,Índice de materias primas en pesos. Mensual (Base 1995) | Índice de materias primas en dólares. Mensual (Base 1995),88.3_IPMPP_1995_M_36 | 88.3_IPMPU_1995_M_34
Índice de precios de materias primas. Dólares y pesos. Base 1995. valores trimestrales.,Índice Dic-1995=100,Sector Externo,T,2,Índice de materias primas en pesos. Trimestral (Base 1995) | Índice de materias primas en dólares. Trimestral (Base 1995),88.2_IPMPP_1995_T_36 | 88.2_IPMPU_1995_T_34
Índices de precios internacionales de productos básicos. Datos anuales,Centavos de dólar por kilogramo,Precios,A,2,Lana fina. Centavos de US$ por Kg. Anual | Lana gruesa. Centavos de US$ por Kg. Anual,121.1_LF_0_0_9 | 121.1_LG_0_0_11
Índices de precios internacionales de productos básicos. Datos mensuales,Centavos de dólar por kilogramo,Precios,M,2,Lana fina. Centavos de US$ por kg. Mensual | Lana gruesa. Centavos de US$ por kg. Mensual,121.3_LF_0_0_9 | 121.3_LG_0_0_11
Índices de precios internacionales de productos básicos. Datos trimestrales,Centavos de dólar por kilogramo,Precios,T,2,Lana fina. Centavos de US$ por kg. Trimestral | Lana gruesa. Centavos de US$ por kg. Trimestral,121.2_LF_0_0_9 | 121.2_LG_0_0_11
